config_id,repetition,query,frag_files,workload_type,scheduler_mode,table_size_mb,avg_file_size_kb,pre_cpu_util_pct,pre_mem_used_pct,pre_disk_read_bytes_sec,pre_disk_write_bytes_sec,pre_disk_read_iops,pre_disk_write_iops,baseline_duration_ms,concurrent_duration_ms,client_start_time_concurrent,client_end_time_concurrent,qir_pct,sla_violation_10pct
frag50_single_stream_FIFO,1,Q14,50.0,single_stream,FIFO,145.0,2969.6,55.82,73.66,4125035.0,15215653.0,533.9,147.4,2191.5082931518555,2959.585189819336,1788182448.3111758,1788182451.270761,35.0478663059414,1
frag50_single_stream_FIFO,2,Q14,50.0,single_stream,FIFO,145.0,2969.6,41.43,78.34,982421.0,71012249.0,32.8,560.3,2181.7281246185303,2086.4856243133545,1788182513.908318,1788182515.9948037,-4.365461453719339,0
frag50_single_stream_FIFO,3,Q14,50.0,single_stream,FIFO,145.0,2969.6,33.85,74.39,562427.0,15207976.0,106.2,127.1,1963.494062423706,2084.3982696533203,1788182542.0718083,1788182544.1562066,6.157604932116373,0
frag50_single_stream_FIFO,4,Q14,50.0,single_stream,FIFO,145.0,2969.6,35.04,81.56,35014455.0,30532782.0,291.0,367.7,2036.893606185913,2371.4780807495117,1788182604.2303488,1788182606.601827,16.42621261844445,1
frag50_multi_stream_FIFO,1,Q1,50.0,multi_stream,FIFO,145.0,2969.6,35.32,78.52,734740.0,47921747.0,17.6,385.8,7739.009141921997,7968.121290206909,1788182708.3922951,1788182716.3604164,2.9604842697990623,0
frag50_multi_stream_FIFO,1,Q3,50.0,multi_stream,FIFO,145.0,2969.6,35.32,78.52,734740.0,47921747.0,17.6,385.8,2522.5510597229004,2840.2395248413086,1788182716.362816,1788182719.2030556,12.593935963908931,1
frag50_multi_stream_FIFO,1,Q6,50.0,multi_stream,FIFO,145.0,2969.6,35.32,78.52,734740.0,47921747.0,17.6,385.8,1752.7012825012207,1961.590051651001,1788182719.204012,1788182721.165602,11.918104427451674,1
frag50_multi_stream_FIFO,1,Q12,50.0,multi_stream,FIFO,145.0,2969.6,35.32,78.52,734740.0,47921747.0,17.6,385.8,2044.9674129486084,2031.5768718719482,1788182721.166306,1788182723.197883,-0.6548046189818023,0
frag50_multi_stream_FIFO,1,Q14,50.0,multi_stream,FIFO,145.0,2969.6,35.32,78.52,734740.0,47921747.0,17.6,385.8,1891.5722370147705,2044.0218448638916,1788182723.1999605,1788182725.2439823,8.05941242242554,0
frag50_multi_stream_FIFO,1,Q18,50.0,multi_stream,FIFO,145.0,2969.6,35.32,78.52,734740.0,47921747.0,17.6,385.8,3930.83119392395,4020.742177963257,1788182725.2448003,1788182729.2655425,2.287327529563869,0
frag50_multi_stream_FIFO,2,Q1,50.0,multi_stream,FIFO,145.0,2969.6,38.94,79.61,17897038.0,545052.0,343.1,39.2,7790.262699127197,8127.367258071899,1788182815.7854679,1788182823.9128351,4.327255343808503,0
frag50_multi_stream_FIFO,2,Q3,50.0,multi_stream,FIFO,145.0,2969.6,38.94,79.61,17897038.0,545052.0,343.1,39.2,2478.4679412841797,2592.69642829895,1788182823.915388,1788182826.5080845,4.608834559126264,0
frag50_multi_stream_FIFO,2,Q6,50.0,multi_stream,FIFO,145.0,2969.6,38.94,79.61,17897038.0,545052.0,343.1,39.2,2048.0268001556396,2068.3035850524902,1788182826.5091171,1788182828.5774207,0.9900644315450196,0
frag50_multi_stream_FIFO,2,Q12,50.0,multi_stream,FIFO,145.0,2969.6,38.94,79.61,17897038.0,545052.0,343.1,39.2,2050.571918487549,2114.8152351379395,1788182828.578233,1788182830.6930482,3.1329462805564465,0
frag50_multi_stream_FIFO,2,Q14,50.0,multi_stream,FIFO,145.0,2969.6,38.94,79.61,17897038.0,545052.0,343.1,39.2,1903.1293392181396,1824.838638305664,1788182830.6952631,1788182832.5201018,-4.113787712643832,0
frag50_multi_stream_FIFO,2,Q18,50.0,multi_stream,FIFO,145.0,2969.6,38.94,79.61,17897038.0,545052.0,343.1,39.2,3953.456163406372,4094.7749614715576,1788182832.5209424,1788182836.6157174,3.5745634256235843,0
frag50_multi_stream_FIFO,3,Q1,50.0,multi_stream,FIFO,145.0,2969.6,42.31,81.04,59328360.0,43357583.0,886.0,353.9,7929.4469356536865,8426.534652709961,1788182853.1392066,1788182861.5657413,6.268882572644338,0
frag50_multi_stream_FIFO,3,Q3,50.0,multi_stream,FIFO,145.0,2969.6,42.31,81.04,59328360.0,43357583.0,886.0,353.9,2662.4956130981445,2741.128921508789,1788182861.567852,1788182864.308981,2.95336856232957,0
frag50_multi_stream_FIFO,3,Q6,50.0,multi_stream,FIFO,145.0,2969.6,42.31,81.04,59328360.0,43357583.0,886.0,353.9,1754.6699047088623,2340.7304286956787,1788182864.3112218,1788182866.6519523,33.40004421424533,1
frag50_multi_stream_FIFO,3,Q12,50.0,multi_stream,FIFO,145.0,2969.6,42.31,81.04,59328360.0,43357583.0,886.0,353.9,2210.1714611053467,2128.4780502319336,1788182866.6526616,1788182868.7811396,-3.696247658204614,0
frag50_multi_stream_FIFO,3,Q14,50.0,multi_stream,FIFO,145.0,2969.6,42.31,81.04,59328360.0,43357583.0,886.0,353.9,1895.5631256103516,2044.9376106262207,1788182868.7818916,1788182870.8268292,7.880216859977803,0
frag50_multi_stream_FIFO,3,Q18,50.0,multi_stream,FIFO,145.0,2969.6,42.31,81.04,59328360.0,43357583.0,886.0,353.9,3993.680000305176,3986.903429031372,1788182870.8275206,1788182874.814424,-0.16968237999253524,0
frag50_multi_stream_FIFO,4,Q1,50.0,multi_stream,FIFO,145.0,2969.6,42.66,81.93,18769262.0,45074880.0,215.8,372.1,7991.7449951171875,8641.30687713623,1788182962.4109428,1788182971.0522497,8.12791051786454,0
frag50_multi_stream_FIFO,4,Q3,50.0,multi_stream,FIFO,145.0,2969.6,42.66,81.93,18769262.0,45074880.0,215.8,372.1,2496.0219860076904,2789.3424034118652,1788182971.0563545,1788182973.845697,11.751515773838662,1
frag50_multi_stream_FIFO,4,Q6,50.0,multi_stream,FIFO,145.0,2969.6,42.66,81.93,18769262.0,45074880.0,215.8,372.1,2025.7258415222168,1975.1167297363281,1788182973.8464596,1788182975.8215764,-2.498319898405345,0
frag50_multi_stream_FIFO,4,Q12,50.0,multi_stream,FIFO,145.0,2969.6,42.66,81.93,18769262.0,45074880.0,215.8,372.1,1994.9729442596436,2213.102340698242,1788182975.822164,1788182978.0352664,10.933952616562872,1
frag50_multi_stream_FIFO,4,Q14,50.0,multi_stream,FIFO,145.0,2969.6,42.66,81.93,18769262.0,45074880.0,215.8,372.1,1891.8747901916504,1797.342300415039,1788182978.0357733,1788182979.8331156,-4.996762484848959,0
frag50_multi_stream_FIFO,4,Q18,50.0,multi_stream,FIFO,145.0,2969.6,42.66,81.93,18769262.0,45074880.0,215.8,372.1,4203.1872272491455,3995.183229446411,1788182979.833749,1788182983.8289323,-4.948720733976594,0
frag200_single_stream_FIFO,1,Q14,200.0,single_stream,FIFO,145.0,742.4,41.22,78.49,2655003.0,22051934.0,91.5,566.5,1991.3058280944824,2105.7610511779785,1788183047.8332536,1788183049.9390147,5.747747104874414,0
frag200_single_stream_FIFO,2,Q14,200.0,single_stream,FIFO,145.0,742.4,49.26,82.17,57218.0,29512017.0,8.4,1160.1,1995.0847625732422,2268.5136795043945,1788183114.1294773,1788183116.397991,13.705127825170004,1
frag200_single_stream_FIFO,3,Q14,200.0,single_stream,FIFO,145.0,742.4,47.91,79.22,49100.0,44184642.0,4.4,339.7,2000.6957054138184,2413.275718688965,1788183145.9810085,1788183148.3942842,20.62182730530776,1
frag200_single_stream_FIFO,4,Q14,200.0,single_stream,FIFO,145.0,742.4,35.36,81.51,11458.0,30378480.0,2.4,296.5,1878.6306381225586,2036.0512733459473,1788183211.8489456,1788183213.884997,8.379541567612762,0
frag200_multi_stream_FIFO,1,Q1,200.0,multi_stream,FIFO,145.0,742.4,38.21,79.52,3274.0,5840476.0,0.8,83.1,7659.664154052734,8382.545709609985,1788183313.1303434,1788183321.5128891,9.43750980484926,0
frag200_multi_stream_FIFO,1,Q3,200.0,multi_stream,FIFO,145.0,742.4,38.21,79.52,3274.0,5840476.0,0.8,83.1,2421.2021827697754,2457.923412322998,1788183321.5196238,1788183323.9775472,1.5166527526922506,0
frag200_multi_stream_FIFO,1,Q6,200.0,multi_stream,FIFO,145.0,742.4,38.21,79.52,3274.0,5840476.0,0.8,83.1,1978.1134128570557,2156.3854217529297,1788183323.978464,1788183326.1348493,9.012223856183745,0
frag200_multi_stream_FIFO,1,Q12,200.0,multi_stream,FIFO,145.0,742.4,38.21,79.52,3274.0,5840476.0,0.8,83.1,1987.515926361084,1946.8693733215332,1788183326.1354861,1788183328.0823555,-2.045093199025077,0
frag200_multi_stream_FIFO,1,Q14,200.0,multi_stream,FIFO,145.0,742.4,38.21,79.52,3274.0,5840476.0,0.8,83.1,1824.6479034423828,1788.9642715454102,1788183328.083103,1788183329.8720672,-1.9556448030138789,0
frag200_multi_stream_FIFO,1,Q18,200.0,multi_stream,FIFO,145.0,742.4,38.21,79.52,3274.0,5840476.0,0.8,83.1,4092.944622039795,4196.026802062988,1788183329.8727527,1788183334.0687795,2.518533465322588,0
frag200_multi_stream_FIFO,2,Q1,200.0,multi_stream,FIFO,145.0,742.4,38.4,80.51,39283.0,57339653.0,4.4,533.5,7623.145818710327,8118.449926376343,1788183420.646643,1788183428.7650928,6.497371550342591,0
frag200_multi_stream_FIFO,2,Q3,200.0,multi_stream,FIFO,145.0,742.4,38.4,80.51,39283.0,57339653.0,4.4,533.5,2412.586450576782,2621.737480163574,1788183428.7676215,1788183431.389359,8.66916207445291,0
frag200_multi_stream_FIFO,2,Q6,200.0,multi_stream,FIFO,145.0,742.4,38.4,80.51,39283.0,57339653.0,4.4,533.5,2004.1601657867432,2309.065341949463,1788183431.3916533,1788183433.7007186,15.213613231506756,1
frag200_multi_stream_FIFO,2,Q12,200.0,multi_stream,FIFO,145.0,742.4,38.4,80.51,39283.0,57339653.0,4.4,533.5,2012.6042366027832,1980.18479347229,1788183433.7014575,1788183435.6816423,-1.6108205747005795,0
frag200_multi_stream_FIFO,2,Q14,200.0,multi_stream,FIFO,145.0,742.4,38.4,80.51,39283.0,57339653.0,4.4,533.5,1997.917890548706,1892.3726081848145,1788183435.6822486,1788183437.5746212,-5.282763764375961,0
frag200_multi_stream_FIFO,2,Q18,200.0,multi_stream,FIFO,145.0,742.4,38.4,80.51,39283.0,57339653.0,4.4,533.5,3914.940357208252,3967.414379119873,1788183437.5752141,1788183441.5426285,1.3403530353918436,0
frag200_multi_stream_FIFO,3,Q1,200.0,multi_stream,FIFO,145.0,742.4,38.71,79.87,39551.0,28098080.0,0.4,254.8,7597.756624221802,7848.700284957886,1788183458.118118,1788183465.9668183,3.302865215977971,0
frag200_multi_stream_FIFO,3,Q3,200.0,multi_stream,FIFO,145.0,742.4,38.71,79.87,39551.0,28098080.0,0.4,254.8,2476.677417755127,2765.777349472046,1788183465.9734216,1788183468.739199,11.672894081578077,1
frag200_multi_stream_FIFO,3,Q6,200.0,multi_stream,FIFO,145.0,742.4,38.71,79.87,39551.0,28098080.0,0.4,254.8,1941.826581954956,1956.7453861236572,1788183468.7399392,1788183470.6966846,0.7682871533091021,0
frag200_multi_stream_FIFO,3,Q12,200.0,multi_stream,FIFO,145.0,742.4,38.71,79.87,39551.0,28098080.0,0.4,254.8,1977.0429134368896,2154.393196105957,1788183470.69752,1788183472.8519132,8.97048220166156,0
frag200_multi_stream_FIFO,3,Q14,200.0,multi_stream,FIFO,145.0,742.4,38.71,79.87,39551.0,28098080.0,0.4,254.8,1840.677261352539,1832.202672958374,1788183472.852464,1788183474.6846666,-0.46040599143045147,0
frag200_multi_stream_FIFO,3,Q18,200.0,multi_stream,FIFO,145.0,742.4,38.71,79.87,39551.0,28098080.0,0.4,254.8,3826.463460922241,3982.0470809936523,1788183474.6853952,1788183478.6674423,4.065989958098617,0
frag200_multi_stream_FIFO,4,Q1,200.0,multi_stream,FIFO,145.0,742.4,40.54,82.04,11462.0,28957872.0,2.4,226.5,7532.6478481292725,7998.087167739868,1788183565.3630614,1788183573.3611486,6.178960293838602,0
frag200_multi_stream_FIFO,4,Q3,200.0,multi_stream,FIFO,145.0,742.4,40.54,82.04,11462.0,28957872.0,2.4,226.5,2393.5019969940186,2764.474391937256,1788183573.3634183,1788183576.1278927,15.499147082774059,1
frag200_multi_stream_FIFO,4,Q6,200.0,multi_stream,FIFO,145.0,742.4,40.54,82.04,11462.0,28957872.0,2.4,226.5,1941.4339065551758,2054.128408432007,1788183576.1288478,1788183578.1829762,5.804704527737075,0
frag200_multi_stream_FIFO,4,Q12,200.0,multi_stream,FIFO,145.0,742.4,40.54,82.04,11462.0,28957872.0,2.4,226.5,2041.2328243255615,2184.666156768799,1788183578.1855605,1788183580.3702266,7.026799232989443,0
frag200_multi_stream_FIFO,4,Q14,200.0,multi_stream,FIFO,145.0,742.4,40.54,82.04,11462.0,28957872.0,2.4,226.5,1834.8774909973145,1824.6188163757324,1788183580.3724246,1788183582.1970434,-0.5590931640894518,0
frag200_multi_stream_FIFO,4,Q18,200.0,multi_stream,FIFO,145.0,742.4,40.54,82.04,11462.0,28957872.0,2.4,226.5,3909.4579219818115,3899.5401859283447,1788183582.1978028,1788183586.097343,-0.253685709154256,0
frag500_single_stream_FIFO,1,Q14,500.0,single_stream,FIFO,145.0,296.96,33.31,81.85,3274.0,67141.0,0.4,1.2,1971.0121154785156,2237.065076828003,1788183648.2708838,1788183650.5079489,13.498291525463094,1
frag500_single_stream_FIFO,2,Q14,500.0,single_stream,FIFO,145.0,296.96,31.53,85.22,52256.0,62222199.0,0.4,494.9,1999.403953552246,2226.344585418701,1788183709.3811672,1788183711.6075118,11.350414280378931,1
frag500_single_stream_FIFO,3,Q14,500.0,single_stream,FIFO,145.0,296.96,32.25,82.0,4910.0,68941942.0,1.2,552.0,1805.3605556488037,1942.009687423706,1788183737.3034096,1788183739.2454193,7.569077065926806,0
frag500_single_stream_FIFO,4,Q14,500.0,single_stream,FIFO,145.0,296.96,32.83,84.01,9820.0,62312253.0,1.6,488.4,2054.044485092163,1939.0418529510498,1788183797.7596798,1788183799.6987216,-5.598838436839074,0
frag500_multi_stream_FIFO,1,Q1,500.0,multi_stream,FIFO,145.0,296.96,32.68,81.38,4912.0,60726276.0,1.2,470.9,7280.556440353394,7547.626972198486,1788183894.6275563,1788183902.1751833,3.6682708805719986,0
frag500_multi_stream_FIFO,1,Q3,500.0,multi_stream,FIFO,145.0,296.96,32.68,81.38,4912.0,60726276.0,1.2,470.9,2227.8976440429688,2306.337833404541,1788183902.17761,1788183904.4839478,3.5208165676420733,0
frag500_multi_stream_FIFO,1,Q6,500.0,multi_stream,FIFO,145.0,296.96,32.68,81.38,4912.0,60726276.0,1.2,470.9,1778.7785530090332,1807.3036670684814,1788183904.4847624,1788183906.292066,1.6036349219071895,0
frag500_multi_stream_FIFO,1,Q12,500.0,multi_stream,FIFO,145.0,296.96,32.68,81.38,4912.0,60726276.0,1.2,470.9,1828.7551403045654,1882.702350616455,1788183906.292781,1788183908.1754835,2.9499416910951317,0
frag500_multi_stream_FIFO,1,Q14,500.0,multi_stream,FIFO,145.0,296.96,32.68,81.38,4912.0,60726276.0,1.2,470.9,1707.5867652893066,1687.4115467071533,1788183908.1762125,1788183909.863624,-1.18150474062354,0
frag500_multi_stream_FIFO,1,Q18,500.0,multi_stream,FIFO,145.0,296.96,32.68,81.38,4912.0,60726276.0,1.2,470.9,3590.2538299560547,3592.4665927886963,1788183909.864348,1788183913.4568145,0.06163248999775278,0
frag500_multi_stream_FIFO,2,Q1,500.0,multi_stream,FIFO,145.0,296.96,34.73,81.56,6537.0,26197.0,1.2,1.2,7107.696533203125,7370.287179946899,1788183995.9492607,1788184003.319548,3.6944549548099013,0
frag500_multi_stream_FIFO,2,Q3,500.0,multi_stream,FIFO,145.0,296.96,34.73,81.56,6537.0,26197.0,1.2,1.2,2251.446485519409,2367.452383041382,1788184003.3218205,1788184005.6892729,5.1525052124527875,0
frag500_multi_stream_FIFO,2,Q6,500.0,multi_stream,FIFO,145.0,296.96,34.73,81.56,6537.0,26197.0,1.2,1.2,1786.5228652954102,1788.3837223052979,1788184005.6901424,1788184007.478526,0.1041608280552286,0
frag500_multi_stream_FIFO,2,Q12,500.0,multi_stream,FIFO,145.0,296.96,34.73,81.56,6537.0,26197.0,1.2,1.2,1826.0676860809326,1867.4395084381104,1788184007.4792223,1788184009.3466618,2.265623704560977,0
frag500_multi_stream_FIFO,2,Q14,500.0,multi_stream,FIFO,145.0,296.96,34.73,81.56,6537.0,26197.0,1.2,1.2,1684.8022937774658,1698.9662647247314,1788184009.3473582,1788184011.0463245,0.8406903883961859,0
frag500_multi_stream_FIFO,2,Q18,500.0,multi_stream,FIFO,145.0,296.96,34.73,81.56,6537.0,26197.0,1.2,1.2,3647.347927093506,3483.193874359131,1788184011.0469902,1788184014.530184,-4.500641452793507,0
frag500_multi_stream_FIFO,3,Q1,500.0,multi_stream,FIFO,145.0,296.96,37.4,84.96,952869.0,2103938.0,56.0,77.9,7340.187549591064,7351.498126983643,1788184030.855665,1788184038.207163,0.15409112255187893,0
frag500_multi_stream_FIFO,3,Q3,500.0,multi_stream,FIFO,145.0,296.96,37.4,84.96,952869.0,2103938.0,56.0,77.9,2278.433322906494,2478.1277179718018,1788184038.2079377,1788184040.6860654,8.76454856315771,0
frag500_multi_stream_FIFO,3,Q6,500.0,multi_stream,FIFO,145.0,296.96,37.4,84.96,952869.0,2103938.0,56.0,77.9,1750.2169609069824,1826.873540878296,1788184040.6867135,1788184042.513587,4.379832996909661,0
frag500_multi_stream_FIFO,3,Q12,500.0,multi_stream,FIFO,145.0,296.96,37.4,84.96,952869.0,2103938.0,56.0,77.9,1850.0614166259766,1883.4826946258545,1788184042.5143232,1788184044.397806,1.8064955952018888,0
frag500_multi_stream_FIFO,3,Q14,500.0,multi_stream,FIFO,145.0,296.96,37.4,84.96,952869.0,2103938.0,56.0,77.9,1660.107135772705,1667.6371097564697,1788184044.3985214,1788184046.0661585,0.45358361647302875,0
frag500_multi_stream_FIFO,3,Q18,500.0,multi_stream,FIFO,145.0,296.96,37.4,84.96,952869.0,2103938.0,56.0,77.9,3534.605026245117,3526.984691619873,1788184046.0668674,1788184049.593852,-0.21559225341054236,0
frag500_multi_stream_FIFO,4,Q1,500.0,multi_stream,FIFO,145.0,296.96,32.04,83.15,14726.0,957209.0,1.2,16.4,7024.952173233032,7573.88162612915,1788184131.5863335,1788184139.1602151,7.813995588292941,0
frag500_multi_stream_FIFO,4,Q3,500.0,multi_stream,FIFO,145.0,296.96,32.04,83.15,14726.0,957209.0,1.2,16.4,2229.557752609253,2458.965539932251,1788184139.1609585,1788184141.619924,10.289385285244212,1
frag500_multi_stream_FIFO,4,Q6,500.0,multi_stream,FIFO,145.0,296.96,32.04,83.15,14726.0,957209.0,1.2,16.4,1759.2713832855225,1808.6588382720947,1788184141.620833,1788184143.4294918,2.80726756859643,0
frag500_multi_stream_FIFO,4,Q12,500.0,multi_stream,FIFO,145.0,296.96,32.04,83.15,14726.0,957209.0,1.2,16.4,1828.3703327178955,1849.9400615692139,1788184143.4302142,1788184145.2801542,1.1797242859029924,0
frag500_multi_stream_FIFO,4,Q14,500.0,multi_stream,FIFO,145.0,296.96,32.04,83.15,14726.0,957209.0,1.2,16.4,1674.6752262115479,1812.241554260254,1788184145.2808127,1788184147.0930543,8.21450785773602,0
frag500_multi_stream_FIFO,4,Q18,500.0,multi_stream,FIFO,145.0,296.96,32.04,83.15,14726.0,957209.0,1.2,16.4,3524.914026260376,3526.998519897461,1788184147.0937452,1788184150.6207438,0.059136013575242445,0
frag50_single_stream_FAIR,1,Q14,50.0,single_stream,FAIR,145.0,2969.6,32.35,70.24,19627.0,977227.0,4.8,13.2,1843.3265686035156,1919.6696281433105,1788184228.9139717,1788184230.8336413,4.141591665856127,0
frag50_single_stream_FAIR,2,Q14,50.0,single_stream,FAIR,145.0,2969.6,32.18,72.72,8176.0,124474209.0,2.0,982.3,2089.1411304473877,1981.4796447753906,1788184288.0228705,1788184290.0043502,-5.153385001277604,0
frag50_single_stream_FAIR,3,Q14,50.0,single_stream,FAIR,145.0,2969.6,31.0,69.48,0.0,83505.0,0.0,2.4,1895.1430320739746,1885.9038352966309,1788184316.2675993,1788184318.1535032,-0.4875197608294881,0
frag50_single_stream_FAIR,4,Q14,50.0,single_stream,FAIR,145.0,2969.6,31.94,71.96,19644.0,93720289.0,4.4,799.3,1869.645118713379,1934.0565204620361,1788184375.0963035,1788184377.03036,3.4451137867801775,0
frag50_multi_stream_FAIR,1,Q1,50.0,multi_stream,FAIR,145.0,2969.6,30.97,68.9,55589.0,61200336.0,1.2,477.7,7998.626947402954,8078.442335128784,1788184472.9103503,1788184480.9887927,0.9978636114757803,0
frag50_multi_stream_FAIR,1,Q3,50.0,multi_stream,FAIR,145.0,2969.6,30.97,68.9,55589.0,61200336.0,1.2,477.7,2304.0761947631836,2391.1032676696777,1788184480.9895263,1788184483.3806295,3.777091795153889,0
frag50_multi_stream_FAIR,1,Q6,50.0,multi_stream,FAIR,145.0,2969.6,30.97,68.9,55589.0,61200336.0,1.2,477.7,1784.820556640625,2105.17954826355,1788184483.3828332,1788184485.4880128,17.949086838505597,1
frag50_multi_stream_FAIR,1,Q12,50.0,multi_stream,FAIR,145.0,2969.6,30.97,68.9,55589.0,61200336.0,1.2,477.7,1887.8154754638672,1870.4173564910889,1788184485.4887285,1788184487.3591459,-0.921600611866121,0
frag50_multi_stream_FAIR,1,Q14,50.0,multi_stream,FAIR,145.0,2969.6,30.97,68.9,55589.0,61200336.0,1.2,477.7,1709.7313404083252,1759.535312652588,1788184487.3598921,1788184489.1194274,2.9129706561013444,0
frag50_multi_stream_FAIR,1,Q18,50.0,multi_stream,FAIR,145.0,2969.6,30.97,68.9,55589.0,61200336.0,1.2,477.7,3836.139678955078,3798.8903522491455,1788184489.1215389,1788184492.9204292,-0.9710106988616984,0
frag50_multi_stream_FAIR,2,Q1,50.0,multi_stream,FAIR,145.0,2969.6,31.92,68.87,216097.0,12778210.0,45.6,248.8,7928.577184677124,8628.17907333374,1788184574.6800928,1788184583.308272,8.82380119863973,0
frag50_multi_stream_FAIR,2,Q3,50.0,multi_stream,FAIR,145.0,2969.6,31.92,68.87,216097.0,12778210.0,45.6,248.8,2316.816806793213,2404.385566711426,1788184583.3090124,1788184585.713398,3.7797015137946914,0
frag50_multi_stream_FAIR,2,Q6,50.0,multi_stream,FAIR,145.0,2969.6,31.92,68.87,216097.0,12778210.0,45.6,248.8,1583.8203430175781,1822.035312652588,1788184585.7141464,1788184587.5361817,15.040529734650967,1
frag50_multi_stream_FAIR,2,Q12,50.0,multi_stream,FAIR,145.0,2969.6,31.92,68.87,216097.0,12778210.0,45.6,248.8,1872.7023601531982,1868.823766708374,1788184587.536711,1788184589.4055347,-0.20711211388161685,0
frag50_multi_stream_FAIR,2,Q14,50.0,multi_stream,FAIR,145.0,2969.6,31.92,68.87,216097.0,12778210.0,45.6,248.8,1702.528476715088,1678.8139343261719,1788184589.4062395,1788184591.0850534,-1.3929013648377617,0
frag50_multi_stream_FAIR,2,Q18,50.0,multi_stream,FAIR,145.0,2969.6,31.92,68.87,216097.0,12778210.0,45.6,248.8,3605.9553623199463,3646.9995975494385,1788184591.0857527,1788184594.7327523,1.1382347008057736,0
frag50_multi_stream_FAIR,3,Q1,50.0,multi_stream,FAIR,145.0,2969.6,30.36,69.41,3355172.0,965969.0,534.9,34.8,7806.535720825195,7915.650367736816,1788184610.1156726,1788184618.031323,1.3977345497893534,0
frag50_multi_stream_FAIR,3,Q3,50.0,multi_stream,FAIR,145.0,2969.6,30.36,69.41,3355172.0,965969.0,534.9,34.8,2290.4391288757324,2346.0888862609863,1788184618.032008,1788184620.3780968,2.4296545009065458,0
frag50_multi_stream_FAIR,3,Q6,50.0,multi_stream,FAIR,145.0,2969.6,30.36,69.41,3355172.0,965969.0,534.9,34.8,1594.850778579712,1802.4094104766846,1788184620.3788798,1788184622.1812892,13.014297932112068,1
frag50_multi_stream_FAIR,3,Q12,50.0,multi_stream,FAIR,145.0,2969.6,30.36,69.41,3355172.0,965969.0,534.9,34.8,2086.540460586548,2112.009048461914,1788184622.1821609,1788184624.29417,1.22061318035533,0
frag50_multi_stream_FAIR,3,Q14,50.0,multi_stream,FAIR,145.0,2969.6,30.36,69.41,3355172.0,965969.0,534.9,34.8,1708.3308696746826,1656.02445602417,1788184624.2949183,1788184625.9509428,-3.0618432634465833,0
frag50_multi_stream_FAIR,3,Q18,50.0,multi_stream,FAIR,145.0,2969.6,30.36,69.41,3355172.0,965969.0,534.9,34.8,3627.2456645965576,3666.8384075164795,1788184625.9517138,1788184629.6185522,1.0915373972698812,0
frag50_multi_stream_FAIR,4,Q1,50.0,multi_stream,FAIR,145.0,2969.6,38.25,69.73,26198.0,140811.0,4.8,16.4,7718.01495552063,8055.356979370117,1788184711.286571,1788184719.341928,4.37083920922166,0
frag50_multi_stream_FAIR,4,Q3,50.0,multi_stream,FAIR,145.0,2969.6,38.25,69.73,26198.0,140811.0,4.8,16.4,2257.052421569824,2372.9560375213623,1788184719.3427577,1788184721.7157137,5.135176074950215,0
frag50_multi_stream_FAIR,4,Q6,50.0,multi_stream,FAIR,145.0,2969.6,38.25,69.73,26198.0,140811.0,4.8,16.4,1588.7565612792969,1974.3547439575195,1788184721.7164848,1788184723.6908395,24.270438409250797,1
frag50_multi_stream_FAIR,4,Q12,50.0,multi_stream,FAIR,145.0,2969.6,38.25,69.73,26198.0,140811.0,4.8,16.4,1853.4107208251953,1864.7558689117432,1788184723.6915705,1788184725.5563264,0.6121227183522843,0
frag50_multi_stream_FAIR,4,Q14,50.0,multi_stream,FAIR,145.0,2969.6,38.25,69.73,26198.0,140811.0,4.8,16.4,1729.1076183319092,1704.1332721710205,1788184725.557032,1788184727.2611654,-1.444348859267749,0
frag50_multi_stream_FAIR,4,Q18,50.0,multi_stream,FAIR,145.0,2969.6,38.25,69.73,26198.0,140811.0,4.8,16.4,3622.684955596924,3729.677200317383,1788184727.2619028,1788184730.99158,2.9533963353661115,0
frag200_single_stream_FAIR,1,Q14,200.0,single_stream,FAIR,145.0,742.4,30.34,69.78,0.0,206179.0,0.0,33.6,1883.6257457733154,1793.2798862457275,1788184790.963371,1788184792.756651,-4.796380583049248,0
frag200_single_stream_FAIR,2,Q14,200.0,single_stream,FAIR,145.0,742.4,30.58,70.14,8312618.0,132995384.0,227.4,1059.7,1902.2090435028076,2042.5081253051758,1788184851.008531,1788184853.0510392,7.375586940960786,0
frag200_single_stream_FAIR,3,Q14,200.0,single_stream,FAIR,145.0,742.4,30.06,69.85,857485.0,57658303.0,140.2,444.1,1723.0312824249268,2038.1135940551758,1788184878.6467717,1788184880.6848853,18.286511385145285,1
frag200_single_stream_FAIR,4,Q14,200.0,single_stream,FAIR,145.0,742.4,29.65,72.93,6549.0,103059.0,1.6,20.4,1663.146734237671,1984.337329864502,1788184938.2194285,1788184940.2037659,19.312222368283923,1
frag200_multi_stream_FAIR,1,Q1,200.0,multi_stream,FAIR,145.0,742.4,28.14,70.42,0.0,60604738.0,0.0,471.7,7601.702451705933,7751.29771232605,1788185034.3810978,1788185042.1323955,1.9679178653795617,0
frag200_multi_stream_FAIR,1,Q3,200.0,multi_stream,FAIR,145.0,742.4,28.14,70.42,0.0,60604738.0,0.0,471.7,2345.210075378418,2406.9881439208984,1788185042.1389902,1788185044.5459783,2.6342232276361037,0
frag200_multi_stream_FAIR,1,Q6,200.0,multi_stream,FAIR,145.0,742.4,28.14,70.42,0.0,60604738.0,0.0,471.7,1870.09596824646,1803.1599521636963,1788185044.5467324,1788185046.3498924,-3.5792824122030393,0
frag200_multi_stream_FAIR,1,Q12,200.0,multi_stream,FAIR,145.0,742.4,28.14,70.42,0.0,60604738.0,0.0,471.7,2123.0809688568115,1864.7379875183105,1788185046.3506224,1788185048.2153604,-12.168305642982972,0
frag200_multi_stream_FAIR,1,Q14,200.0,multi_stream,FAIR,145.0,742.4,28.14,70.42,0.0,60604738.0,0.0,471.7,1744.7450160980225,1675.7097244262695,1788185048.216065,1788185049.8917747,-3.9567553444654417,0
frag200_multi_stream_FAIR,1,Q18,200.0,multi_stream,FAIR,145.0,742.4,28.14,70.42,0.0,60604738.0,0.0,471.7,3771.311044692993,3674.370050430298,1788185049.8924782,1788185053.5668483,-2.5704852533739198,0
frag200_multi_stream_FAIR,2,Q1,200.0,multi_stream,FAIR,145.0,742.4,31.52,75.03,389389.0,7913834.0,47.6,74.8,7669.543266296387,7661.571502685547,1788185137.7161317,1788185145.3777032,-0.10394052597462429,0
frag200_multi_stream_FAIR,2,Q3,200.0,multi_stream,FAIR,145.0,742.4,31.52,75.03,389389.0,7913834.0,47.6,74.8,2203.3987045288086,2496.0830211639404,1788185145.3799968,1788185147.8760798,13.283311641853837,1
frag200_multi_stream_FAIR,2,Q6,200.0,multi_stream,FAIR,145.0,742.4,31.52,75.03,389389.0,7913834.0,47.6,74.8,1815.9515857696533,1742.3241138458252,1788185147.876854,1788185149.619178,-4.054484299074672,0
frag200_multi_stream_FAIR,2,Q12,200.0,multi_stream,FAIR,145.0,742.4,31.52,75.03,389389.0,7913834.0,47.6,74.8,1868.776559829712,1945.814609527588,1788185149.6199288,1788185151.5657434,4.122378852231318,0
frag200_multi_stream_FAIR,2,Q14,200.0,multi_stream,FAIR,145.0,742.4,31.52,75.03,389389.0,7913834.0,47.6,74.8,1713.0787372589111,1706.0019969940186,1788185151.5664275,1788185153.2724295,-0.41310070056768294,0
frag200_multi_stream_FAIR,2,Q18,200.0,multi_stream,FAIR,145.0,742.4,31.52,75.03,389389.0,7913834.0,47.6,74.8,3577.650308609009,3517.439603805542,1788185153.2731328,1788185156.7905724,-1.6829678590604549,0
frag200_multi_stream_FAIR,3,Q1,200.0,multi_stream,FAIR,145.0,742.4,28.06,75.26,0.0,367950.0,0.0,39.5,7370.964050292969,7700.700521469116,1788185172.6132607,1788185180.3139613,4.473451083553197,0
frag200_multi_stream_FAIR,3,Q3,200.0,multi_stream,FAIR,145.0,742.4,28.06,75.26,0.0,367950.0,0.0,39.5,2255.2223205566406,2449.787378311157,1788185180.3206692,1788185182.7704566,8.627311639346203,0
frag200_multi_stream_FAIR,3,Q6,200.0,multi_stream,FAIR,145.0,742.4,28.06,75.26,0.0,367950.0,0.0,39.5,1740.4491901397705,1770.857572555542,1788185182.7711809,1788185184.5420384,1.747157147019585,0
frag200_multi_stream_FAIR,3,Q12,200.0,multi_stream,FAIR,145.0,742.4,28.06,75.26,0.0,367950.0,0.0,39.5,1872.2801208496094,1860.5642318725586,1788185184.542857,1788185186.4034212,-0.6257551338917334,0
frag200_multi_stream_FAIR,3,Q14,200.0,multi_stream,FAIR,145.0,742.4,28.06,75.26,0.0,367950.0,0.0,39.5,1681.2427043914795,1638.9014720916748,1788185186.4040704,1788185188.0429718,-2.518448537454321,0
frag200_multi_stream_FAIR,3,Q18,200.0,multi_stream,FAIR,145.0,742.4,28.06,75.26,0.0,367950.0,0.0,39.5,3572.3109245300293,3576.8356323242188,1788185188.0435975,1788185191.620433,0.12666052563117025,0
frag200_multi_stream_FAIR,4,Q1,200.0,multi_stream,FAIR,145.0,742.4,28.26,76.37,1636.0,1294941.0,0.4,17.6,7420.142412185669,7588.146209716797,1788185273.390779,1788185280.9789252,2.2641586670253804,0
frag200_multi_stream_FAIR,4,Q3,200.0,multi_stream,FAIR,145.0,742.4,28.26,76.37,1636.0,1294941.0,0.4,17.6,2245.584011077881,2442.671775817871,1788185280.9812353,1788185283.423907,8.776681868401266,0
frag200_multi_stream_FAIR,4,Q6,200.0,multi_stream,FAIR,145.0,742.4,28.26,76.37,1636.0,1294941.0,0.4,17.6,1729.4483184814453,1794.3780422210693,1788185283.424729,1788185285.2191072,3.7543604538952655,0
frag200_multi_stream_FAIR,4,Q12,200.0,multi_stream,FAIR,145.0,742.4,28.26,76.37,1636.0,1294941.0,0.4,17.6,1883.8841915130615,1822.4141597747803,1788185285.219813,1788185287.0422273,-3.262941109395421,0
frag200_multi_stream_FAIR,4,Q14,200.0,multi_stream,FAIR,145.0,742.4,28.26,76.37,1636.0,1294941.0,0.4,17.6,1679.0785789489746,1705.1081657409668,1788185287.0429134,1788185288.7480216,1.5502304131761064,0
frag200_multi_stream_FAIR,4,Q18,200.0,multi_stream,FAIR,145.0,742.4,28.26,76.37,1636.0,1294941.0,0.4,17.6,3695.1279640197754,3602.022171020508,1788185288.7486618,1788185292.350684,-2.519690627925688,0
frag500_single_stream_FAIR,1,Q14,500.0,single_stream,FAIR,145.0,296.96,30.15,75.76,1637.0,10657380.0,0.4,109.5,1742.9063320159912,1827.805757522583,1788185352.7373588,1788185354.5651646,4.8711410330576985,0
frag500_single_stream_FAIR,2,Q14,500.0,single_stream,FAIR,145.0,296.96,29.43,79.26,0.0,67110.0,0.0,4.8,2009.6137523651123,1742.7940368652344,1788185412.5274918,1788185414.2702858,-13.277164091152246,0
frag500_single_stream_FAIR,3,Q14,500.0,single_stream,FAIR,145.0,296.96,28.7,76.26,0.0,114585.0,0.0,12.8,2051.5081882476807,1752.7973651885986,1788185440.3904235,1788185442.143221,-14.560547443597061,0
frag500_single_stream_FAIR,4,Q14,500.0,single_stream,FAIR,145.0,296.96,32.4,79.02,42561.0,62968902.0,2.0,506.9,1852.3485660552979,1771.9855308532715,1788185500.041608,1788185501.8135936,-4.338440219875297,0
frag500_multi_stream_FAIR,1,Q1,500.0,multi_stream,FAIR,145.0,296.96,31.56,77.4,3274.0,114543.0,0.8,16.0,7730.4277420043945,7528.816223144531,1788185596.0520985,1788185603.5809147,-2.608025397668204,0
frag500_multi_stream_FAIR,1,Q3,500.0,multi_stream,FAIR,145.0,296.96,31.56,77.4,3274.0,114543.0,0.8,16.0,2192.885160446167,2333.9154720306396,1788185603.5815563,1788185605.9154718,6.43126754324784,0
frag500_multi_stream_FAIR,1,Q6,500.0,multi_stream,FAIR,145.0,296.96,31.56,77.4,3274.0,114543.0,0.8,16.0,1712.8825187683105,1769.8750495910645,1788185605.91623,1788185607.686105,3.3272877852554514,0
frag500_multi_stream_FAIR,1,Q12,500.0,multi_stream,FAIR,145.0,296.96,31.56,77.4,3274.0,114543.0,0.8,16.0,1851.8705368041992,1887.8545761108398,1788185607.6868126,1788185609.5746672,1.9431185167370728,0
frag500_multi_stream_FAIR,1,Q14,500.0,multi_stream,FAIR,145.0,296.96,31.56,77.4,3274.0,114543.0,0.8,16.0,1685.9631538391113,1652.9803276062012,1788185609.5754006,1788185611.228381,-1.9563195172922296,0
frag500_multi_stream_FAIR,1,Q18,500.0,multi_stream,FAIR,145.0,296.96,31.56,77.4,3274.0,114543.0,0.8,16.0,3538.715362548828,3580.0952911376953,1788185611.2291403,1788185614.8092356,1.1693488836881893,0
frag500_multi_stream_FAIR,2,Q1,500.0,multi_stream,FAIR,145.0,296.96,29.54,80.39,80206.0,631797.0,1.2,15.2,7247.7827072143555,7559.814214706421,1788185697.1279783,1788185704.6877925,4.305199536148801,0
frag500_multi_stream_FAIR,2,Q3,500.0,multi_stream,FAIR,145.0,296.96,29.54,80.39,80206.0,631797.0,1.2,15.2,2270.9105014801025,2600.8875370025635,1788185704.6900578,1788185707.2909453,14.530605028573037,1
frag500_multi_stream_FAIR,2,Q6,500.0,multi_stream,FAIR,145.0,296.96,29.54,80.39,80206.0,631797.0,1.2,15.2,1708.59956741333,1762.2737884521484,1788185707.2918339,1788185709.0541077,3.14141604987507,0
frag500_multi_stream_FAIR,2,Q12,500.0,multi_stream,FAIR,145.0,296.96,29.54,80.39,80206.0,631797.0,1.2,15.2,1800.9579181671143,1825.8140087127686,1788185709.0549214,1788185710.8807354,1.3801594304297262,0
frag500_multi_stream_FAIR,2,Q14,500.0,multi_stream,FAIR,145.0,296.96,29.54,80.39,80206.0,631797.0,1.2,15.2,1695.9772109985352,1668.4300899505615,1788185710.8814867,1788185712.5499167,-1.624262452899046,0
frag500_multi_stream_FAIR,2,Q18,500.0,multi_stream,FAIR,145.0,296.96,29.54,80.39,80206.0,631797.0,1.2,15.2,3529.1786193847656,3476.573705673218,1788185712.5506053,1788185716.027179,-1.490571019063874,0
frag500_multi_stream_FAIR,3,Q1,500.0,multi_stream,FAIR,145.0,296.96,30.13,79.88,1637.0,540320.0,0.4,9.6,7312.970876693726,7733.360290527344,1788185731.8554049,1788185739.5887651,5.748544892656278,0
frag500_multi_stream_FAIR,3,Q3,500.0,multi_stream,FAIR,145.0,296.96,30.13,79.88,1637.0,540320.0,0.4,9.6,2189.2096996307373,2390.899181365967,1788185739.5911896,1788185741.9820888,9.212890010913494,0
frag500_multi_stream_FAIR,3,Q6,500.0,multi_stream,FAIR,145.0,296.96,30.13,79.88,1637.0,540320.0,0.4,9.6,1747.7545738220215,1764.4221782684326,1788185741.9829733,1788185743.7473955,0.9536581792466498,0
frag500_multi_stream_FAIR,3,Q12,500.0,multi_stream,FAIR,145.0,296.96,30.13,79.88,1637.0,540320.0,0.4,9.6,1860.0358963012695,1944.3259239196777,1788185743.7478971,1788185745.692223,4.531634458561856,0
frag500_multi_stream_FAIR,3,Q14,500.0,multi_stream,FAIR,145.0,296.96,30.13,79.88,1637.0,540320.0,0.4,9.6,1683.4959983825684,1651.1030197143555,1788185745.6929326,1788185747.3440356,-1.9241494306689588,0
frag500_multi_stream_FAIR,3,Q18,500.0,multi_stream,FAIR,145.0,296.96,30.13,79.88,1637.0,540320.0,0.4,9.6,3742.9752349853516,3527.9715061187744,1788185747.3448021,1788185750.8727736,-5.744193198420096,0
frag500_multi_stream_FAIR,4,Q1,500.0,multi_stream,FAIR,145.0,296.96,28.69,81.2,0.0,17916862.0,0.0,187.7,7441.99275970459,7913.335084915161,1788185833.2384732,1788185841.1518083,6.333549902960148,0
frag500_multi_stream_FAIR,4,Q3,500.0,multi_stream,FAIR,145.0,296.96,28.69,81.2,0.0,17916862.0,0.0,187.7,2207.712173461914,2398.3254432678223,1788185841.154155,1788185843.5524805,8.633972856480085,0
frag500_multi_stream_FAIR,4,Q6,500.0,multi_stream,FAIR,145.0,296.96,28.69,81.2,0.0,17916862.0,0.0,187.7,1741.774559020996,1836.6129398345947,1788185843.5532677,1788185845.3898807,5.444928582887599,0
frag500_multi_stream_FAIR,4,Q12,500.0,multi_stream,FAIR,145.0,296.96,28.69,81.2,0.0,17916862.0,0.0,187.7,1860.8989715576172,1871.4840412139893,1788185845.3907287,1788185847.2622128,0.5688148479931778,0
frag500_multi_stream_FAIR,4,Q14,500.0,multi_stream,FAIR,145.0,296.96,28.69,81.2,0.0,17916862.0,0.0,187.7,1650.5987644195557,1661.8528366088867,1788185847.2627456,1788185848.9245985,0.6818175580840584,0
frag500_multi_stream_FAIR,4,Q18,500.0,multi_stream,FAIR,145.0,296.96,28.69,81.2,0.0,17916862.0,0.0,187.7,3557.8508377075195,3632.6186656951904,1788185848.9253898,1788185852.5580084,2.101488550201478,0
