config_id,frag_files,workload_type,scheduler_mode,repetition,query,client_start_time_baseline,client_end_time_baseline,baseline_duration_ms,client_start_time_concurrent,client_end_time_concurrent,concurrent_duration_ms,table_size_mb,avg_file_size_kb,pre_cpu_util_pct,pre_mem_used_pct,pre_disk_read_bytes_sec,pre_disk_write_bytes_sec,pre_disk_read_iops,pre_disk_write_iops,decision_timestamp,qir_pct,sla_violation_10pct
frag100_single_stream_FIFO,100,single_stream,FIFO,1,Q14,1790692692.1997547,1790692694.6036556,2403.9008617401123,1790692663.442747,1790692665.9234807,2480.733633041382,145.0,1484.8,38.17,79.89,202470779,297376450,1994.7,2452.4,1790692661.405,3.1961705461369387,0
frag100_single_stream_FIFO,100,single_stream,FIFO,2,Q14,1790692710.1972096,1790692712.5927355,2395.525932312012,1790692729.9738083,1790692732.427083,2453.2744884490967,145.0,1484.8,38.12,80.32,9652250,236819320,107.9,1913.0,1790692727.946,2.4106838234620653,0
frag100_single_stream_FIFO,100,single_stream,FIFO,3,Q14,1790692789.2572496,1790692791.5332685,2276.0188579559326,1790692760.8763013,1790692763.3201349,2443.833589553833,145.0,1484.8,38.17,81.27,17825333,302014570,166.7,2482.3,1790692758.85,7.373169647136094,0
frag100_multi_stream_FIFO,100,multi_stream,FIFO,1,Q1,1790692931.6392114,1790692939.6908774,8051.666021347046,1790692892.5339649,1790692900.9747708,8440.805912017822,145.0,1484.8,42.98,83.78,308367049,261465377,3060.6,3239.0,1790692890.502,4.833035667886199,0
frag100_multi_stream_FIFO,100,multi_stream,FIFO,1,Q3,1790692939.6918242,1790692942.6024237,2910.59947013855,1790692900.9757998,1790692904.3858323,3410.0325107574463,145.0,1484.8,42.98,83.78,308367049,261465377,3060.6,3239.0,1790692890.502,17.159112606968304,1
frag100_multi_stream_FIFO,100,multi_stream,FIFO,1,Q6,1790692942.6040022,1790692944.660352,2056.349754333496,1790692904.3869643,1790692906.755004,2368.039608001709,145.0,1484.8,42.98,83.78,308367049,261465377,3060.6,3239.0,1790692890.502,15.157433846619043,1
frag100_multi_stream_FIFO,100,multi_stream,FIFO,1,Q12,1790692944.666992,1790692947.0895233,2422.5313663482666,1790692906.755968,1790692909.3996923,2643.7244415283203,145.0,1484.8,42.98,83.78,308367049,261465377,3060.6,3239.0,1790692890.502,9.13065887412971,0
frag100_multi_stream_FIFO,100,multi_stream,FIFO,1,Q14,1790692947.090262,1790692949.558578,2468.316078186035,1790692909.4006286,1790692911.5332537,2132.625102996826,145.0,1484.8,42.98,83.78,308367049,261465377,3060.6,3239.0,1790692890.502,-13.599999536360361,0
frag100_multi_stream_FIFO,100,multi_stream,FIFO,1,Q18,1790692949.5590992,1790692953.9568434,4397.744178771973,1790692911.5341306,1790692915.7512362,4217.1056270599365,145.0,1484.8,42.98,83.78,308367049,261465377,3060.6,3239.0,1790692890.502,-4.107527504305121,0
frag100_multi_stream_FIFO,100,multi_stream,FIFO,2,Q1,1790692969.705535,1790692978.2896483,8584.113359451294,1790693010.3439727,1790693018.981629,8637.655973434448,145.0,1484.8,43.94,84.8,88932969,330241116,1105.9,2796.8,1790693008.31,0.6237407608812939,0
frag100_multi_stream_FIFO,100,multi_stream,FIFO,2,Q3,1790692978.2963235,1790692981.0968113,2800.487756729126,1790693018.983386,1790693022.136518,3153.1319618225098,145.0,1484.8,43.94,84.8,88932969,330241116,1105.9,2796.8,1790693008.31,12.592242342286122,1
frag100_multi_stream_FIFO,100,multi_stream,FIFO,2,Q6,1790692981.097427,1790692983.3557603,2258.333444595337,1790693022.13715,1790693024.7356043,2598.454236984253,145.0,1484.8,43.94,84.8,88932969,330241116,1105.9,2796.8,1790693008.31,15.060698551974069,1
frag100_multi_stream_FIFO,100,multi_stream,FIFO,2,Q12,1790692983.3564758,1790692985.6621037,2305.627822875977,1790693024.7378175,1790693027.21907,2481.252431869507,145.0,1484.8,43.94,84.8,88932969,330241116,1105.9,2796.8,1790693008.31,7.617214159675628,0
frag100_multi_stream_FIFO,100,multi_stream,FIFO,2,Q14,1790692985.6625674,1790692987.851528,2188.960552215576,1790693027.2200742,1790693029.3496995,2129.6253204345703,145.0,1484.8,43.94,84.8,88932969,330241116,1105.9,2796.8,1790693008.31,-2.710657883758991,0
frag100_multi_stream_FIFO,100,multi_stream,FIFO,2,Q18,1790692987.8520763,1790692992.4143686,4562.292098999023,1790693029.3502274,1790693033.604802,4254.574775695801,145.0,1484.8,43.94,84.8,88932969,330241116,1105.9,2796.8,1790693008.31,-6.744796620337758,0
frag100_multi_stream_FIFO,100,multi_stream,FIFO,3,Q1,1790693090.811664,1790693099.0076692,8196.00534439087,1790693051.7977042,1790693060.3557944,8558.090209960938,145.0,1484.8,41.51,85.29,81965041,273215239,669.0,2277.4,1790693049.753,4.417821247735883,0
frag100_multi_stream_FIFO,100,multi_stream,FIFO,3,Q3,1790693099.0097747,1790693101.8865936,2876.818895339966,1790693060.3567011,1790693063.7566755,3399.9743461608887,145.0,1484.8,41.51,85.29,81965041,273215239,669.0,2277.4,1790693049.753,18.18520629395057,1
frag100_multi_stream_FIFO,100,multi_stream,FIFO,3,Q6,1790693101.889151,1790693103.970971,2081.820011138916,1790693063.7573807,1790693066.1890545,2431.673526763916,145.0,1484.8,41.51,85.29,81965041,273215239,669.0,2277.4,1790693049.753,16.805175939950885,1
frag100_multi_stream_FIFO,100,multi_stream,FIFO,3,Q12,1790693103.9732518,1790693106.2741709,2300.9190559387207,1790693066.1913905,1790693068.7194755,2528.0849933624268,145.0,1484.8,41.51,85.29,81965041,273215239,669.0,2277.4,1790693049.753,9.872834806482478,0
frag100_multi_stream_FIFO,100,multi_stream,FIFO,3,Q14,1790693106.275177,1790693108.6824403,2407.2632789611816,1790693068.7200112,1790693070.8646617,2144.650459289551,145.0,1484.8,41.51,85.29,81965041,273215239,669.0,2277.4,1790693049.753,-10.909185628626275,0
frag100_multi_stream_FIFO,100,multi_stream,FIFO,3,Q18,1790693108.6830118,1790693112.9423249,4259.313106536865,1790693070.8651805,1790693075.1769907,4311.810255050659,145.0,1484.8,41.51,85.29,81965041,273215239,669.0,2277.4,1790693049.753,1.2325261656210569,0
frag350_single_stream_FIFO,350,single_stream,FIFO,1,Q14,1790693212.0485218,1790693214.2488315,2200.3097534179688,1790693181.8436306,1790693184.1707182,2327.087640762329,145.0,424.23,42.88,87.28,56136927,258900371,612.7,2223.9,1790693179.807,5.761819995908446,0
frag350_single_stream_FIFO,350,single_stream,FIFO,2,Q14,1790693230.6487403,1790693232.846678,2197.9377269744878,1790693251.3350143,1790693253.7149882,2379.973888397217,145.0,424.23,44.1,87.21,287180844,251254478,3009.0,2193.8,1790693249.269,8.282134620497462,0
frag350_single_stream_FIFO,350,single_stream,FIFO,3,Q14,1790693312.1375113,1790693314.3339024,2196.3911056518555,1790693282.5679555,1790693285.1633687,2595.4129695892334,145.0,424.23,43.09,87.12,321369626,288497006,4057.6,2600.3,1790693280.528,18.16715897777023,1
frag350_multi_stream_FIFO,350,multi_stream,FIFO,1,Q1,1790693453.5360205,1790693461.6012723,8065.252065658569,1790693413.2169137,1790693421.9257677,8708.85419845581,145.0,424.23,44.05,87.17,311794907,279547426,2980.7,2435.4,1790693411.179,7.97993822831237,0
frag350_multi_stream_FIFO,350,multi_stream,FIFO,1,Q3,1790693461.6018777,1790693464.5338953,2932.0178031921387,1790693421.9280005,1790693425.1198075,3191.8070316314697,145.0,424.23,44.05,87.17,311794907,279547426,2980.7,2435.4,1790693411.179,8.860424658966737,0
frag350_multi_stream_FIFO,350,multi_stream,FIFO,1,Q6,1790693464.5344422,1790693466.5481532,2013.7109756469729,1790693425.1205332,1790693427.708049,2587.5158309936523,145.0,424.23,44.05,87.17,311794907,279547426,2980.7,2435.4,1790693411.179,28.494896352358868,1
frag350_multi_stream_FIFO,350,multi_stream,FIFO,1,Q12,1790693466.5490718,1790693468.8466225,2297.550678253174,1790693427.7111726,1790693430.2731478,2561.975240707397,145.0,424.23,44.05,87.17,311794907,279547426,2980.7,2435.4,1790693411.179,11.50897627447613,1
frag350_multi_stream_FIFO,350,multi_stream,FIFO,1,Q14,1790693468.8471773,1790693471.016365,2169.1877841949463,1790693430.2737093,1790693432.3831737,2109.464406967163,145.0,424.23,44.05,87.17,311794907,279547426,2980.7,2435.4,1790693411.179,-2.7532598912338253,0
frag350_multi_stream_FIFO,350,multi_stream,FIFO,1,Q18,1790693471.017236,1790693475.2659392,4248.703241348267,1790693432.3837297,1790693436.6926851,4308.955430984497,145.0,424.23,44.05,87.17,311794907,279547426,2980.7,2435.4,1790693411.179,1.4181312794421075,0
frag350_multi_stream_FIFO,350,multi_stream,FIFO,2,Q1,1790693491.5434752,1790693499.6934247,8149.949550628662,1790693531.7247703,1790693540.239094,8514.323711395264,145.0,424.23,43.65,88.73,98211108,327444934,2793.6,2850.8,1790693529.679,4.470876273565335,0
frag350_multi_stream_FIFO,350,multi_stream,FIFO,2,Q3,1790693499.6942203,1790693502.5903406,2896.120309829712,1790693540.2414365,1790693543.5974069,3355.9703826904297,145.0,424.23,43.65,88.73,98211108,327444934,2793.6,2850.8,1790693529.679,15.878141225692255,1
frag350_multi_stream_FIFO,350,multi_stream,FIFO,2,Q6,1790693502.5907714,1790693504.6028187,2012.047290802002,1790693543.598076,1790693545.9682877,2370.211601257324,145.0,424.23,43.65,88.73,98211108,327444934,2793.6,2850.8,1790693529.679,17.80098867917553,1
frag350_multi_stream_FIFO,350,multi_stream,FIFO,2,Q12,1790693504.6033854,1790693506.923402,2320.016622543335,1790693545.9712844,1790693548.5837088,2612.424373626709,145.0,424.23,43.65,88.73,98211108,327444934,2793.6,2850.8,1790693529.679,12.603692070224046,1
frag350_multi_stream_FIFO,350,multi_stream,FIFO,2,Q14,1790693506.9239445,1790693509.0152538,2091.3093090057373,1790693548.5843654,1790693550.7548351,2170.4697608947754,145.0,424.23,43.65,88.73,98211108,327444934,2793.6,2850.8,1790693529.679,3.785210133582441,0
frag350_multi_stream_FIFO,350,multi_stream,FIFO,2,Q18,1790693509.0161998,1790693513.2369142,4220.714330673218,1790693550.7553968,1790693555.248451,4493.054151535034,145.0,424.23,43.65,88.73,98211108,327444934,2793.6,2850.8,1790693529.679,6.452458032580881,0
frag350_multi_stream_FIFO,350,multi_stream,FIFO,3,Q1,1790693613.6046932,1790693621.605006,8000.312805175781,1790693573.861971,1790693582.4483051,8586.334466934204,145.0,424.23,45.78,88.44,125817248,253680727,2912.3,2348.6,1790693571.791,7.3249843603527305,0
frag350_multi_stream_FIFO,350,multi_stream,FIFO,3,Q3,1790693621.6071506,1790693624.5023203,2895.169734954834,1790693582.450633,1790693585.54838,3097.7468490600586,145.0,424.23,45.78,88.44,125817248,253680727,2912.3,2348.6,1790693571.791,6.997072111503849,0
frag350_multi_stream_FIFO,350,multi_stream,FIFO,3,Q6,1790693624.503023,1790693626.5225954,2019.572734832764,1790693585.5513878,1790693587.952026,2400.6383419036865,145.0,424.23,45.78,88.44,125817248,253680727,2912.3,2348.6,1790693571.791,18.868625056105138,1
frag350_multi_stream_FIFO,350,multi_stream,FIFO,3,Q12,1790693626.5233333,1790693628.812116,2288.7825965881348,1790693587.9534214,1790693590.3447776,2391.3562297821045,145.0,424.23,45.78,88.44,125817248,253680727,2912.3,2348.6,1790693571.791,4.481580441361063,0
frag350_multi_stream_FIFO,350,multi_stream,FIFO,3,Q14,1790693628.8126397,1790693631.236447,2423.8078594207764,1790693590.34578,1790693592.5039797,2158.199548721313,145.0,424.23,45.78,88.44,125817248,253680727,2912.3,2348.6,1790693571.791,-10.958307180460107,0
frag350_multi_stream_FIFO,350,multi_stream,FIFO,3,Q18,1790693631.2369485,1790693635.4357386,4198.7903118133545,1790693592.5045278,1790693597.012778,4508.250236511231,145.0,424.23,45.78,88.44,125817248,253680727,2912.3,2348.6,1790693571.791,7.370216222210647,0
frag750_single_stream_FIFO,750,single_stream,FIFO,1,Q14,1790693734.2572732,1790693736.6350794,2377.8061866760254,1790693704.5401397,1790693706.991372,2451.2321949005127,145.0,197.97,44.5,90.22,149998854,319166183,3413.2,2848.3,1790693702.484,3.0879727976118496,0
frag750_single_stream_FIFO,750,single_stream,FIFO,2,Q14,1790693753.3453271,1790693755.6064873,2261.160135269165,1790693774.3492029,1790693776.6810756,2331.872701644897,145.0,197.97,41.74,89.07,43711717,315734951,1051.8,2788.6,1790693772.294,3.1272692841506537,0
frag750_single_stream_FIFO,750,single_stream,FIFO,3,Q14,1790693836.8255205,1790693839.110656,2285.1357460021973,1790693806.4307392,1790693808.8341591,2403.4199714660645,145.0,197.97,44.22,90.6,187543720,293685857,4498.1,2562.5,1790693804.377,5.176245029241841,0
frag750_multi_stream_FIFO,750,multi_stream,FIFO,1,Q1,1790693976.9553905,1790693984.6553493,7699.958801269531,1790693937.1228957,1790693945.525796,8402.900457382202,145.0,197.97,42.73,91.4,214047407,314083007,3507.1,2784.9,1790693935.063,9.129161262483292,0
frag750_multi_stream_FIFO,750,multi_stream,FIFO,1,Q3,1790693984.655952,1790693987.439469,2783.5171222686768,1790693945.5304976,1790693948.7686296,3238.1319999694824,145.0,197.97,42.73,91.4,214047407,314083007,3507.1,2784.9,1790693935.063,16.332390200290074,1
frag750_multi_stream_FIFO,750,multi_stream,FIFO,1,Q6,1790693987.441543,1790693989.6150165,2173.473358154297,1790693948.7698116,1790693951.1476684,2377.856731414795,145.0,197.97,42.73,91.4,214047407,314083007,3507.1,2784.9,1790693935.063,9.40353708471768,0
frag750_multi_stream_FIFO,750,multi_stream,FIFO,1,Q12,1790693989.6169643,1790693991.963626,2346.6618061065674,1790693951.150323,1790693953.8391895,2688.86661529541,145.0,197.97,42.73,91.4,214047407,314083007,3507.1,2784.9,1790693935.063,14.582621505082036,1
frag750_multi_stream_FIFO,750,multi_stream,FIFO,1,Q14,1790693991.9645834,1790693994.397828,2433.2447052001958,1790693953.8404007,1790693955.938918,2098.517417907715,145.0,197.97,42.73,91.4,214047407,314083007,3507.1,2784.9,1790693935.063,-13.75641695950762,0
frag750_multi_stream_FIFO,750,multi_stream,FIFO,1,Q18,1790693994.3987088,1790693998.7583623,4359.65371131897,1790693955.939498,1790693960.3983192,4458.821296691895,145.0,197.97,42.73,91.4,214047407,314083007,3507.1,2784.9,1790693935.063,2.2746665661875136,0
frag750_multi_stream_FIFO,750,multi_stream,FIFO,2,Q1,1790694015.2081609,1790694023.1454637,7937.302827835083,1790694056.0548084,1790694064.3311057,8276.297092437744,145.0,197.97,48.54,91.63,273532962,292220534,5407.6,2605.4,1790694053.986,4.270899976423384,0
frag750_multi_stream_FIFO,750,multi_stream,FIFO,2,Q3,1790694023.1461082,1790694025.8766525,2730.544328689575,1790694064.3322854,1790694067.2527883,2920.5029010772705,145.0,197.97,48.54,91.63,273532962,292220534,5407.6,2605.4,1790694053.986,6.956802363243778,0
frag750_multi_stream_FIFO,750,multi_stream,FIFO,2,Q6,1790694025.8772438,1790694028.2007625,2323.518753051758,1790694067.2537034,1790694070.2276232,2973.9198684692383,145.0,197.97,48.54,91.63,273532962,292220534,5407.6,2605.4,1790694053.986,27.992075147369917,1
frag750_multi_stream_FIFO,750,multi_stream,FIFO,2,Q12,1790694028.2076504,1790694030.5069568,2299.3063926696777,1790694070.2288415,1790694072.509443,2280.601501464844,145.0,197.97,48.54,91.63,273532962,292220534,5407.6,2605.4,1790694053.986,-0.8135014656796419,0
frag750_multi_stream_FIFO,750,multi_stream,FIFO,2,Q14,1790694030.5076065,1790694032.8294,2321.793794631958,1790694072.5103333,1790694074.9288058,2418.4725284576416,145.0,197.97,48.54,91.63,273532962,292220534,5407.6,2605.4,1790694053.986,4.16396727604351,0
frag750_multi_stream_FIFO,750,multi_stream,FIFO,2,Q18,1790694032.8301492,1790694037.1437294,4313.580274581909,1790694074.930945,1790694079.134038,4203.0930519104,145.0,197.97,48.54,91.63,273532962,292220534,5407.6,2605.4,1790694053.986,-2.5613809327384707,0
frag750_multi_stream_FIFO,750,multi_stream,FIFO,3,Q1,1790694137.4901798,1790694145.3213992,7831.219434738159,1790694097.6915736,1790694106.2057245,8514.150857925415,145.0,197.97,44.7,91.84,389904790,283732219,3540.8,2667.9,1790694095.619,8.720626830578526,0
frag750_multi_stream_FIFO,750,multi_stream,FIFO,3,Q3,1790694145.3239553,1790694147.9978864,2673.931121826172,1790694106.207836,1790694109.5261488,3318.312883377075,145.0,197.97,44.7,91.84,389904790,283732219,3540.8,2667.9,1790694095.619,24.09866717549629,1
frag750_multi_stream_FIFO,750,multi_stream,FIFO,3,Q6,1790694147.998382,1790694150.0291064,2030.72452545166,1790694109.5269506,1790694111.901856,2374.9053478240967,145.0,197.97,44.7,91.84,389904790,283732219,3540.8,2667.9,1790694095.619,16.948671179114577,1
frag750_multi_stream_FIFO,750,multi_stream,FIFO,3,Q12,1790694150.0303645,1790694152.3073692,2277.0047187805176,1790694111.903375,1790694114.2131498,2309.775114059448,145.0,197.97,44.7,91.84,389904790,283732219,3540.8,2667.9,1790694095.619,1.4391887293268704,0
frag750_multi_stream_FIFO,750,multi_stream,FIFO,3,Q14,1790694152.3079896,1790694154.423255,2115.265369415283,1790694114.2136428,1790694116.5599885,2346.3454246521,145.0,197.97,44.7,91.84,389904790,283732219,3540.8,2667.9,1790694095.619,10.924400246797102,1
frag750_multi_stream_FIFO,750,multi_stream,FIFO,3,Q18,1790694154.424336,1790694158.6062448,4181.908845901489,1790694116.5608883,1790694120.6473608,4086.472511291504,145.0,197.97,44.7,91.84,389904790,283732219,3540.8,2667.9,1790694095.619,-2.2821237412555857,0
frag100_single_stream_FAIR,100,single_stream,FAIR,1,Q14,1790694395.849047,1790694398.2017734,2352.726459503174,1790694366.9992256,1790694369.5044084,2505.1827430725098,145.0,1484.8,42.06,82.88,109708586,252044567,925.5,2135.7,1790694364.969,6.479983380708449,0
frag100_single_stream_FAIR,100,single_stream,FAIR,2,Q14,1790694414.0597672,1790694416.4023824,2342.615127563477,1790694434.1385508,1790694436.5149157,2376.3647079467773,145.0,1484.8,38.36,81.43,1166127,283134456,179.8,3640.1,1790694432.113,1.440679691093894,0
frag100_single_stream_FAIR,100,single_stream,FAIR,3,Q14,1790694492.73707,1790694495.0472894,2310.2192878723145,1790694464.102879,1790694466.4769745,2374.0954399108887,145.0,1484.8,37.18,81.34,14050442,252929238,295.6,2061.8,1790694462.075,2.7649389118122816,0
frag100_multi_stream_FAIR,100,multi_stream,FAIR,1,Q1,1790694635.2967138,1790694643.8338952,8537.181377410889,1790694596.329162,1790694605.2949903,8965.82841873169,145.0,1484.8,40.42,84.19,175422220,282394157,1638.7,2351.4,1790694593.794,5.02094335789781,0
frag100_multi_stream_FAIR,100,multi_stream,FAIR,1,Q3,1790694643.8360364,1790694646.50491,2668.8735485076904,1790694605.295946,1790694608.338231,3042.285203933716,145.0,1484.8,40.42,84.19,175422220,282394157,1638.7,2351.4,1790694593.794,13.991358100679582,1
frag100_multi_stream_FAIR,100,multi_stream,FAIR,1,Q6,1790694646.5054822,1790694648.6362965,2130.8140754699707,1790694608.3388631,1790694610.6608052,2321.942090988159,145.0,1484.8,40.42,84.19,175422220,282394157,1638.7,2351.4,1790694593.794,8.96971808655025,0
frag100_multi_stream_FAIR,100,multi_stream,FAIR,1,Q12,1790694648.6371176,1790694650.8956175,2258.49986076355,1790694610.6630738,1790694612.8531106,2190.0367736816406,145.0,1484.8,40.42,84.19,175422220,282394157,1638.7,2351.4,1790694593.794,-3.031352282605999,0
frag100_multi_stream_FAIR,100,multi_stream,FAIR,1,Q14,1790694650.8961558,1790694652.9472566,2051.100730895996,1790694612.85367,1790694615.2466958,2393.0256366729736,145.0,1484.8,40.42,84.19,175422220,282394157,1638.7,2351.4,1790694593.794,16.67031270705131,1
frag100_multi_stream_FAIR,100,multi_stream,FAIR,1,Q18,1790694652.947776,1790694657.4398797,4492.103576660156,1790694615.2473266,1790694619.857515,4610.188722610474,145.0,1484.8,40.42,84.19,175422220,282394157,1638.7,2351.4,1790694593.794,2.6287271416415727,0
frag100_multi_stream_FAIR,100,multi_stream,FAIR,2,Q1,1790694672.6024766,1790694681.040139,8437.662363052368,1790694712.337243,1790694721.776195,9438.951969146729,145.0,1484.8,36.19,85.01,8141161,271062957,195.7,2327.5,1790694710.292,11.866907716986896,1
frag100_multi_stream_FAIR,100,multi_stream,FAIR,2,Q3,1790694681.0467305,1790694683.9599824,2913.252115249634,1790694721.7767253,1790694724.8548725,3078.1471729278564,145.0,1484.8,36.19,85.01,8141161,271062957,195.7,2327.5,1790694710.292,5.6601712160463995,0
frag100_multi_stream_FAIR,100,multi_stream,FAIR,2,Q6,1790694683.960715,1790694685.9786494,2017.9343223571775,1790694724.8559215,1790694727.6511846,2795.2628135681152,145.0,1484.8,36.19,85.01,8141161,271062957,195.7,2327.5,1790694710.292,38.5210005399447,1
frag100_multi_stream_FAIR,100,multi_stream,FAIR,2,Q12,1790694685.9852252,1790694688.4196916,2434.466361999512,1790694727.6540847,1790694729.9208062,2266.721487045288,145.0,1484.8,36.19,85.01,8141161,271062957,195.7,2327.5,1790694710.292,-6.890416625697362,0
frag100_multi_stream_FAIR,100,multi_stream,FAIR,2,Q14,1790694688.420212,1790694690.6243627,2204.150676727295,1790694729.9229178,1790694731.9938588,2070.940971374512,145.0,1484.8,36.19,85.01,8141161,271062957,195.7,2327.5,1790694710.292,-6.0435843501666335,0
frag100_multi_stream_FAIR,100,multi_stream,FAIR,2,Q18,1790694690.6250553,1790694694.8898654,4264.810085296631,1790694731.9943955,1790694736.4536283,4459.232568740845,145.0,1484.8,36.19,85.01,8141161,271062957,195.7,2327.5,1790694710.292,4.558760637771545,0
frag100_multi_stream_FAIR,100,multi_stream,FAIR,3,Q1,1790694795.1112487,1790694803.44532,8334.071397781372,1790694754.080028,1790694763.3804097,9300.381660461426,145.0,1484.8,40.76,85.37,19112873,272322842,221.6,2359.5,1790694752.034,11.594696236191314,1
frag100_multi_stream_FAIR,100,multi_stream,FAIR,3,Q3,1790694803.4478366,1790694806.184611,2736.774444580078,1790694763.3827844,1790694766.5703528,3187.568426132202,145.0,1484.8,40.76,85.37,19112873,272322842,221.6,2359.5,1790694752.034,16.47172577356087,1
frag100_multi_stream_FAIR,100,multi_stream,FAIR,3,Q6,1790694806.185565,1790694808.1038268,1918.261766433716,1790694766.5708892,1790694769.4067633,2835.874080657959,145.0,1484.8,40.76,85.37,19112873,272322842,221.6,2359.5,1790694752.034,47.83561504904499,1
frag100_multi_stream_FAIR,100,multi_stream,FAIR,3,Q12,1790694808.11044,1790694810.329741,2219.300985336304,1790694769.409281,1790694771.8066604,2397.3793983459477,145.0,1484.8,40.76,85.37,19112873,272322842,221.6,2359.5,1790694752.034,8.024076688392865,0
frag100_multi_stream_FAIR,100,multi_stream,FAIR,3,Q14,1790694810.3303118,1790694812.378332,2048.020124435425,1790694771.807295,1790694774.0014925,2194.197416305542,145.0,1484.8,40.76,85.37,19112873,272322842,221.6,2359.5,1790694752.034,7.1374929438456425,0
frag100_multi_stream_FAIR,100,multi_stream,FAIR,3,Q18,1790694812.378889,1790694816.525952,4147.0627784729,1790694774.002101,1790694778.8987646,4896.663665771484,145.0,1484.8,40.76,85.37,19112873,272322842,221.6,2359.5,1790694752.034,18.07546515065331,1
frag350_single_stream_FAIR,350,single_stream,FAIR,1,Q14,1790694914.734513,1790694916.974423,2239.909887313843,1790694884.5242505,1790694887.0516348,2527.3845195770264,145.0,424.23,41.85,88.03,82851268,247665833,2243.9,2123.1,1790694882.473,12.83420524599454,1
frag350_single_stream_FAIR,350,single_stream,FAIR,2,Q14,1790694933.4964695,1790694935.7660549,2269.585371017456,1790694954.887039,1790694957.2876182,2400.5792140960693,145.0,424.23,46.46,92.22,350644413,255789808,3589.2,2264.0,1790694952.84,5.771708116883424,0
frag350_single_stream_FAIR,350,single_stream,FAIR,3,Q14,1790695015.874508,1790695018.653216,2778.70774269104,1790694986.6392145,1790694988.9910064,2351.792097091675,145.0,424.23,41.2,91.86,192489419,270303434,3060.2,3842.2,1790694984.604,-15.363819628829287,0
frag350_multi_stream_FAIR,350,multi_stream,FAIR,1,Q1,1790695162.946937,1790695171.6462698,8699.332475662231,1790695121.6496215,1790695130.7249043,9075.28305053711,145.0,424.23,41.06,91.62,272744665,351040704,3539.1,3126.3,1790695119.592,4.321602558893566,0
frag350_multi_stream_FAIR,350,multi_stream,FAIR,1,Q3,1790695171.6476345,1790695174.739962,3092.32759475708,1790695130.7261508,1790695134.1615572,3435.406446456909,145.0,424.23,41.06,91.62,272744665,351040704,3539.1,3126.3,1790695119.592,11.094518325985444,1
frag350_multi_stream_FAIR,350,multi_stream,FAIR,1,Q6,1790695174.740748,1790695176.7951193,2054.371356964112,1790695134.1624906,1790695136.7078393,2545.348644256592,145.0,424.23,41.06,91.62,272744665,351040704,3539.1,3126.3,1790695119.592,23.899149763168012,1
frag350_multi_stream_FAIR,350,multi_stream,FAIR,1,Q12,1790695176.797386,1790695179.2193806,2421.994686126709,1790695136.709281,1790695139.1295948,2420.313835144043,145.0,424.23,41.06,91.62,272744665,351040704,3539.1,3126.3,1790695119.592,-0.06939944964759845,0
frag350_multi_stream_FAIR,350,multi_stream,FAIR,1,Q14,1790695179.220312,1790695181.7970593,2576.747179031372,1790695139.1316752,1790695141.518392,2386.716842651367,145.0,424.23,41.06,91.62,272744665,351040704,3539.1,3126.3,1790695119.592,-7.374814957649023,0
frag350_multi_stream_FAIR,350,multi_stream,FAIR,1,Q18,1790695181.7980132,1790695186.0327482,4234.735012054443,1790695141.5192392,1790695145.792361,4273.1218338012695,145.0,424.23,41.06,91.62,272744665,351040704,3539.1,3126.3,1790695119.592,0.9064751782001856,0
frag350_multi_stream_FAIR,350,multi_stream,FAIR,2,Q1,1790695202.9110072,1790695211.6573172,8746.309995651245,1790695244.213798,1790695252.9558854,8742.087364196777,145.0,424.23,39.61,93.5,336056293,283650943,2966.5,2552.8,1790695242.161,-0.048279005164089873,0
frag350_multi_stream_FAIR,350,multi_stream,FAIR,2,Q3,1790695211.6581268,1790695214.4642706,2806.1437606811523,1790695252.9587002,1790695255.9189177,2960.2174758911133,145.0,424.23,39.61,93.5,336056293,283650943,2966.5,2552.8,1790695242.161,5.490585242595044,0
frag350_multi_stream_FAIR,350,multi_stream,FAIR,2,Q6,1790695214.4651484,1790695216.7662828,2301.1343479156494,1790695255.9200091,1790695258.1373515,2217.3423767089844,145.0,424.23,39.61,93.5,336056293,283650943,2966.5,2552.8,1790695242.161,-3.641333296448475,0
frag350_multi_stream_FAIR,350,multi_stream,FAIR,2,Q12,1790695216.7686749,1790695219.16125,2392.575025558472,1790695258.1386974,1790695260.7090628,2570.3654289245605,145.0,424.23,39.61,93.5,336056293,283650943,2966.5,2552.8,1790695242.161,7.430922811901741,0
frag350_multi_stream_FAIR,350,multi_stream,FAIR,2,Q14,1790695219.161781,1790695221.3385675,2176.786422729492,1790695260.709703,1790695262.8218014,2112.098455429077,145.0,424.23,39.61,93.5,336056293,283650943,2966.5,2552.8,1790695242.161,-2.9717186135010074,0
frag350_multi_stream_FAIR,350,multi_stream,FAIR,2,Q18,1790695221.3393624,1790695225.826552,4487.189531326294,1790695262.8223011,1790695267.193345,4371.043920516968,145.0,424.23,39.61,93.5,336056293,283650943,2966.5,2552.8,1790695242.161,-2.588382104176389,0
frag350_multi_stream_FAIR,350,multi_stream,FAIR,3,Q1,1790695326.0341892,1790695334.6209862,8586.796998977661,1790695285.459262,1790695294.492655,9033.393144607544,145.0,424.23,39.47,91.49,199156751,343718138,2523.8,3020.4,1790695283.406,5.200963126099921,0
frag350_multi_stream_FAIR,350,multi_stream,FAIR,3,Q3,1790695334.6221056,1790695337.5875006,2965.394973754883,1790695294.493959,1790695297.6602547,3166.2957668304443,145.0,424.23,39.47,91.49,199156751,343718138,2523.8,3020.4,1790695283.406,6.774840952170839,0
frag350_multi_stream_FAIR,350,multi_stream,FAIR,3,Q6,1790695337.5882766,1790695339.6225514,2034.2748165130613,1790695297.6618526,1790695300.2894297,2627.577066421509,145.0,424.23,39.47,91.49,199156751,343718138,2523.8,3020.4,1790695283.406,29.16529492929689,1
frag350_multi_stream_FAIR,350,multi_stream,FAIR,3,Q12,1790695339.6252449,1790695341.90823,2282.985210418701,1790695300.290774,1790695302.709918,2419.1441535949707,145.0,424.23,39.47,91.49,199156751,343718138,2523.8,3020.4,1790695283.406,5.96407469285786,0
frag350_multi_stream_FAIR,350,multi_stream,FAIR,3,Q14,1790695341.908785,1790695344.0334852,2124.699831008911,1790695302.7111318,1790695304.9385755,2227.4436950683594,145.0,424.23,39.47,91.49,199156751,343718138,2523.8,3020.4,1790695283.406,4.835688437489094,0
frag350_multi_stream_FAIR,350,multi_stream,FAIR,3,Q18,1790695344.034155,1790695348.1977625,4163.607597351074,1790695304.939562,1790695309.35281,4413.24782371521,145.0,424.23,39.47,91.49,199156751,343718138,2523.8,3020.4,1790695283.406,5.995767385066719,0
frag750_single_stream_FAIR,750,single_stream,FAIR,1,Q14,1790695445.260313,1790695447.3797174,2119.4043159484863,1790695416.4217806,1790695418.903408,2481.6274642944336,145.0,197.97,38.04,91.06,143396999,300921905,2622.1,2683.9,1790695414.362,17.090799788422785,1
frag750_single_stream_FAIR,750,single_stream,FAIR,2,Q14,1790695463.965592,1790695466.1025078,2136.915683746338,1790695484.7995813,1790695487.0349112,2235.3298664093018,145.0,197.97,46.17,92.76,187322939,309697497,3075.8,2839.9,1790695482.747,4.605431248949834,0
frag750_single_stream_FAIR,750,single_stream,FAIR,3,Q14,1790695545.2885268,1790695547.4943328,2205.806016921997,1790695516.1949575,1790695518.8002057,2605.247974395752,145.0,197.97,40.56,92.46,248761009,320017566,4352.3,3053.3,1790695514.143,18.108662067716182,1
frag750_multi_stream_FAIR,750,multi_stream,FAIR,1,Q1,1790695693.169356,1790695702.1666863,8997.330665588379,1790695650.151181,1790695658.9593437,8808.162689208984,145.0,197.97,47.18,95.94,490164262,313621383,6489.0,3073.0,1790695648.08,-2.1024899874236636,0
frag750_multi_stream_FAIR,750,multi_stream,FAIR,1,Q3,1790695702.1677244,1790695705.3318243,3164.099931716919,1790695658.9635928,1790695663.047528,4083.935260772705,145.0,197.97,47.18,95.94,490164262,313621383,6489.0,3073.0,1790695648.08,29.070994877101136,1
frag750_multi_stream_FAIR,750,multi_stream,FAIR,1,Q6,1790695705.332688,1790695708.152177,2819.4892406463623,1790695663.0498068,1790695666.374898,3325.0911235809326,145.0,197.97,47.18,95.94,490164262,313621383,6489.0,3073.0,1790695648.08,17.932392705944928,1
frag750_multi_stream_FAIR,750,multi_stream,FAIR,1,Q12,1790695708.1537452,1790695710.8407888,2687.0436668396,1790695666.3773563,1790695668.9552584,2577.90207862854,145.0,197.97,47.18,95.94,490164262,313621383,6489.0,3073.0,1790695648.08,-4.061772034372194,0
frag750_multi_stream_FAIR,750,multi_stream,FAIR,1,Q14,1790695710.8418803,1790695713.951493,3109.6127033233643,1790695668.956724,1790695671.7882862,2831.562280654907,145.0,197.97,47.18,95.94,490164262,313621383,6489.0,3073.0,1790695648.08,-8.94164158678969,0
frag750_multi_stream_FAIR,750,multi_stream,FAIR,1,Q18,1790695713.9535365,1790695719.2122085,5258.671760559082,1790695671.789703,1790695676.0846565,4294.9535846710205,145.0,197.97,47.18,95.94,490164262,313621383,6489.0,3073.0,1790695648.08,-18.326266018657204,0
frag750_multi_stream_FAIR,750,multi_stream,FAIR,2,Q1,1790695736.517254,1790695745.1408818,8623.62790107727,1790695791.8183846,1790695828.1043,36285.91537475586,145.0,197.97,49.27,98.96,2869402667,66992498,60970.4,1486.5,1790695788.695,320.7732034706993,1
frag750_multi_stream_FAIR,750,multi_stream,FAIR,2,Q3,1790695745.1432004,1790695748.4103894,3267.1890258789062,1790695828.1094062,1790695845.7254553,17616.04905128479,145.0,197.97,49.27,98.96,2869402667,66992498,60970.4,1486.5,1790695788.695,439.18058954504164,1
frag750_multi_stream_FAIR,750,multi_stream,FAIR,2,Q6,1790695748.4122293,1790695750.9321942,2519.9649333953857,1790695845.7450414,1790695851.051399,5306.357622146606,145.0,197.97,49.27,98.96,2869402667,66992498,60970.4,1486.5,1790695788.695,110.57267709661546,1
frag750_multi_stream_FAIR,750,multi_stream,FAIR,2,Q12,1790695750.9338634,1790695754.1220462,3188.182830810547,1790695851.0616448,1790695973.0352812,121973.63638877869,145.0,197.97,49.27,98.96,2869402667,66992498,60970.4,1486.5,1790695788.695,3725.804317432095,1
frag750_multi_stream_FAIR,750,multi_stream,FAIR,2,Q14,1790695754.1268556,1790695759.0880048,4961.149215698242,1790695973.0414424,1790695975.8250985,2783.656120300293,145.0,197.97,49.27,98.96,2869402667,66992498,60970.4,1486.5,1790695788.695,-43.890901094203116,0
frag750_multi_stream_FAIR,750,multi_stream,FAIR,2,Q18,1790695759.0952048,1790695765.456536,6361.331224441528,1790695975.8269455,1790695980.241027,4414.081573486328,145.0,197.97,49.27,98.96,2869402667,66992498,60970.4,1486.5,1790695788.695,-30.610725683854835,0
frag750_multi_stream_FAIR,750,multi_stream,FAIR,3,Q1,1790696041.7143822,1790696051.4092104,9694.828271865845,1790695998.9506898,1790696009.007092,10056.402206420898,145.0,197.97,42.02,95.01,387160066,298317027,5223.1,7310.9,1790695996.884,3.729554814336758,0
frag750_multi_stream_FAIR,750,multi_stream,FAIR,3,Q3,1790696051.4101665,1790696054.9552395,3545.0730323791504,1790696009.0086827,1790696012.2446938,3236.011028289795,145.0,197.97,42.02,95.01,387160066,298317027,5223.1,7310.9,1790695996.884,-8.718071567680495,0
frag750_multi_stream_FAIR,750,multi_stream,FAIR,3,Q6,1790696054.958259,1790696057.7027445,2744.485378265381,1790696012.246853,1790696015.4456627,3198.8096237182617,145.0,197.97,42.02,95.01,387160066,298317027,5223.1,7310.9,1790695996.884,16.554077826424095,1
frag750_multi_stream_FAIR,750,multi_stream,FAIR,3,Q12,1790696057.70428,1790696060.7288182,3024.538278579712,1790696015.447458,1790696017.9748046,2527.346611022949,145.0,197.97,42.02,95.01,387160066,298317027,5223.1,7310.9,1790695996.884,-16.438597291955524,0
frag750_multi_stream_FAIR,750,multi_stream,FAIR,3,Q14,1790696060.7314436,1790696063.640383,2908.9393615722656,1790696017.9760046,1790696020.4112031,2435.1985454559326,145.0,197.97,42.02,95.01,387160066,298317027,5223.1,7310.9,1790695996.884,-16.285688948162836,0
frag750_multi_stream_FAIR,750,multi_stream,FAIR,3,Q18,1790696063.6411383,1790696068.9731271,5331.98881149292,1790696020.4120698,1790696024.7576482,4345.57843208313,145.0,197.97,42.02,95.01,387160066,298317027,5223.1,7310.9,1790695996.884,-18.49985838836751,0
