config_id,frag_level,ood_type,mean_actual_qir,mean_predicted_qir,mae
frag100_multi_stream_FAIR,100,Interpolation,11.17008989376606,3.83387409431703,9.409395511287425
frag100_multi_stream_FIFO,100,Interpolation,5.256418560598486,2.020286538465402,5.72213398995101
frag100_single_stream_FAIR,100,Interpolation,3.5618673278715414,2.3262367671072406,1.3185386442593885
frag100_single_stream_FIFO,100,Interpolation,4.326674672245033,3.204664170100724,1.2633758471701466
frag350_multi_stream_FAIR,350,Interpolation,5.243664220952152,2.9513244007197006,4.948989783445451
frag350_multi_stream_FIFO,350,Interpolation,8.365813573789788,5.7017430484308465,6.393571923615264
frag350_single_stream_FAIR,350,Interpolation,1.0806979113495583,6.403452506703643,8.54563719199637
frag350_single_stream_FIFO,350,Interpolation,10.73703786472538,9.694491938894918,3.940548838978889
frag750_multi_stream_FAIR,750,Extrapolation,249.76343306482173,7.361227290887165,266.09716813612005
frag750_multi_stream_FIFO,750,Extrapolation,7.656902913554068,5.241492765592212,7.060538980775418
frag750_single_stream_FAIR,750,Extrapolation,13.26829770169627,12.653315057086651,7.306645974014278
frag750_single_stream_FIFO,750,Extrapolation,3.7971623703347817,3.413121796960992,2.1587547733669923
