config_id,frag_files,workload_type,scheduler_mode,repetition,client_start_time,client_end_time,duration_ms
frag50_single_stream_FIFO,50,single_stream,FIFO,0,1788182410.9894643,1788182428.6898992,17700.434923171997
frag50_single_stream_FIFO,50,single_stream,FIFO,1,1788182446.2748013,1788182463.81005,17535.24875640869
frag50_single_stream_FIFO,50,single_stream,FIFO,2,1788182511.8834412,1788182526.2473793,14363.938093185425
frag50_single_stream_FIFO,50,single_stream,FIFO,3,1788182540.5535069,1788182554.8525007,14298.993825912476
frag50_single_stream_FIFO,50,single_stream,FIFO,4,1788182602.712522,1788182616.8437076,14131.185531616211
frag50_multi_stream_FIFO,50,multi_stream,FIFO,0,1788182669.59303,1788182691.9651031,22372.07317352295
frag50_multi_stream_FIFO,50,multi_stream,FIFO,1,1788182706.8707974,1788182729.2659097,22395.11227607727
frag50_multi_stream_FIFO,50,multi_stream,FIFO,2,1788182814.2570388,1788182836.6160853,22359.046459197998
frag50_multi_stream_FIFO,50,multi_stream,FIFO,3,1788182851.6053164,1788182874.8147192,23209.402799606323
frag50_multi_stream_FIFO,50,multi_stream,FIFO,4,1788182960.8815506,1788182983.8291888,22947.638273239136
frag200_single_stream_FIFO,200,single_stream,FIFO,0,1788183016.7687888,1788183030.950003,14181.214094161987
frag200_single_stream_FIFO,200,single_stream,FIFO,1,1788183046.2910814,1788183060.5632682,14272.186756134033
frag200_single_stream_FIFO,200,single_stream,FIFO,2,1788183112.0705214,1788183127.6848514,15614.330053329468
frag200_single_stream_FIFO,200,single_stream,FIFO,3,1788183143.9333158,1788183160.041382,16108.066320419312
frag200_single_stream_FIFO,200,single_stream,FIFO,4,1788183210.3117366,1788183224.1476152,13835.878610610962
frag200_multi_stream_FIFO,200,multi_stream,FIFO,0,1788183273.8210545,1788183295.848724,22027.669429779053
frag200_multi_stream_FIFO,200,multi_stream,FIFO,1,1788183311.0749795,1788183334.069025,22994.04549598694
frag200_multi_stream_FIFO,200,multi_stream,FIFO,2,1788183419.106668,1788183441.5428672,22436.199188232422
frag200_multi_stream_FIFO,200,multi_stream,FIFO,3,1788183456.572928,1788183478.6676917,22094.76375579834
frag200_multi_stream_FIFO,200,multi_stream,FIFO,4,1788183563.8206773,1788183586.09757,22276.89266204834
frag500_single_stream_FIFO,500,single_stream,FIFO,0,1788183618.1282487,1788183632.0651693,13936.920642852783
frag500_single_stream_FIFO,500,single_stream,FIFO,1,1788183646.7295215,1788183660.31076,13581.238508224487
frag500_single_stream_FIFO,500,single_stream,FIFO,2,1788183707.8381956,1788183721.3835518,13545.356273651123
frag500_single_stream_FIFO,500,single_stream,FIFO,3,1788183735.7568157,1788183749.2347882,13477.972507476807
frag500_single_stream_FIFO,500,single_stream,FIFO,4,1788183796.2166617,1788183810.1434376,13926.775932312012
frag500_multi_stream_FIFO,500,multi_stream,FIFO,0,1788183857.950536,1788183878.880725,20930.18889427185
frag500_multi_stream_FIFO,500,multi_stream,FIFO,1,1788183893.0793438,1788183913.4570365,20377.692699432373
frag500_multi_stream_FIFO,500,multi_stream,FIFO,2,1788183993.8832762,1788184014.5304482,20647.17197418213
frag500_multi_stream_FIFO,500,multi_stream,FIFO,3,1788184029.303396,1788184049.5941112,20290.715217590332
frag500_multi_stream_FIFO,500,multi_stream,FIFO,4,1788184130.027651,1788184150.620964,20593.312978744507
frag50_single_stream_FAIR,50,single_stream,FAIR,0,1788184199.3352802,1788184213.1169198,13781.639575958252
frag50_single_stream_FAIR,50,single_stream,FAIR,1,1788184227.389965,1788184240.863579,13473.613977432251
frag50_single_stream_FAIR,50,single_stream,FAIR,2,1788184286.5030262,1788184300.375717,13872.690677642822
frag50_single_stream_FAIR,50,single_stream,FAIR,3,1788184314.24205,1788184327.8467326,13604.682683944702
frag50_single_stream_FAIR,50,single_stream,FAIR,4,1788184373.5784707,1788184386.8594673,13280.996561050415
frag50_multi_stream_FAIR,50,multi_stream,FAIR,0,1788184436.3337984,1788184457.4669266,21133.12816619873
frag50_multi_stream_FAIR,50,multi_stream,FAIR,1,1788184471.3902829,1788184492.9207535,21530.470609664917
frag50_multi_stream_FAIR,50,multi_stream,FAIR,2,1788184573.1583557,1788184594.732983,21574.62739944458
frag50_multi_stream_FAIR,50,multi_stream,FAIR,3,1788184608.5916696,1788184629.618786,21027.116537094116
frag50_multi_stream_FAIR,50,multi_stream,FAIR,4,1788184709.757687,1788184730.9918246,21234.137535095215
frag200_single_stream_FAIR,200,single_stream,FAIR,0,1788184761.394591,1788184775.3049033,13910.312175750732
frag200_single_stream_FAIR,200,single_stream,FAIR,1,1788184789.381686,1788184803.1716614,13789.97540473938
frag200_single_stream_FAIR,200,single_stream,FAIR,2,1788184849.480999,1788184862.8080323,13327.033281326294
frag200_single_stream_FAIR,200,single_stream,FAIR,3,1788184877.1169336,1788184890.5534904,13436.556816101074
frag200_single_stream_FAIR,200,single_stream,FAIR,4,1788184936.6893156,1788184949.9924011,13303.085565567017
frag200_multi_stream_FAIR,200,multi_stream,FAIR,0,1788184998.1172795,1788185018.658735,20541.455507278442
frag200_multi_stream_FAIR,200,multi_stream,FAIR,1,1788185032.8462741,1788185053.567089,20720.8149433136
frag200_multi_stream_FAIR,200,multi_stream,FAIR,2,1788185136.1800473,1788185156.790828,20610.780715942383
frag200_multi_stream_FAIR,200,multi_stream,FAIR,3,1788185171.0765593,1788185191.6206858,20544.126510620117
frag200_multi_stream_FAIR,200,multi_stream,FAIR,4,1788185271.8444612,1788185292.3509176,20506.45637512207
frag500_single_stream_FAIR,500,single_stream,FAIR,0,1788185323.3997602,1788185336.844596,13444.835662841797
frag500_single_stream_FAIR,500,single_stream,FAIR,1,1788185351.1938376,1788185364.6461122,13452.274560928345
frag500_single_stream_FAIR,500,single_stream,FAIR,2,1788185410.981792,1788185424.7707574,13788.965463638306
frag500_single_stream_FAIR,500,single_stream,FAIR,3,1788185438.8451984,1788185452.200806,13355.607509613037
frag500_single_stream_FAIR,500,single_stream,FAIR,4,1788185498.500553,1788185512.0997968,13599.243879318237
frag500_multi_stream_FAIR,500,multi_stream,FAIR,0,1788185559.1813216,1788185580.2795062,21098.18458557129
frag500_multi_stream_FAIR,500,multi_stream,FAIR,1,1788185594.510651,1788185614.8094828,20298.831701278687
frag500_multi_stream_FAIR,500,multi_stream,FAIR,2,1788185695.5796757,1788185716.0274625,20447.786808013916
frag500_multi_stream_FAIR,500,multi_stream,FAIR,3,1788185730.3073864,1788185750.8730085,20565.622091293335
frag500_multi_stream_FAIR,500,multi_stream,FAIR,4,1788185831.6872232,1788185852.5582838,20871.060609817505
