config_id,frag_files,workload_type,scheduler_mode,repetition,run_type,query,client_start_time,client_end_time,duration_ms
frag50_single_stream_FIFO,50,single_stream,FIFO,0,baseline,Q14,1788182392.9105318,1788182396.0490928,3138.561010360718
frag50_single_stream_FIFO,50,single_stream,FIFO,0,concurrent,Q14,1788182413.6447957,1788182416.7993996,3154.603958129883
frag50_single_stream_FIFO,50,single_stream,FIFO,1,concurrent,Q14,1788182448.3111758,1788182451.270761,2959.585189819336
frag50_single_stream_FIFO,50,single_stream,FIFO,1,baseline,Q14,1788182478.2362585,1788182480.4277668,2191.5082931518555
frag50_single_stream_FIFO,50,single_stream,FIFO,2,baseline,Q14,1788182495.1787207,1788182497.3604488,2181.7281246185303
frag50_single_stream_FIFO,50,single_stream,FIFO,2,concurrent,Q14,1788182513.908318,1788182515.9948037,2086.4856243133545
frag50_single_stream_FIFO,50,single_stream,FIFO,3,concurrent,Q14,1788182542.0718083,1788182544.1562066,2084.3982696533203
frag50_single_stream_FIFO,50,single_stream,FIFO,3,baseline,Q14,1788182569.5826967,1788182571.5461907,1963.494062423706
frag50_single_stream_FIFO,50,single_stream,FIFO,4,baseline,Q14,1788182586.0454762,1788182588.0823698,2036.893606185913
frag50_single_stream_FIFO,50,single_stream,FIFO,4,concurrent,Q14,1788182604.2303488,1788182606.601827,2371.4780807495117
frag50_multi_stream_FIFO,50,multi_stream,FIFO,0,baseline,Q1,1788182631.5330176,1788182640.4067001,8873.682498931885
frag50_multi_stream_FIFO,50,multi_stream,FIFO,0,baseline,Q3,1788182640.4076066,1788182643.46315,3055.5434226989746
frag50_multi_stream_FIFO,50,multi_stream,FIFO,0,baseline,Q6,1788182643.4639027,1788182645.5117695,2047.8668212890625
frag50_multi_stream_FIFO,50,multi_stream,FIFO,0,baseline,Q12,1788182645.5155547,1788182647.966099,2450.5443572998047
frag50_multi_stream_FIFO,50,multi_stream,FIFO,0,baseline,Q14,1788182647.9669201,1788182650.0688913,2101.97114944458
frag50_multi_stream_FIFO,50,multi_stream,FIFO,0,baseline,Q18,1788182650.0694478,1788182654.820343,4750.895261764526
frag50_multi_stream_FIFO,50,multi_stream,FIFO,0,concurrent,Q1,1788182671.1147914,1788182679.1523209,8037.529468536377
frag50_multi_stream_FIFO,50,multi_stream,FIFO,0,concurrent,Q3,1788182679.1547163,1788182681.9933844,2838.66810798645
frag50_multi_stream_FIFO,50,multi_stream,FIFO,0,concurrent,Q6,1788182681.994191,1788182683.9767888,1982.597827911377
frag50_multi_stream_FIFO,50,multi_stream,FIFO,0,concurrent,Q12,1788182683.9775186,1788182686.1010268,2123.5082149505615
frag50_multi_stream_FIFO,50,multi_stream,FIFO,0,concurrent,Q14,1788182686.1017792,1788182687.9305108,1828.7315368652344
frag50_multi_stream_FIFO,50,multi_stream,FIFO,0,concurrent,Q18,1788182687.9311447,1788182691.9648404,4033.695697784424
frag50_multi_stream_FIFO,50,multi_stream,FIFO,1,concurrent,Q1,1788182708.3922951,1788182716.3604164,7968.121290206909
frag50_multi_stream_FIFO,50,multi_stream,FIFO,1,concurrent,Q3,1788182716.362816,1788182719.2030556,2840.2395248413086
frag50_multi_stream_FIFO,50,multi_stream,FIFO,1,concurrent,Q6,1788182719.204012,1788182721.165602,1961.590051651001
frag50_multi_stream_FIFO,50,multi_stream,FIFO,1,concurrent,Q12,1788182721.166306,1788182723.197883,2031.5768718719482
frag50_multi_stream_FIFO,50,multi_stream,FIFO,1,concurrent,Q14,1788182723.1999605,1788182725.2439823,2044.0218448638916
frag50_multi_stream_FIFO,50,multi_stream,FIFO,1,concurrent,Q18,1788182725.2448003,1788182729.2655425,4020.742177963257
frag50_multi_stream_FIFO,50,multi_stream,FIFO,1,baseline,Q1,1788182744.0553722,1788182751.7943814,7739.009141921997
frag50_multi_stream_FIFO,50,multi_stream,FIFO,1,baseline,Q3,1788182751.7950466,1788182754.3175976,2522.5510597229004
frag50_multi_stream_FIFO,50,multi_stream,FIFO,1,baseline,Q6,1788182754.318174,1788182756.0708752,1752.7012825012207
frag50_multi_stream_FIFO,50,multi_stream,FIFO,1,baseline,Q12,1788182756.0715847,1788182758.116552,2044.9674129486084
frag50_multi_stream_FIFO,50,multi_stream,FIFO,1,baseline,Q14,1788182758.117198,1788182760.0087702,1891.5722370147705
frag50_multi_stream_FIFO,50,multi_stream,FIFO,1,baseline,Q18,1788182760.0094998,1788182763.940331,3930.83119392395
frag50_multi_stream_FIFO,50,multi_stream,FIFO,2,baseline,Q1,1788182778.932508,1788182786.7227707,7790.262699127197
frag50_multi_stream_FIFO,50,multi_stream,FIFO,2,baseline,Q3,1788182786.7248967,1788182789.2033646,2478.4679412841797
frag50_multi_stream_FIFO,50,multi_stream,FIFO,2,baseline,Q6,1788182789.2040656,1788182791.2520924,2048.0268001556396
frag50_multi_stream_FIFO,50,multi_stream,FIFO,2,baseline,Q12,1788182791.2527573,1788182793.3033292,2050.571918487549
frag50_multi_stream_FIFO,50,multi_stream,FIFO,2,baseline,Q14,1788182793.3042517,1788182795.207381,1903.1293392181396
frag50_multi_stream_FIFO,50,multi_stream,FIFO,2,baseline,Q18,1788182795.2083352,1788182799.1617913,3953.456163406372
frag50_multi_stream_FIFO,50,multi_stream,FIFO,2,concurrent,Q1,1788182815.7854679,1788182823.9128351,8127.367258071899
frag50_multi_stream_FIFO,50,multi_stream,FIFO,2,concurrent,Q3,1788182823.915388,1788182826.5080845,2592.69642829895
frag50_multi_stream_FIFO,50,multi_stream,FIFO,2,concurrent,Q6,1788182826.5091171,1788182828.5774207,2068.3035850524902
frag50_multi_stream_FIFO,50,multi_stream,FIFO,2,concurrent,Q12,1788182828.578233,1788182830.6930482,2114.8152351379395
frag50_multi_stream_FIFO,50,multi_stream,FIFO,2,concurrent,Q14,1788182830.6952631,1788182832.5201018,1824.838638305664
frag50_multi_stream_FIFO,50,multi_stream,FIFO,2,concurrent,Q18,1788182832.5209424,1788182836.6157174,4094.7749614715576
frag50_multi_stream_FIFO,50,multi_stream,FIFO,3,concurrent,Q1,1788182853.1392066,1788182861.5657413,8426.534652709961
frag50_multi_stream_FIFO,50,multi_stream,FIFO,3,concurrent,Q3,1788182861.567852,1788182864.308981,2741.128921508789
frag50_multi_stream_FIFO,50,multi_stream,FIFO,3,concurrent,Q6,1788182864.3112218,1788182866.6519523,2340.7304286956787
frag50_multi_stream_FIFO,50,multi_stream,FIFO,3,concurrent,Q12,1788182866.6526616,1788182868.7811396,2128.4780502319336
frag50_multi_stream_FIFO,50,multi_stream,FIFO,3,concurrent,Q14,1788182868.7818916,1788182870.8268292,2044.9376106262207
frag50_multi_stream_FIFO,50,multi_stream,FIFO,3,concurrent,Q18,1788182870.8275206,1788182874.814424,3986.903429031372
frag50_multi_stream_FIFO,50,multi_stream,FIFO,3,baseline,Q1,1788182889.6931462,1788182897.6225932,7929.4469356536865
frag50_multi_stream_FIFO,50,multi_stream,FIFO,3,baseline,Q3,1788182897.6250596,1788182900.2875552,2662.4956130981445
frag50_multi_stream_FIFO,50,multi_stream,FIFO,3,baseline,Q6,1788182900.2882934,1788182902.0429633,1754.6699047088623
frag50_multi_stream_FIFO,50,multi_stream,FIFO,3,baseline,Q12,1788182902.0436642,1788182904.2538357,2210.1714611053467
frag50_multi_stream_FIFO,50,multi_stream,FIFO,3,baseline,Q14,1788182904.2545226,1788182906.1500857,1895.5631256103516
frag50_multi_stream_FIFO,50,multi_stream,FIFO,3,baseline,Q18,1788182906.150872,1788182910.144552,3993.680000305176
frag50_multi_stream_FIFO,50,multi_stream,FIFO,4,baseline,Q1,1788182925.122891,1788182933.114636,7991.7449951171875
frag50_multi_stream_FIFO,50,multi_stream,FIFO,4,baseline,Q3,1788182933.115405,1788182935.611427,2496.0219860076904
frag50_multi_stream_FIFO,50,multi_stream,FIFO,4,baseline,Q6,1788182935.6119883,1788182937.6377141,2025.7258415222168
frag50_multi_stream_FIFO,50,multi_stream,FIFO,4,baseline,Q12,1788182937.6386347,1788182939.6336076,1994.9729442596436
frag50_multi_stream_FIFO,50,multi_stream,FIFO,4,baseline,Q14,1788182939.634724,1788182941.5265987,1891.8747901916504
frag50_multi_stream_FIFO,50,multi_stream,FIFO,4,baseline,Q18,1788182941.5290232,1788182945.7322104,4203.1872272491455
frag50_multi_stream_FIFO,50,multi_stream,FIFO,4,concurrent,Q1,1788182962.4109428,1788182971.0522497,8641.30687713623
frag50_multi_stream_FIFO,50,multi_stream,FIFO,4,concurrent,Q3,1788182971.0563545,1788182973.845697,2789.3424034118652
frag50_multi_stream_FIFO,50,multi_stream,FIFO,4,concurrent,Q6,1788182973.8464596,1788182975.8215764,1975.1167297363281
frag50_multi_stream_FIFO,50,multi_stream,FIFO,4,concurrent,Q12,1788182975.822164,1788182978.0352664,2213.102340698242
frag50_multi_stream_FIFO,50,multi_stream,FIFO,4,concurrent,Q14,1788182978.0357733,1788182979.8331156,1797.342300415039
frag50_multi_stream_FIFO,50,multi_stream,FIFO,4,concurrent,Q18,1788182979.833749,1788182983.8289323,3995.183229446411
frag200_single_stream_FIFO,200,single_stream,FIFO,0,baseline,Q14,1788182999.263919,1788183001.2490604,1985.1412773132324
frag200_single_stream_FIFO,200,single_stream,FIFO,0,concurrent,Q14,1788183018.3281667,1788183020.3269427,1998.7759590148926
frag200_single_stream_FIFO,200,single_stream,FIFO,1,concurrent,Q14,1788183047.8332536,1788183049.9390147,2105.7610511779785
frag200_single_stream_FIFO,200,single_stream,FIFO,1,baseline,Q14,1788183075.6639764,1788183077.6552823,1991.3058280944824
frag200_single_stream_FIFO,200,single_stream,FIFO,2,baseline,Q14,1788183093.5224845,1788183095.5175693,1995.0847625732422
frag200_single_stream_FIFO,200,single_stream,FIFO,2,concurrent,Q14,1788183114.1294773,1788183116.397991,2268.5136795043945
frag200_single_stream_FIFO,200,single_stream,FIFO,3,concurrent,Q14,1788183145.9810085,1788183148.3942842,2413.275718688965
frag200_single_stream_FIFO,200,single_stream,FIFO,3,baseline,Q14,1788183176.3227057,1788183178.3234015,2000.6957054138184
frag200_single_stream_FIFO,200,single_stream,FIFO,4,baseline,Q14,1788183193.111004,1788183194.9896348,1878.6306381225586
frag200_single_stream_FIFO,200,single_stream,FIFO,4,concurrent,Q14,1788183211.8489456,1788183213.884997,2036.0512733459473
frag200_multi_stream_FIFO,200,multi_stream,FIFO,0,baseline,Q1,1788183239.3859699,1788183246.9214513,7535.4814529418945
frag200_multi_stream_FIFO,200,multi_stream,FIFO,0,baseline,Q3,1788183246.9282086,1788183249.2404237,2312.2150897979736
frag200_multi_stream_FIFO,200,multi_stream,FIFO,0,baseline,Q6,1788183249.2411659,1788183251.110648,1869.4820404052734
frag200_multi_stream_FIFO,200,multi_stream,FIFO,0,baseline,Q12,1788183251.111419,1788183253.0074592,1896.0402011871338
frag200_multi_stream_FIFO,200,multi_stream,FIFO,0,baseline,Q14,1788183253.0082114,1788183254.7568367,1748.6252784729004
frag200_multi_stream_FIFO,200,multi_stream,FIFO,0,baseline,Q18,1788183254.7575965,1788183258.5823228,3824.726343154907
frag200_multi_stream_FIFO,200,multi_stream,FIFO,0,concurrent,Q1,1788183275.3574202,1788183283.1722116,7814.791440963745
frag200_multi_stream_FIFO,200,multi_stream,FIFO,0,concurrent,Q3,1788183283.173015,1788183285.9458277,2772.812604904175
frag200_multi_stream_FIFO,200,multi_stream,FIFO,0,concurrent,Q6,1788183285.9464617,1788183287.9456375,1999.175786972046
frag200_multi_stream_FIFO,200,multi_stream,FIFO,0,concurrent,Q12,1788183287.9463985,1788183290.0310204,2084.6219062805176
frag200_multi_stream_FIFO,200,multi_stream,FIFO,0,concurrent,Q14,1788183290.0332057,1788183291.9185393,1885.33353805542
frag200_multi_stream_FIFO,200,multi_stream,FIFO,0,concurrent,Q18,1788183291.9192407,1788183295.8483646,3929.123878479004
frag200_multi_stream_FIFO,200,multi_stream,FIFO,1,concurrent,Q1,1788183313.1303434,1788183321.5128891,8382.545709609985
frag200_multi_stream_FIFO,200,multi_stream,FIFO,1,concurrent,Q3,1788183321.5196238,1788183323.9775472,2457.923412322998
frag200_multi_stream_FIFO,200,multi_stream,FIFO,1,concurrent,Q6,1788183323.978464,1788183326.1348493,2156.3854217529297
frag200_multi_stream_FIFO,200,multi_stream,FIFO,1,concurrent,Q12,1788183326.1354861,1788183328.0823555,1946.8693733215332
frag200_multi_stream_FIFO,200,multi_stream,FIFO,1,concurrent,Q14,1788183328.083103,1788183329.8720672,1788.9642715454102
frag200_multi_stream_FIFO,200,multi_stream,FIFO,1,concurrent,Q18,1788183329.8727527,1788183334.0687795,4196.026802062988
frag200_multi_stream_FIFO,200,multi_stream,FIFO,1,baseline,Q1,1788183348.9622848,1788183356.621949,7659.664154052734
frag200_multi_stream_FIFO,200,multi_stream,FIFO,1,baseline,Q3,1788183356.628826,1788183359.050028,2421.2021827697754
frag200_multi_stream_FIFO,200,multi_stream,FIFO,1,baseline,Q6,1788183359.0507424,1788183361.0288558,1978.1134128570557
frag200_multi_stream_FIFO,200,multi_stream,FIFO,1,baseline,Q12,1788183361.0295546,1788183363.0170705,1987.515926361084
frag200_multi_stream_FIFO,200,multi_stream,FIFO,1,baseline,Q14,1788183363.0180304,1788183364.8426783,1824.6479034423828
frag200_multi_stream_FIFO,200,multi_stream,FIFO,1,baseline,Q18,1788183364.8435082,1788183368.9364529,4092.944622039795
frag200_multi_stream_FIFO,200,multi_stream,FIFO,2,baseline,Q1,1788183384.1652405,1788183391.7883863,7623.145818710327
frag200_multi_stream_FIFO,200,multi_stream,FIFO,2,baseline,Q3,1788183391.7905464,1788183394.2031329,2412.586450576782
frag200_multi_stream_FIFO,200,multi_stream,FIFO,2,baseline,Q6,1788183394.203858,1788183396.208018,2004.1601657867432
frag200_multi_stream_FIFO,200,multi_stream,FIFO,2,baseline,Q12,1788183396.2087564,1788183398.2213607,2012.6042366027832
frag200_multi_stream_FIFO,200,multi_stream,FIFO,2,baseline,Q14,1788183398.2221048,1788183400.2200227,1997.917890548706
frag200_multi_stream_FIFO,200,multi_stream,FIFO,2,baseline,Q18,1788183400.2217069,1788183404.1366472,3914.940357208252
frag200_multi_stream_FIFO,200,multi_stream,FIFO,2,concurrent,Q1,1788183420.646643,1788183428.7650928,8118.449926376343
frag200_multi_stream_FIFO,200,multi_stream,FIFO,2,concurrent,Q3,1788183428.7676215,1788183431.389359,2621.737480163574
frag200_multi_stream_FIFO,200,multi_stream,FIFO,2,concurrent,Q6,1788183431.3916533,1788183433.7007186,2309.065341949463
frag200_multi_stream_FIFO,200,multi_stream,FIFO,2,concurrent,Q12,1788183433.7014575,1788183435.6816423,1980.18479347229
frag200_multi_stream_FIFO,200,multi_stream,FIFO,2,concurrent,Q14,1788183435.6822486,1788183437.5746212,1892.3726081848145
frag200_multi_stream_FIFO,200,multi_stream,FIFO,2,concurrent,Q18,1788183437.5752141,1788183441.5426285,3967.414379119873
frag200_multi_stream_FIFO,200,multi_stream,FIFO,3,concurrent,Q1,1788183458.118118,1788183465.9668183,7848.700284957886
frag200_multi_stream_FIFO,200,multi_stream,FIFO,3,concurrent,Q3,1788183465.9734216,1788183468.739199,2765.777349472046
frag200_multi_stream_FIFO,200,multi_stream,FIFO,3,concurrent,Q6,1788183468.7399392,1788183470.6966846,1956.7453861236572
frag200_multi_stream_FIFO,200,multi_stream,FIFO,3,concurrent,Q12,1788183470.69752,1788183472.8519132,2154.393196105957
frag200_multi_stream_FIFO,200,multi_stream,FIFO,3,concurrent,Q14,1788183472.852464,1788183474.6846666,1832.202672958374
frag200_multi_stream_FIFO,200,multi_stream,FIFO,3,concurrent,Q18,1788183474.6853952,1788183478.6674423,3982.0470809936523
frag200_multi_stream_FIFO,200,multi_stream,FIFO,3,baseline,Q1,1788183494.0219464,1788183501.619703,7597.756624221802
frag200_multi_stream_FIFO,200,multi_stream,FIFO,3,baseline,Q3,1788183501.6221037,1788183504.098781,2476.677417755127
frag200_multi_stream_FIFO,200,multi_stream,FIFO,3,baseline,Q6,1788183504.099493,1788183506.0413196,1941.826581954956
frag200_multi_stream_FIFO,200,multi_stream,FIFO,3,baseline,Q12,1788183506.042046,1788183508.019089,1977.0429134368896
frag200_multi_stream_FIFO,200,multi_stream,FIFO,3,baseline,Q14,1788183508.019819,1788183509.8604963,1840.677261352539
frag200_multi_stream_FIFO,200,multi_stream,FIFO,3,baseline,Q18,1788183509.8612313,1788183513.6876948,3826.463460922241
frag200_multi_stream_FIFO,200,multi_stream,FIFO,4,baseline,Q1,1788183529.045416,1788183536.578064,7532.6478481292725
frag200_multi_stream_FIFO,200,multi_stream,FIFO,4,baseline,Q3,1788183536.584817,1788183538.978319,2393.5019969940186
frag200_multi_stream_FIFO,200,multi_stream,FIFO,4,baseline,Q6,1788183538.9790046,1788183540.9204385,1941.4339065551758
frag200_multi_stream_FIFO,200,multi_stream,FIFO,4,baseline,Q12,1788183540.9210153,1788183542.962248,2041.2328243255615
frag200_multi_stream_FIFO,200,multi_stream,FIFO,4,baseline,Q14,1788183542.9629655,1788183544.797843,1834.8774909973145
frag200_multi_stream_FIFO,200,multi_stream,FIFO,4,baseline,Q18,1788183544.7985282,1788183548.707986,3909.4579219818115
frag200_multi_stream_FIFO,200,multi_stream,FIFO,4,concurrent,Q1,1788183565.3630614,1788183573.3611486,7998.087167739868
frag200_multi_stream_FIFO,200,multi_stream,FIFO,4,concurrent,Q3,1788183573.3634183,1788183576.1278927,2764.474391937256
frag200_multi_stream_FIFO,200,multi_stream,FIFO,4,concurrent,Q6,1788183576.1288478,1788183578.1829762,2054.128408432007
frag200_multi_stream_FIFO,200,multi_stream,FIFO,4,concurrent,Q12,1788183578.1855605,1788183580.3702266,2184.666156768799
frag200_multi_stream_FIFO,200,multi_stream,FIFO,4,concurrent,Q14,1788183580.3724246,1788183582.1970434,1824.6188163757324
frag200_multi_stream_FIFO,200,multi_stream,FIFO,4,concurrent,Q18,1788183582.1978028,1788183586.097343,3899.5401859283447
frag500_single_stream_FIFO,500,single_stream,FIFO,0,baseline,Q14,1788183601.2375872,1788183603.264829,2027.2417068481445
frag500_single_stream_FIFO,500,single_stream,FIFO,0,concurrent,Q14,1788183619.671495,1788183621.6388135,1967.3185348510742
frag500_single_stream_FIFO,500,single_stream,FIFO,1,concurrent,Q14,1788183648.2708838,1788183650.5079489,2237.065076828003
frag500_single_stream_FIFO,500,single_stream,FIFO,1,baseline,Q14,1788183674.6859493,1788183676.6569614,1971.0121154785156
frag500_single_stream_FIFO,500,single_stream,FIFO,2,baseline,Q14,1788183691.2727475,1788183693.2721515,1999.403953552246
frag500_single_stream_FIFO,500,single_stream,FIFO,2,concurrent,Q14,1788183709.3811672,1788183711.6075118,2226.344585418701
frag500_single_stream_FIFO,500,single_stream,FIFO,3,concurrent,Q14,1788183737.3034096,1788183739.2454193,1942.009687423706
frag500_single_stream_FIFO,500,single_stream,FIFO,3,baseline,Q14,1788183763.918713,1788183765.7240736,1805.3605556488037
frag500_single_stream_FIFO,500,single_stream,FIFO,4,baseline,Q14,1788183779.930879,1788183781.9849236,2054.044485092163
frag500_single_stream_FIFO,500,single_stream,FIFO,4,concurrent,Q14,1788183797.7596798,1788183799.6987216,1939.0418529510498
frag500_multi_stream_FIFO,500,multi_stream,FIFO,0,baseline,Q1,1788183824.782585,1788183832.046301,7263.715982437134
frag500_multi_stream_FIFO,500,multi_stream,FIFO,0,baseline,Q3,1788183832.0482516,1788183834.3932536,2345.0019359588623
frag500_multi_stream_FIFO,500,multi_stream,FIFO,0,baseline,Q6,1788183834.3938909,1788183835.9992836,1605.3926944732666
frag500_multi_stream_FIFO,500,multi_stream,FIFO,0,baseline,Q12,1788183835.999982,1788183837.9220207,1922.0385551452637
frag500_multi_stream_FIFO,500,multi_stream,FIFO,0,baseline,Q14,1788183837.92273,1788183839.633708,1710.9780311584473
frag500_multi_stream_FIFO,500,multi_stream,FIFO,0,baseline,Q18,1788183839.6343632,1788183843.1852057,3550.842523574829
frag500_multi_stream_FIFO,500,multi_stream,FIFO,0,concurrent,Q1,1788183859.4942884,1788183867.377658,7883.369445800781
frag500_multi_stream_FIFO,500,multi_stream,FIFO,0,concurrent,Q3,1788183867.384407,1788183869.9564857,2572.0787048339844
frag500_multi_stream_FIFO,500,multi_stream,FIFO,0,concurrent,Q6,1788183869.9572616,1788183871.7363691,1779.1075706481934
frag500_multi_stream_FIFO,500,multi_stream,FIFO,0,concurrent,Q12,1788183871.737105,1788183873.5537024,1816.5974617004395
frag500_multi_stream_FIFO,500,multi_stream,FIFO,0,concurrent,Q14,1788183873.5544178,1788183875.290793,1736.375093460083
frag500_multi_stream_FIFO,500,multi_stream,FIFO,0,concurrent,Q18,1788183875.2915714,1788183878.8804746,3588.9031887054443
frag500_multi_stream_FIFO,500,multi_stream,FIFO,1,concurrent,Q1,1788183894.6275563,1788183902.1751833,7547.626972198486
frag500_multi_stream_FIFO,500,multi_stream,FIFO,1,concurrent,Q3,1788183902.17761,1788183904.4839478,2306.337833404541
frag500_multi_stream_FIFO,500,multi_stream,FIFO,1,concurrent,Q6,1788183904.4847624,1788183906.292066,1807.3036670684814
frag500_multi_stream_FIFO,500,multi_stream,FIFO,1,concurrent,Q12,1788183906.292781,1788183908.1754835,1882.702350616455
frag500_multi_stream_FIFO,500,multi_stream,FIFO,1,concurrent,Q14,1788183908.1762125,1788183909.863624,1687.4115467071533
frag500_multi_stream_FIFO,500,multi_stream,FIFO,1,concurrent,Q18,1788183909.864348,1788183913.4568145,3592.4665927886963
frag500_multi_stream_FIFO,500,multi_stream,FIFO,1,baseline,Q1,1788183928.0261765,1788183935.306733,7280.556440353394
frag500_multi_stream_FIFO,500,multi_stream,FIFO,1,baseline,Q3,1788183935.3088338,1788183937.5367315,2227.8976440429688
frag500_multi_stream_FIFO,500,multi_stream,FIFO,1,baseline,Q6,1788183937.5374951,1788183939.3162737,1778.7785530090332
frag500_multi_stream_FIFO,500,multi_stream,FIFO,1,baseline,Q12,1788183939.3169398,1788183941.145695,1828.7551403045654
frag500_multi_stream_FIFO,500,multi_stream,FIFO,1,baseline,Q14,1788183941.1464062,1788183942.853993,1707.5867652893066
frag500_multi_stream_FIFO,500,multi_stream,FIFO,1,baseline,Q18,1788183942.854804,1788183946.4450579,3590.2538299560547
frag500_multi_stream_FIFO,500,multi_stream,FIFO,2,baseline,Q1,1788183961.0767133,1788183968.1844099,7107.696533203125
frag500_multi_stream_FIFO,500,multi_stream,FIFO,2,baseline,Q3,1788183968.1849384,1788183970.436385,2251.446485519409
frag500_multi_stream_FIFO,500,multi_stream,FIFO,2,baseline,Q6,1788183970.4370303,1788183972.2235532,1786.5228652954102
frag500_multi_stream_FIFO,500,multi_stream,FIFO,2,baseline,Q12,1788183972.2242675,1788183974.0503352,1826.0676860809326
frag500_multi_stream_FIFO,500,multi_stream,FIFO,2,baseline,Q14,1788183974.0509973,1788183975.7357996,1684.8022937774658
frag500_multi_stream_FIFO,500,multi_stream,FIFO,2,baseline,Q18,1788183975.736532,1788183979.38388,3647.347927093506
frag500_multi_stream_FIFO,500,multi_stream,FIFO,2,concurrent,Q1,1788183995.9492607,1788184003.319548,7370.287179946899
frag500_multi_stream_FIFO,500,multi_stream,FIFO,2,concurrent,Q3,1788184003.3218205,1788184005.6892729,2367.452383041382
frag500_multi_stream_FIFO,500,multi_stream,FIFO,2,concurrent,Q6,1788184005.6901424,1788184007.478526,1788.3837223052979
frag500_multi_stream_FIFO,500,multi_stream,FIFO,2,concurrent,Q12,1788184007.4792223,1788184009.3466618,1867.4395084381104
frag500_multi_stream_FIFO,500,multi_stream,FIFO,2,concurrent,Q14,1788184009.3473582,1788184011.0463245,1698.9662647247314
frag500_multi_stream_FIFO,500,multi_stream,FIFO,2,concurrent,Q18,1788184011.0469902,1788184014.530184,3483.193874359131
frag500_multi_stream_FIFO,500,multi_stream,FIFO,3,concurrent,Q1,1788184030.855665,1788184038.207163,7351.498126983643
frag500_multi_stream_FIFO,500,multi_stream,FIFO,3,concurrent,Q3,1788184038.2079377,1788184040.6860654,2478.1277179718018
frag500_multi_stream_FIFO,500,multi_stream,FIFO,3,concurrent,Q6,1788184040.6867135,1788184042.513587,1826.873540878296
frag500_multi_stream_FIFO,500,multi_stream,FIFO,3,concurrent,Q12,1788184042.5143232,1788184044.397806,1883.4826946258545
frag500_multi_stream_FIFO,500,multi_stream,FIFO,3,concurrent,Q14,1788184044.3985214,1788184046.0661585,1667.6371097564697
frag500_multi_stream_FIFO,500,multi_stream,FIFO,3,concurrent,Q18,1788184046.0668674,1788184049.593852,3526.984691619873
frag500_multi_stream_FIFO,500,multi_stream,FIFO,3,baseline,Q1,1788184063.9815662,1788184071.3217537,7340.187549591064
frag500_multi_stream_FIFO,500,multi_stream,FIFO,3,baseline,Q3,1788184071.3224652,1788184073.6008985,2278.433322906494
frag500_multi_stream_FIFO,500,multi_stream,FIFO,3,baseline,Q6,1788184073.6016204,1788184075.3518374,1750.2169609069824
frag500_multi_stream_FIFO,500,multi_stream,FIFO,3,baseline,Q12,1788184075.3523498,1788184077.2024112,1850.0614166259766
frag500_multi_stream_FIFO,500,multi_stream,FIFO,3,baseline,Q14,1788184077.2031465,1788184078.8632536,1660.107135772705
frag500_multi_stream_FIFO,500,multi_stream,FIFO,3,baseline,Q18,1788184078.863959,1788184082.398564,3534.605026245117
frag500_multi_stream_FIFO,500,multi_stream,FIFO,4,baseline,Q1,1788184097.2958615,1788184104.3208137,7024.952173233032
frag500_multi_stream_FIFO,500,multi_stream,FIFO,4,baseline,Q3,1788184104.3214097,1788184106.5509675,2229.557752609253
frag500_multi_stream_FIFO,500,multi_stream,FIFO,4,baseline,Q6,1788184106.5516744,1788184108.3109457,1759.2713832855225
frag500_multi_stream_FIFO,500,multi_stream,FIFO,4,baseline,Q12,1788184108.3116,1788184110.1399703,1828.3703327178955
frag500_multi_stream_FIFO,500,multi_stream,FIFO,4,baseline,Q14,1788184110.1406395,1788184111.8153148,1674.6752262115479
frag500_multi_stream_FIFO,500,multi_stream,FIFO,4,baseline,Q18,1788184111.816008,1788184115.340922,3524.914026260376
frag500_multi_stream_FIFO,500,multi_stream,FIFO,4,concurrent,Q1,1788184131.5863335,1788184139.1602151,7573.88162612915
frag500_multi_stream_FIFO,500,multi_stream,FIFO,4,concurrent,Q3,1788184139.1609585,1788184141.619924,2458.965539932251
frag500_multi_stream_FIFO,500,multi_stream,FIFO,4,concurrent,Q6,1788184141.620833,1788184143.4294918,1808.6588382720947
frag500_multi_stream_FIFO,500,multi_stream,FIFO,4,concurrent,Q12,1788184143.4302142,1788184145.2801542,1849.9400615692139
frag500_multi_stream_FIFO,500,multi_stream,FIFO,4,concurrent,Q14,1788184145.2808127,1788184147.0930543,1812.241554260254
frag500_multi_stream_FIFO,500,multi_stream,FIFO,4,concurrent,Q18,1788184147.0937452,1788184150.6207438,3526.998519897461
frag50_single_stream_FAIR,50,single_stream,FAIR,0,baseline,Q14,1788184182.144999,1788184185.0968783,2951.8792629241943
frag50_single_stream_FAIR,50,single_stream,FAIR,0,concurrent,Q14,1788184200.9405906,1788184203.0722742,2131.683588027954
frag50_single_stream_FAIR,50,single_stream,FAIR,1,concurrent,Q14,1788184228.9139717,1788184230.8336413,1919.6696281433105
frag50_single_stream_FAIR,50,single_stream,FAIR,1,baseline,Q14,1788184254.9864533,1788184256.8297799,1843.3265686035156
frag50_single_stream_FAIR,50,single_stream,FAIR,2,baseline,Q14,1788184270.6592195,1788184272.7483606,2089.1411304473877
frag50_single_stream_FAIR,50,single_stream,FAIR,2,concurrent,Q14,1788184288.0228705,1788184290.0043502,1981.4796447753906
frag50_single_stream_FAIR,50,single_stream,FAIR,3,concurrent,Q14,1788184316.2675993,1788184318.1535032,1885.9038352966309
frag50_single_stream_FAIR,50,single_stream,FAIR,3,baseline,Q14,1788184341.8616807,1788184343.7568238,1895.1430320739746
frag50_single_stream_FAIR,50,single_stream,FAIR,4,baseline,Q14,1788184357.694218,1788184359.563863,1869.645118713379
frag50_single_stream_FAIR,50,single_stream,FAIR,4,concurrent,Q14,1788184375.0963035,1788184377.03036,1934.0565204620361
frag50_multi_stream_FAIR,50,multi_stream,FAIR,0,baseline,Q1,1788184400.9265742,1788184409.2317002,8305.125951766968
frag50_multi_stream_FAIR,50,multi_stream,FAIR,0,baseline,Q3,1788184409.2324283,1788184412.0668473,2834.419012069702
frag50_multi_stream_FAIR,50,multi_stream,FAIR,0,baseline,Q6,1788184412.0674005,1788184413.78772,1720.3195095062256
frag50_multi_stream_FAIR,50,multi_stream,FAIR,0,baseline,Q12,1788184413.7902615,1788184416.0756867,2285.4251861572266
frag50_multi_stream_FAIR,50,multi_stream,FAIR,0,baseline,Q14,1788184416.076468,1788184418.0265224,1950.054407119751
frag50_multi_stream_FAIR,50,multi_stream,FAIR,0,baseline,Q18,1788184418.0272076,1788184422.3954644,4368.2568073272705
frag50_multi_stream_FAIR,50,multi_stream,FAIR,0,concurrent,Q1,1788184437.851622,1788184445.699078,7847.455978393555
frag50_multi_stream_FAIR,50,multi_stream,FAIR,0,concurrent,Q3,1788184445.6998842,1788184448.2202823,2520.3981399536133
frag50_multi_stream_FAIR,50,multi_stream,FAIR,0,concurrent,Q6,1788184448.221371,1788184450.0466821,1825.3111839294434
frag50_multi_stream_FAIR,50,multi_stream,FAIR,0,concurrent,Q12,1788184450.0542545,1788184452.0191357,1964.881181716919
frag50_multi_stream_FAIR,50,multi_stream,FAIR,0,concurrent,Q14,1788184452.019885,1788184453.7099795,1690.0944709777832
frag50_multi_stream_FAIR,50,multi_stream,FAIR,0,concurrent,Q18,1788184453.7106943,1788184457.4667003,3756.0060024261475
frag50_multi_stream_FAIR,50,multi_stream,FAIR,1,concurrent,Q1,1788184472.9103503,1788184480.9887927,8078.442335128784
frag50_multi_stream_FAIR,50,multi_stream,FAIR,1,concurrent,Q3,1788184480.9895263,1788184483.3806295,2391.1032676696777
frag50_multi_stream_FAIR,50,multi_stream,FAIR,1,concurrent,Q6,1788184483.3828332,1788184485.4880128,2105.17954826355
frag50_multi_stream_FAIR,50,multi_stream,FAIR,1,concurrent,Q12,1788184485.4887285,1788184487.3591459,1870.4173564910889
frag50_multi_stream_FAIR,50,multi_stream,FAIR,1,concurrent,Q14,1788184487.3598921,1788184489.1194274,1759.535312652588
frag50_multi_stream_FAIR,50,multi_stream,FAIR,1,concurrent,Q18,1788184489.1215389,1788184492.9204292,3798.8903522491455
frag50_multi_stream_FAIR,50,multi_stream,FAIR,1,baseline,Q1,1788184506.911699,1788184514.910326,7998.626947402954
frag50_multi_stream_FAIR,50,multi_stream,FAIR,1,baseline,Q3,1788184514.9110749,1788184517.215151,2304.0761947631836
frag50_multi_stream_FAIR,50,multi_stream,FAIR,1,baseline,Q6,1788184517.2158144,1788184519.000635,1784.820556640625
frag50_multi_stream_FAIR,50,multi_stream,FAIR,1,baseline,Q12,1788184519.0013187,1788184520.8891342,1887.8154754638672
frag50_multi_stream_FAIR,50,multi_stream,FAIR,1,baseline,Q14,1788184520.88993,1788184522.5996614,1709.7313404083252
frag50_multi_stream_FAIR,50,multi_stream,FAIR,1,baseline,Q18,1788184522.6004236,1788184526.4365633,3836.139678955078
frag50_multi_stream_FAIR,50,multi_stream,FAIR,2,baseline,Q1,1788184540.290386,1788184548.2189631,7928.577184677124
frag50_multi_stream_FAIR,50,multi_stream,FAIR,2,baseline,Q3,1788184548.2195008,1788184550.5363176,2316.816806793213
frag50_multi_stream_FAIR,50,multi_stream,FAIR,2,baseline,Q6,1788184550.5370522,1788184552.1208725,1583.8203430175781
frag50_multi_stream_FAIR,50,multi_stream,FAIR,2,baseline,Q12,1788184552.1216066,1788184553.994309,1872.7023601531982
frag50_multi_stream_FAIR,50,multi_stream,FAIR,2,baseline,Q14,1788184553.9949725,1788184555.697501,1702.528476715088
frag50_multi_stream_FAIR,50,multi_stream,FAIR,2,baseline,Q18,1788184555.6982481,1788184559.3042035,3605.9553623199463
frag50_multi_stream_FAIR,50,multi_stream,FAIR,2,concurrent,Q1,1788184574.6800928,1788184583.308272,8628.17907333374
frag50_multi_stream_FAIR,50,multi_stream,FAIR,2,concurrent,Q3,1788184583.3090124,1788184585.713398,2404.385566711426
frag50_multi_stream_FAIR,50,multi_stream,FAIR,2,concurrent,Q6,1788184585.7141464,1788184587.5361817,1822.035312652588
frag50_multi_stream_FAIR,50,multi_stream,FAIR,2,concurrent,Q12,1788184587.536711,1788184589.4055347,1868.823766708374
frag50_multi_stream_FAIR,50,multi_stream,FAIR,2,concurrent,Q14,1788184589.4062395,1788184591.0850534,1678.8139343261719
frag50_multi_stream_FAIR,50,multi_stream,FAIR,2,concurrent,Q18,1788184591.0857527,1788184594.7327523,3646.9995975494385
frag50_multi_stream_FAIR,50,multi_stream,FAIR,3,concurrent,Q1,1788184610.1156726,1788184618.031323,7915.650367736816
frag50_multi_stream_FAIR,50,multi_stream,FAIR,3,concurrent,Q3,1788184618.032008,1788184620.3780968,2346.0888862609863
frag50_multi_stream_FAIR,50,multi_stream,FAIR,3,concurrent,Q6,1788184620.3788798,1788184622.1812892,1802.4094104766846
frag50_multi_stream_FAIR,50,multi_stream,FAIR,3,concurrent,Q12,1788184622.1821609,1788184624.29417,2112.009048461914
frag50_multi_stream_FAIR,50,multi_stream,FAIR,3,concurrent,Q14,1788184624.2949183,1788184625.9509428,1656.02445602417
frag50_multi_stream_FAIR,50,multi_stream,FAIR,3,concurrent,Q18,1788184625.9517138,1788184629.6185522,3666.8384075164795
frag50_multi_stream_FAIR,50,multi_stream,FAIR,3,baseline,Q1,1788184643.5126843,1788184651.31922,7806.535720825195
frag50_multi_stream_FAIR,50,multi_stream,FAIR,3,baseline,Q3,1788184651.3199317,1788184653.6103709,2290.4391288757324
frag50_multi_stream_FAIR,50,multi_stream,FAIR,3,baseline,Q6,1788184653.6110125,1788184655.2058632,1594.850778579712
frag50_multi_stream_FAIR,50,multi_stream,FAIR,3,baseline,Q12,1788184655.206466,1788184657.2930064,2086.540460586548
frag50_multi_stream_FAIR,50,multi_stream,FAIR,3,baseline,Q14,1788184657.293705,1788184659.0020359,1708.3308696746826
frag50_multi_stream_FAIR,50,multi_stream,FAIR,3,baseline,Q18,1788184659.0027268,1788184662.6299725,3627.2456645965576
frag50_multi_stream_FAIR,50,multi_stream,FAIR,4,baseline,Q1,1788184676.5088496,1788184684.2268646,7718.01495552063
frag50_multi_stream_FAIR,50,multi_stream,FAIR,4,baseline,Q3,1788184684.2275615,1788184686.484614,2257.052421569824
frag50_multi_stream_FAIR,50,multi_stream,FAIR,4,baseline,Q6,1788184686.4853177,1788184688.0740743,1588.7565612792969
frag50_multi_stream_FAIR,50,multi_stream,FAIR,4,baseline,Q12,1788184688.0747893,1788184689.9282,1853.4107208251953
frag50_multi_stream_FAIR,50,multi_stream,FAIR,4,baseline,Q14,1788184689.9287753,1788184691.657883,1729.1076183319092
frag50_multi_stream_FAIR,50,multi_stream,FAIR,4,baseline,Q18,1788184691.6585572,1788184695.2812421,3622.684955596924
frag50_multi_stream_FAIR,50,multi_stream,FAIR,4,concurrent,Q1,1788184711.286571,1788184719.341928,8055.356979370117
frag50_multi_stream_FAIR,50,multi_stream,FAIR,4,concurrent,Q3,1788184719.3427577,1788184721.7157137,2372.9560375213623
frag50_multi_stream_FAIR,50,multi_stream,FAIR,4,concurrent,Q6,1788184721.7164848,1788184723.6908395,1974.3547439575195
frag50_multi_stream_FAIR,50,multi_stream,FAIR,4,concurrent,Q12,1788184723.6915705,1788184725.5563264,1864.7558689117432
frag50_multi_stream_FAIR,50,multi_stream,FAIR,4,concurrent,Q14,1788184725.557032,1788184727.2611654,1704.1332721710205
frag50_multi_stream_FAIR,50,multi_stream,FAIR,4,concurrent,Q18,1788184727.2619028,1788184730.99158,3729.677200317383
frag200_single_stream_FAIR,200,single_stream,FAIR,0,baseline,Q14,1788184745.3994617,1788184747.1482017,1748.7399578094482
frag200_single_stream_FAIR,200,single_stream,FAIR,0,concurrent,Q14,1788184763.4289477,1788184765.2205102,1791.562557220459
frag200_single_stream_FAIR,200,single_stream,FAIR,1,concurrent,Q14,1788184790.963371,1788184792.756651,1793.2798862457275
frag200_single_stream_FAIR,200,single_stream,FAIR,1,baseline,Q14,1788184817.1640778,1788184819.0477035,1883.6257457733154
frag200_single_stream_FAIR,200,single_stream,FAIR,2,baseline,Q14,1788184833.1697283,1788184835.0719373,1902.2090435028076
frag200_single_stream_FAIR,200,single_stream,FAIR,2,concurrent,Q14,1788184851.008531,1788184853.0510392,2042.5081253051758
frag200_single_stream_FAIR,200,single_stream,FAIR,3,concurrent,Q14,1788184878.6467717,1788184880.6848853,2038.1135940551758
frag200_single_stream_FAIR,200,single_stream,FAIR,3,baseline,Q14,1788184904.6756127,1788184906.398644,1723.0312824249268
frag200_single_stream_FAIR,200,single_stream,FAIR,4,baseline,Q14,1788184920.7918475,1788184922.4549942,1663.146734237671
frag200_single_stream_FAIR,200,single_stream,FAIR,4,concurrent,Q14,1788184938.2194285,1788184940.2037659,1984.337329864502
frag200_multi_stream_FAIR,200,multi_stream,FAIR,0,baseline,Q1,1788184964.0418358,1788184971.3815427,7339.706897735596
frag200_multi_stream_FAIR,200,multi_stream,FAIR,0,baseline,Q3,1788184971.3822656,1788184973.6521773,2269.911766052246
frag200_multi_stream_FAIR,200,multi_stream,FAIR,0,baseline,Q6,1788184973.6529567,1788184975.42879,1775.8333683013916
frag200_multi_stream_FAIR,200,multi_stream,FAIR,0,baseline,Q12,1788184975.4294243,1788184977.2791872,1849.7629165649414
frag200_multi_stream_FAIR,200,multi_stream,FAIR,0,baseline,Q14,1788184977.2796988,1788184978.9932377,1713.5388851165771
frag200_multi_stream_FAIR,200,multi_stream,FAIR,0,baseline,Q18,1788184978.994011,1788184982.5356495,3541.6386127471924
frag200_multi_stream_FAIR,200,multi_stream,FAIR,0,concurrent,Q1,1788184999.6486816,1788185007.282268,7633.586406707764
frag200_multi_stream_FAIR,200,multi_stream,FAIR,0,concurrent,Q3,1788185007.2829957,1788185009.8160095,2533.0138206481934
frag200_multi_stream_FAIR,200,multi_stream,FAIR,0,concurrent,Q6,1788185009.816871,1788185011.5713892,1754.5182704925537
frag200_multi_stream_FAIR,200,multi_stream,FAIR,0,concurrent,Q12,1788185011.5719368,1788185013.4181738,1846.2369441986084
frag200_multi_stream_FAIR,200,multi_stream,FAIR,0,concurrent,Q14,1788185013.418708,1788185015.0969238,1678.215742111206
frag200_multi_stream_FAIR,200,multi_stream,FAIR,0,concurrent,Q18,1788185015.097606,1788185018.6584668,3560.8608722686768
frag200_multi_stream_FAIR,200,multi_stream,FAIR,1,concurrent,Q1,1788185034.3810978,1788185042.1323955,7751.29771232605
frag200_multi_stream_FAIR,200,multi_stream,FAIR,1,concurrent,Q3,1788185042.1389902,1788185044.5459783,2406.9881439208984
frag200_multi_stream_FAIR,200,multi_stream,FAIR,1,concurrent,Q6,1788185044.5467324,1788185046.3498924,1803.1599521636963
frag200_multi_stream_FAIR,200,multi_stream,FAIR,1,concurrent,Q12,1788185046.3506224,1788185048.2153604,1864.7379875183105
frag200_multi_stream_FAIR,200,multi_stream,FAIR,1,concurrent,Q14,1788185048.216065,1788185049.8917747,1675.7097244262695
frag200_multi_stream_FAIR,200,multi_stream,FAIR,1,concurrent,Q18,1788185049.8924782,1788185053.5668483,3674.370050430298
frag200_multi_stream_FAIR,200,multi_stream,FAIR,1,baseline,Q1,1788185067.896249,1788185075.4979515,7601.702451705933
frag200_multi_stream_FAIR,200,multi_stream,FAIR,1,baseline,Q3,1788185075.4985986,1788185077.8438087,2345.210075378418
frag200_multi_stream_FAIR,200,multi_stream,FAIR,1,baseline,Q6,1788185077.8444805,1788185079.7145765,1870.09596824646
frag200_multi_stream_FAIR,200,multi_stream,FAIR,1,baseline,Q12,1788185079.715382,1788185081.838463,2123.0809688568115
frag200_multi_stream_FAIR,200,multi_stream,FAIR,1,baseline,Q14,1788185081.8391006,1788185083.5838456,1744.7450160980225
frag200_multi_stream_FAIR,200,multi_stream,FAIR,1,baseline,Q18,1788185083.5845704,1788185087.3558815,3771.311044692993
frag200_multi_stream_FAIR,200,multi_stream,FAIR,2,baseline,Q1,1788185102.1578586,1788185109.8274019,7669.543266296387
frag200_multi_stream_FAIR,200,multi_stream,FAIR,2,baseline,Q3,1788185109.8296416,1788185112.0330403,2203.3987045288086
frag200_multi_stream_FAIR,200,multi_stream,FAIR,2,baseline,Q6,1788185112.0337422,1788185113.8496938,1815.9515857696533
frag200_multi_stream_FAIR,200,multi_stream,FAIR,2,baseline,Q12,1788185113.8502545,1788185115.719031,1868.776559829712
frag200_multi_stream_FAIR,200,multi_stream,FAIR,2,baseline,Q14,1788185115.7197318,1788185117.4328105,1713.0787372589111
frag200_multi_stream_FAIR,200,multi_stream,FAIR,2,baseline,Q18,1788185117.4334874,1788185121.0111377,3577.650308609009
frag200_multi_stream_FAIR,200,multi_stream,FAIR,2,concurrent,Q1,1788185137.7161317,1788185145.3777032,7661.571502685547
frag200_multi_stream_FAIR,200,multi_stream,FAIR,2,concurrent,Q3,1788185145.3799968,1788185147.8760798,2496.0830211639404
frag200_multi_stream_FAIR,200,multi_stream,FAIR,2,concurrent,Q6,1788185147.876854,1788185149.619178,1742.3241138458252
frag200_multi_stream_FAIR,200,multi_stream,FAIR,2,concurrent,Q12,1788185149.6199288,1788185151.5657434,1945.814609527588
frag200_multi_stream_FAIR,200,multi_stream,FAIR,2,concurrent,Q14,1788185151.5664275,1788185153.2724295,1706.0019969940186
frag200_multi_stream_FAIR,200,multi_stream,FAIR,2,concurrent,Q18,1788185153.2731328,1788185156.7905724,3517.439603805542
frag200_multi_stream_FAIR,200,multi_stream,FAIR,3,concurrent,Q1,1788185172.6132607,1788185180.3139613,7700.700521469116
frag200_multi_stream_FAIR,200,multi_stream,FAIR,3,concurrent,Q3,1788185180.3206692,1788185182.7704566,2449.787378311157
frag200_multi_stream_FAIR,200,multi_stream,FAIR,3,concurrent,Q6,1788185182.7711809,1788185184.5420384,1770.857572555542
frag200_multi_stream_FAIR,200,multi_stream,FAIR,3,concurrent,Q12,1788185184.542857,1788185186.4034212,1860.5642318725586
frag200_multi_stream_FAIR,200,multi_stream,FAIR,3,concurrent,Q14,1788185186.4040704,1788185188.0429718,1638.9014720916748
frag200_multi_stream_FAIR,200,multi_stream,FAIR,3,concurrent,Q18,1788185188.0435975,1788185191.620433,3576.8356323242188
frag200_multi_stream_FAIR,200,multi_stream,FAIR,3,baseline,Q1,1788185205.8697996,1788185213.2407637,7370.964050292969
frag200_multi_stream_FAIR,200,multi_stream,FAIR,3,baseline,Q3,1788185213.2418072,1788185215.4970295,2255.2223205566406
frag200_multi_stream_FAIR,200,multi_stream,FAIR,3,baseline,Q6,1788185215.497734,1788185217.2381833,1740.4491901397705
frag200_multi_stream_FAIR,200,multi_stream,FAIR,3,baseline,Q12,1788185217.2387805,1788185219.1110606,1872.2801208496094
frag200_multi_stream_FAIR,200,multi_stream,FAIR,3,baseline,Q14,1788185219.1117847,1788185220.7930274,1681.2427043914795
frag200_multi_stream_FAIR,200,multi_stream,FAIR,3,baseline,Q18,1788185220.7938032,1788185224.3661141,3572.3109245300293
frag200_multi_stream_FAIR,200,multi_stream,FAIR,4,baseline,Q1,1788185238.9138634,1788185246.3340058,7420.142412185669
frag200_multi_stream_FAIR,200,multi_stream,FAIR,4,baseline,Q3,1788185246.3363006,1788185248.5818846,2245.584011077881
frag200_multi_stream_FAIR,200,multi_stream,FAIR,4,baseline,Q6,1788185248.5825636,1788185250.312012,1729.4483184814453
frag200_multi_stream_FAIR,200,multi_stream,FAIR,4,baseline,Q12,1788185250.3126984,1788185252.1965826,1883.8841915130615
frag200_multi_stream_FAIR,200,multi_stream,FAIR,4,baseline,Q14,1788185252.1972775,1788185253.8763561,1679.0785789489746
frag200_multi_stream_FAIR,200,multi_stream,FAIR,4,baseline,Q18,1788185253.8770504,1788185257.5721784,3695.1279640197754
frag200_multi_stream_FAIR,200,multi_stream,FAIR,4,concurrent,Q1,1788185273.390779,1788185280.9789252,7588.146209716797
frag200_multi_stream_FAIR,200,multi_stream,FAIR,4,concurrent,Q3,1788185280.9812353,1788185283.423907,2442.671775817871
frag200_multi_stream_FAIR,200,multi_stream,FAIR,4,concurrent,Q6,1788185283.424729,1788185285.2191072,1794.3780422210693
frag200_multi_stream_FAIR,200,multi_stream,FAIR,4,concurrent,Q12,1788185285.219813,1788185287.0422273,1822.4141597747803
frag200_multi_stream_FAIR,200,multi_stream,FAIR,4,concurrent,Q14,1788185287.0429134,1788185288.7480216,1705.1081657409668
frag200_multi_stream_FAIR,200,multi_stream,FAIR,4,concurrent,Q18,1788185288.7486618,1788185292.350684,3602.022171020508
frag500_single_stream_FAIR,500,single_stream,FAIR,0,baseline,Q14,1788185307.2234385,1788185308.9057934,1682.3549270629883
frag500_single_stream_FAIR,500,single_stream,FAIR,0,concurrent,Q14,1788185324.939114,1788185326.7682133,1829.099178314209
frag500_single_stream_FAIR,500,single_stream,FAIR,1,concurrent,Q14,1788185352.7373588,1788185354.5651646,1827.805757522583
frag500_single_stream_FAIR,500,single_stream,FAIR,1,baseline,Q14,1788185378.980559,1788185380.7234654,1742.9063320159912
frag500_single_stream_FAIR,500,single_stream,FAIR,2,baseline,Q14,1788185394.8388,1788185396.8484137,2009.6137523651123
frag500_single_stream_FAIR,500,single_stream,FAIR,2,concurrent,Q14,1788185412.5274918,1788185414.2702858,1742.7940368652344
frag500_single_stream_FAIR,500,single_stream,FAIR,3,concurrent,Q14,1788185440.3904235,1788185442.143221,1752.7973651885986
frag500_single_stream_FAIR,500,single_stream,FAIR,3,baseline,Q14,1788185466.3114092,1788185468.3629174,2051.5081882476807
frag500_single_stream_FAIR,500,single_stream,FAIR,4,baseline,Q14,1788185482.4282157,1788185484.2805643,1852.3485660552979
frag500_single_stream_FAIR,500,single_stream,FAIR,4,concurrent,Q14,1788185500.041608,1788185501.8135936,1771.9855308532715
frag500_multi_stream_FAIR,500,multi_stream,FAIR,0,baseline,Q1,1788185526.2301202,1788185533.663224,7433.103799819946
frag500_multi_stream_FAIR,500,multi_stream,FAIR,0,baseline,Q3,1788185533.6698208,1788185535.9039738,2234.1530323028564
frag500_multi_stream_FAIR,500,multi_stream,FAIR,0,baseline,Q6,1788185535.9047067,1788185537.4830532,1578.3464908599854
frag500_multi_stream_FAIR,500,multi_stream,FAIR,0,baseline,Q12,1788185537.4837542,1788185539.3136587,1829.904556274414
frag500_multi_stream_FAIR,500,multi_stream,FAIR,0,baseline,Q14,1788185539.314093,1788185541.002689,1688.5957717895508
frag500_multi_stream_FAIR,500,multi_stream,FAIR,0,baseline,Q18,1788185541.0033526,1788185544.5607338,3557.3811531066895
frag500_multi_stream_FAIR,500,multi_stream,FAIR,0,concurrent,Q1,1788185560.7256105,1788185568.8959985,8170.387983322144
frag500_multi_stream_FAIR,500,multi_stream,FAIR,0,concurrent,Q3,1788185568.9026685,1788185571.3568363,2454.1678428649902
frag500_multi_stream_FAIR,500,multi_stream,FAIR,0,concurrent,Q6,1788185571.3576262,1788185573.1993814,1841.7551517486572
frag500_multi_stream_FAIR,500,multi_stream,FAIR,0,concurrent,Q12,1788185573.19995,1788185575.0442934,1844.3434238433838
frag500_multi_stream_FAIR,500,multi_stream,FAIR,0,concurrent,Q14,1788185575.0448167,1788185576.6971474,1652.3306369781494
frag500_multi_stream_FAIR,500,multi_stream,FAIR,0,concurrent,Q18,1788185576.6978364,1788185580.27918,3581.343650817871
frag500_multi_stream_FAIR,500,multi_stream,FAIR,1,concurrent,Q1,1788185596.0520985,1788185603.5809147,7528.816223144531
frag500_multi_stream_FAIR,500,multi_stream,FAIR,1,concurrent,Q3,1788185603.5815563,1788185605.9154718,2333.9154720306396
frag500_multi_stream_FAIR,500,multi_stream,FAIR,1,concurrent,Q6,1788185605.91623,1788185607.686105,1769.8750495910645
frag500_multi_stream_FAIR,500,multi_stream,FAIR,1,concurrent,Q12,1788185607.6868126,1788185609.5746672,1887.8545761108398
frag500_multi_stream_FAIR,500,multi_stream,FAIR,1,concurrent,Q14,1788185609.5754006,1788185611.228381,1652.9803276062012
frag500_multi_stream_FAIR,500,multi_stream,FAIR,1,concurrent,Q18,1788185611.2291403,1788185614.8092356,3580.0952911376953
frag500_multi_stream_FAIR,500,multi_stream,FAIR,1,baseline,Q1,1788185629.0144508,1788185636.7448785,7730.4277420043945
frag500_multi_stream_FAIR,500,multi_stream,FAIR,1,baseline,Q3,1788185636.745681,1788185638.9385662,2192.885160446167
frag500_multi_stream_FAIR,500,multi_stream,FAIR,1,baseline,Q6,1788185638.9394488,1788185640.6523314,1712.8825187683105
frag500_multi_stream_FAIR,500,multi_stream,FAIR,1,baseline,Q12,1788185640.652901,1788185642.5047715,1851.8705368041992
frag500_multi_stream_FAIR,500,multi_stream,FAIR,1,baseline,Q14,1788185642.5054057,1788185644.1913688,1685.9631538391113
frag500_multi_stream_FAIR,500,multi_stream,FAIR,1,baseline,Q18,1788185644.1920474,1788185647.7307627,3538.715362548828
frag500_multi_stream_FAIR,500,multi_stream,FAIR,2,baseline,Q1,1788185662.5258894,1788185669.773672,7247.7827072143555
frag500_multi_stream_FAIR,500,multi_stream,FAIR,2,baseline,Q3,1788185669.7759972,1788185672.0469077,2270.9105014801025
frag500_multi_stream_FAIR,500,multi_stream,FAIR,2,baseline,Q6,1788185672.0476174,1788185673.756217,1708.59956741333
frag500_multi_stream_FAIR,500,multi_stream,FAIR,2,baseline,Q12,1788185673.756793,1788185675.557751,1800.9579181671143
frag500_multi_stream_FAIR,500,multi_stream,FAIR,2,baseline,Q14,1788185675.5585783,1788185677.2545555,1695.9772109985352
frag500_multi_stream_FAIR,500,multi_stream,FAIR,2,baseline,Q18,1788185677.2552779,1788185680.7844565,3529.1786193847656
frag500_multi_stream_FAIR,500,multi_stream,FAIR,2,concurrent,Q1,1788185697.1279783,1788185704.6877925,7559.814214706421
frag500_multi_stream_FAIR,500,multi_stream,FAIR,2,concurrent,Q3,1788185704.6900578,1788185707.2909453,2600.8875370025635
frag500_multi_stream_FAIR,500,multi_stream,FAIR,2,concurrent,Q6,1788185707.2918339,1788185709.0541077,1762.2737884521484
frag500_multi_stream_FAIR,500,multi_stream,FAIR,2,concurrent,Q12,1788185709.0549214,1788185710.8807354,1825.8140087127686
frag500_multi_stream_FAIR,500,multi_stream,FAIR,2,concurrent,Q14,1788185710.8814867,1788185712.5499167,1668.4300899505615
frag500_multi_stream_FAIR,500,multi_stream,FAIR,2,concurrent,Q18,1788185712.5506053,1788185716.027179,3476.573705673218
frag500_multi_stream_FAIR,500,multi_stream,FAIR,3,concurrent,Q1,1788185731.8554049,1788185739.5887651,7733.360290527344
frag500_multi_stream_FAIR,500,multi_stream,FAIR,3,concurrent,Q3,1788185739.5911896,1788185741.9820888,2390.899181365967
frag500_multi_stream_FAIR,500,multi_stream,FAIR,3,concurrent,Q6,1788185741.9829733,1788185743.7473955,1764.4221782684326
frag500_multi_stream_FAIR,500,multi_stream,FAIR,3,concurrent,Q12,1788185743.7478971,1788185745.692223,1944.3259239196777
frag500_multi_stream_FAIR,500,multi_stream,FAIR,3,concurrent,Q14,1788185745.6929326,1788185747.3440356,1651.1030197143555
frag500_multi_stream_FAIR,500,multi_stream,FAIR,3,concurrent,Q18,1788185747.3448021,1788185750.8727736,3527.9715061187744
frag500_multi_stream_FAIR,500,multi_stream,FAIR,3,baseline,Q1,1788185765.4830406,1788185772.7960114,7312.970876693726
frag500_multi_stream_FAIR,500,multi_stream,FAIR,3,baseline,Q3,1788185772.7967017,1788185774.9859114,2189.2096996307373
frag500_multi_stream_FAIR,500,multi_stream,FAIR,3,baseline,Q6,1788185774.9866831,1788185776.7344377,1747.7545738220215
frag500_multi_stream_FAIR,500,multi_stream,FAIR,3,baseline,Q12,1788185776.7349849,1788185778.5950208,1860.0358963012695
frag500_multi_stream_FAIR,500,multi_stream,FAIR,3,baseline,Q14,1788185778.5956607,1788185780.2791567,1683.4959983825684
frag500_multi_stream_FAIR,500,multi_stream,FAIR,3,baseline,Q18,1788185780.2796712,1788185784.0226464,3742.9752349853516
frag500_multi_stream_FAIR,500,multi_stream,FAIR,4,baseline,Q1,1788185798.5057466,1788185805.9477394,7441.99275970459
frag500_multi_stream_FAIR,500,multi_stream,FAIR,4,baseline,Q3,1788185805.9500651,1788185808.1577773,2207.712173461914
frag500_multi_stream_FAIR,500,multi_stream,FAIR,4,baseline,Q6,1788185808.1585338,1788185809.9003084,1741.774559020996
frag500_multi_stream_FAIR,500,multi_stream,FAIR,4,baseline,Q12,1788185809.9009793,1788185811.7618783,1860.8989715576172
frag500_multi_stream_FAIR,500,multi_stream,FAIR,4,baseline,Q14,1788185811.7626016,1788185813.4132004,1650.5987644195557
frag500_multi_stream_FAIR,500,multi_stream,FAIR,4,baseline,Q18,1788185813.4138987,1788185816.9717495,3557.8508377075195
frag500_multi_stream_FAIR,500,multi_stream,FAIR,4,concurrent,Q1,1788185833.2384732,1788185841.1518083,7913.335084915161
frag500_multi_stream_FAIR,500,multi_stream,FAIR,4,concurrent,Q3,1788185841.154155,1788185843.5524805,2398.3254432678223
frag500_multi_stream_FAIR,500,multi_stream,FAIR,4,concurrent,Q6,1788185843.5532677,1788185845.3898807,1836.6129398345947
frag500_multi_stream_FAIR,500,multi_stream,FAIR,4,concurrent,Q12,1788185845.3907287,1788185847.2622128,1871.4840412139893
frag500_multi_stream_FAIR,500,multi_stream,FAIR,4,concurrent,Q14,1788185847.2627456,1788185848.9245985,1661.8528366088867
frag500_multi_stream_FAIR,500,multi_stream,FAIR,4,concurrent,Q18,1788185848.9253898,1788185852.5580084,3632.6186656951904
