config_id,qir_pct,sla_violation_10pct,pred_reg_Mean_Baseline,pred_reg_Median_Baseline,pred_reg_Ridge,pred_reg_Lasso,pred_reg_RandomForest,pred_reg_GradientBoosting,pred_cls_prob_Majority_Baseline,pred_cls_class_Majority_Baseline,pred_cls_prob_RandomForest_Classifier,pred_cls_class_RandomForest_Classifier
frag50_single_stream_FIFO,35.0478663059414,1,3.172101573171858,2.2757430982946247,12.605264607976038,14.236686989625683,4.6283416293906825,7.2713304830942835,0.0,0,0.5608501817279703,1
frag50_single_stream_FIFO,-4.365461453719339,0,3.172101573171858,2.2757430982946247,2.2268408378224156,0.49226350037683986,4.822587951014923,0.1678720592540924,0.0,0,0.5044232731556808,1
frag50_single_stream_FIFO,6.157604932116373,0,3.172101573171858,2.2757430982946247,1.897955898734758,3.114422339998862,5.84884847874665,7.00214633519773,0.0,0,0.5081531103246951,1
frag50_single_stream_FIFO,16.42621261844445,1,3.172101573171858,2.2757430982946247,4.499152197043881,6.415400462401992,5.111267679959747,8.93730154589802,0.0,0,0.5528722998770346,1
frag50_multi_stream_FIFO,2.9604842697990623,0,3.259373694904428,2.03470320779052,4.8794204470236195,4.627460884916837,2.9304362621463995,1.679025023520005,0.0,0,0.12571777120137775,0
frag50_multi_stream_FIFO,12.593935963908931,1,3.259373694904428,2.03470320779052,10.199809697882728,11.048592338587014,4.890113717778923,4.9670212102224145,0.0,0,0.4083539179829513,0
frag50_multi_stream_FIFO,11.918104427451674,1,3.259373694904428,2.03470320779052,8.062356229028346,8.865866386538304,6.827591811161041,12.828277494349914,0.0,0,0.6695707762778901,1
frag50_multi_stream_FIFO,-0.6548046189818023,0,3.259373694904428,2.03470320779052,1.7884002563568662,1.6545670663397312,5.679563676316338,4.959127736181846,0.0,0,0.5186461147329166,1
frag50_multi_stream_FIFO,8.05941242242554,0,3.259373694904428,2.03470320779052,2.7178957708575795,4.378789844289394,6.1043368422927005,6.956455636737891,0.0,0,0.5713591337699021,1
frag50_multi_stream_FIFO,2.287327529563869,0,3.259373694904428,2.03470320779052,2.0652934699849896,3.013123508305072,1.0964648597206266,-0.7768612012495083,0.0,0,0.13176825993677366,0
frag50_multi_stream_FIFO,4.327255343808503,0,3.259373694904428,2.03470320779052,13.558777437777415,11.592461340347803,3.7776831301184166,8.304582215889775,0.0,0,0.1390910762966656,0
frag50_multi_stream_FIFO,4.608834559126264,0,3.259373694904428,2.03470320779052,16.107379230414367,12.962901419106917,5.742076665785138,10.657614791276403,0.0,0,0.4451231068554788,0
frag50_multi_stream_FIFO,0.9900644315450196,0,3.259373694904428,2.03470320779052,14.408149869710904,10.96377595508671,6.69469811578388,9.253303863189378,0.0,0,0.6722726793999922,1
frag50_multi_stream_FIFO,3.1329462805564465,0,3.259373694904428,2.03470320779052,10.164348116511587,8.133464118082912,6.556950602099981,9.057743750849315,0.0,0,0.5071917296987308,1
frag50_multi_stream_FIFO,-4.113787712643832,0,3.259373694904428,2.03470320779052,8.441173618572803,5.839777943628442,2.6116946488162363,4.7486829090066935,0.0,0,0.4811863674499079,0
frag50_multi_stream_FIFO,3.5745634256235843,0,3.259373694904428,2.03470320779052,10.230736783848295,9.062446533197356,2.155960158127928,5.93187575533296,0.0,0,0.13404013577750543,0
frag50_multi_stream_FIFO,6.268882572644338,0,3.259373694904428,2.03470320779052,28.174347720190323,23.519818874069465,4.925333698856482,14.369709887340536,0.0,0,0.15277100053908982,0
frag50_multi_stream_FIFO,2.95336856232957,0,3.259373694904428,2.03470320779052,29.078100718650234,21.700767003267146,6.445304092743097,10.443201524807142,0.0,0,0.4254071473206633,0
frag50_multi_stream_FIFO,33.40004421424533,1,3.259373694904428,2.03470320779052,32.126257226882444,29.566904555948355,10.832643012471772,19.48772610964287,0.0,0,0.6728944793279363,1
frag50_multi_stream_FIFO,-3.696247658204614,0,3.259373694904428,2.03470320779052,22.161623400173525,15.080371290605456,7.276056267752584,8.23648910787458,0.0,0,0.5174243632375083,1
frag50_multi_stream_FIFO,7.880216859977803,0,3.259373694904428,2.03470320779052,23.50600876823824,18.89330400934945,8.095454972605603,12.25906408874101,0.0,0,0.5983119854490969,1
frag50_multi_stream_FIFO,-0.1696823799925352,0,3.259373694904428,2.03470320779052,22.10028919851477,15.994620335868502,2.9923503444921193,6.018460303741885,0.0,0,0.15520079961931332,0
frag50_multi_stream_FIFO,8.12791051786454,0,3.259373694904428,2.03470320779052,17.89589130431174,17.766755796883622,4.329473447729427,13.9959910480446,0.0,0,0.14952775729584658,0
frag50_multi_stream_FIFO,11.751515773838662,1,3.259373694904428,2.03470320779052,19.126795108325346,16.99890315818659,5.965711437851483,10.146283643424269,0.0,0,0.42713185279536886,0
frag50_multi_stream_FIFO,-2.498319898405345,0,3.259373694904428,2.03470320779052,15.23638746862446,10.939732269237066,4.170460440431376,10.330388846042121,0.0,0,0.6735820579530148,1
frag50_multi_stream_FIFO,10.933952616562872,1,3.259373694904428,2.03470320779052,12.899629792266799,11.771887711993886,7.00050264634617,13.320973565833713,0.0,0,0.5336945232576684,1
frag50_multi_stream_FIFO,-4.996762484848959,0,3.259373694904428,2.03470320779052,9.750527279973355,6.702844599169951,2.150418921120189,4.167566386274024,0.0,0,0.4841902131973977,0
frag50_multi_stream_FIFO,-4.948720733976594,0,3.259373694904428,2.03470320779052,8.907567487769242,4.4621015752474635,2.5227096049136066,5.721542422359012,0.0,0,0.16154088970940342,0
frag200_single_stream_FIFO,5.747747104874414,0,3.172101573171858,2.2757430982946247,4.591014475219399,3.224813904733516,5.98487363080686,6.405016619383748,0.0,0,0.5472932569795276,1
frag200_single_stream_FIFO,13.705127825170004,1,3.172101573171858,2.2757430982946247,9.292998718304302,5.987525740833222,6.761784770547494,13.101943332778728,0.0,0,0.5517866565991336,1
frag200_single_stream_FIFO,20.62182730530776,1,3.172101573171858,2.2757430982946247,7.296325660968414,7.887879327481789,6.356354229825106,13.632405256457496,0.0,0,0.5951761461244847,1
frag200_single_stream_FIFO,8.379541567612762,0,3.172101573171858,2.2757430982946247,2.676181272531704,3.3776950383326625,5.512723114201857,6.852233827530588,0.0,0,0.5062032099788472,1
frag200_multi_stream_FIFO,9.43750980484926,0,3.259373694904428,2.03470320779052,11.798225569102982,13.680463612491572,2.9458287529500513,6.412800764997442,0.0,0,0.09362216271914547,0
frag200_multi_stream_FIFO,1.5166527526922506,0,3.259373694904428,2.03470320779052,10.420458884447788,7.5012798555171925,4.682043194618721,4.875726611130593,0.0,0,0.28312444003785847,0
frag200_multi_stream_FIFO,9.012223856183745,0,3.259373694904428,2.03470320779052,10.739643546242975,9.335668253797667,5.904636690810122,6.46591396342954,0.0,0,0.3292879760170652,0
frag200_multi_stream_FIFO,-2.045093199025077,0,3.259373694904428,2.03470320779052,4.23610366230845,2.2273477690006507,2.2951216972679407,3.8602186891793244,0.0,0,0.20801859256890012,0
frag200_multi_stream_FIFO,-1.9556448030138789,0,3.259373694904428,2.03470320779052,3.7702175398579,2.3359010097405646,0.35384376613999463,-2.157273583579466,0.0,0,0.18786727051691215,0
frag200_multi_stream_FIFO,2.518533465322588,0,3.259373694904428,2.03470320779052,5.062163957583143,4.206114212869633,0.8458981517412204,-0.7276944397389065,0.0,0,0.08756244867372916,0
frag200_multi_stream_FIFO,6.497371550342591,0,3.259373694904428,2.03470320779052,9.332095070619971,9.875713615794403,3.009618220110797,4.998623171104249,0.0,0,0.15371634669995327,0
frag200_multi_stream_FIFO,8.66916207445291,0,3.259373694904428,2.03470320779052,11.42779897719944,10.199422190347185,5.019997575310151,4.11976153937069,0.0,0,0.4212464768236558,0
frag200_multi_stream_FIFO,15.213613231506756,1,3.259373694904428,2.03470320779052,11.383911098853453,11.282832974541261,6.195030535083099,8.315804588763166,0.0,0,0.6137831867645331,1
frag200_multi_stream_FIFO,-1.6108205747005797,0,3.259373694904428,2.03470320779052,3.858863462532572,2.2483460042755317,2.6559888048923845,4.898312857775578,0.0,0,0.5453243556853902,1
frag200_multi_stream_FIFO,-5.282763764375961,0,3.259373694904428,2.03470320779052,2.8553171649334907,1.0611807583272457,-2.2762192829297563,-1.7105251435018183,0.0,0,0.490260525659634,0
frag200_multi_stream_FIFO,1.3403530353918436,0,3.259373694904428,2.03470320779052,3.9921402494577882,3.30461160770854,1.1958660873507927,-0.7359758145904626,0.0,0,0.14463863030714402,0
frag200_multi_stream_FIFO,3.302865215977971,0,3.259373694904428,2.03470320779052,7.751213012049966,6.1386882636944415,2.802895404281445,4.717358509638409,0.0,0,0.12333970643668919,0
frag200_multi_stream_FIFO,11.672894081578075,1,3.259373694904428,2.03470320779052,12.724175103881109,11.723256236732027,5.035934086453142,5.11094144574352,0.0,0,0.3717627709068186,0
frag200_multi_stream_FIFO,0.7682871533091021,0,3.259373694904428,2.03470320779052,9.375975376156315,6.809835205995944,3.4972984862581376,5.198011832492083,0.0,0,0.39941476525595554,0
frag200_multi_stream_FIFO,8.97048220166156,0,3.259373694904428,2.03470320779052,6.183176187089499,5.901232471540726,5.531197788858417,7.236652349854531,0.0,0,0.5007866628060585,1
frag200_multi_stream_FIFO,-0.4604059914304514,0,3.259373694904428,2.03470320779052,4.096969877982916,2.901362423467533,1.6646731829929848,1.7219432056426578,0.0,0,0.3802067521423171,0
frag200_multi_stream_FIFO,4.065989958098617,0,3.259373694904428,2.03470320779052,5.348700658523745,5.231296817827931,0.8880056738979454,-0.026829632920625436,0.0,0,0.10711954720520689,0
frag200_multi_stream_FIFO,6.178960293838602,0,3.259373694904428,2.03470320779052,10.758042247713242,10.37088723853072,3.017668273457124,6.538817575816758,0.0,0,0.10449017897378551,0
frag200_multi_stream_FIFO,15.49914708277406,1,3.259373694904428,2.03470320779052,14.571310452434995,13.800913753434372,5.071816720391826,5.257625248452993,0.0,0,0.38913536202804766,0
frag200_multi_stream_FIFO,5.804704527737075,0,3.259373694904428,2.03470320779052,11.435860711864983,9.132083595290656,6.0992422372435,7.815716927519962,0.0,0,0.5237972641810736,1
frag200_multi_stream_FIFO,7.026799232989443,0,3.259373694904428,2.03470320779052,7.166934631254451,6.069964709144117,5.806024660470463,8.585164583059019,0.0,0,0.5121295258930236,1
frag200_multi_stream_FIFO,-0.5590931640894518,0,3.259373694904428,2.03470320779052,5.293731486586363,3.6048111618466665,1.8996191279631045,1.5863702701465214,0.0,0,0.38733855089347186,0
frag200_multi_stream_FIFO,-0.253685709154256,0,3.259373694904428,2.03470320779052,5.2154216131437465,3.2560911837842275,1.1249666764938702,0.19428041213164196,0.0,0,0.10928441099125738,0
frag500_single_stream_FIFO,13.498291525463094,1,3.172101573171858,2.2757430982946247,1.6114838524241442,4.139661333702929,6.499892566835136,9.979482685921399,0.0,0,0.1377918872922743,0
frag500_single_stream_FIFO,11.350414280378931,1,3.172101573171858,2.2757430982946247,1.4149839604528116,3.502789471640291,6.636464073220023,8.348163653023564,0.0,0,0.3127277612258832,0
frag500_single_stream_FIFO,7.569077065926806,0,3.172101573171858,2.2757430982946247,0.9036260535915468,2.3105384241776843,4.6000374406045985,6.728274008133182,0.0,0,0.21833734068976562,0
frag500_single_stream_FIFO,-5.598838436839074,0,3.172101573171858,2.2757430982946247,-1.0123360089334708,-1.3000101249688285,-1.9082546809864112,-5.3083541973855,0.0,0,0.33104236420766464,0
frag500_multi_stream_FIFO,3.668270880571999,0,3.172101573171858,2.2757430982946247,2.0783502414595887,2.6686959762209685,4.326336416052594,1.6810219650306744,0.0,0,0.08552860307905898,0
frag500_multi_stream_FIFO,3.5208165676420733,0,3.172101573171858,2.2757430982946247,5.168170349260174,5.354776731204861,7.176843968235097,5.114065908585836,0.0,0,0.5839348266142833,1
frag500_multi_stream_FIFO,1.6036349219071897,0,3.172101573171858,2.2757430982946247,5.0672742651725615,5.263606867682504,1.137222842007038,0.6973018057117002,0.0,0,0.5179414751091032,1
frag500_multi_stream_FIFO,2.949941691095132,0,3.172101573171858,2.2757430982946247,-0.5645197376458637,0.7631385668602437,0.34893474197851637,-0.3403571915100866,0.0,0,0.361309441371155,0
frag500_multi_stream_FIFO,-1.18150474062354,0,3.172101573171858,2.2757430982946247,-2.596434629884866,-1.1098671544100345,-0.8063092358111341,-2.799311677894877,0.0,0,0.2989788457758303,0
frag500_multi_stream_FIFO,0.0616324899977527,0,3.172101573171858,2.2757430982946247,-1.6928716709478864,-0.40511746165919416,0.9673214750137931,-1.436109125101232,0.0,0,0.09657106909830518,0
frag500_multi_stream_FIFO,3.694454954809901,0,3.172101573171858,2.2757430982946247,2.241298335092949,2.733273313674731,4.3000872636421485,2.289711501779207,0.0,0,0.144116436993718,0
frag500_multi_stream_FIFO,5.152505212452788,0,3.172101573171858,2.2757430982946247,5.570508242509973,5.978830532022307,6.959290109745763,8.384180462273507,0.0,0,0.5757527643529646,1
frag500_multi_stream_FIFO,0.1041608280552286,0,3.172101573171858,2.2757430982946247,4.980615989113136,4.973648347119592,-0.12166129828037038,-0.4787253841124696,0.0,0,0.3888024665775589,0
frag500_multi_stream_FIFO,2.265623704560977,0,3.172101573171858,2.2757430982946247,-0.537887486063712,0.6765706864356762,0.03554803111131658,0.9091559875577974,0.0,0,0.366691226932334,0
frag500_multi_stream_FIFO,0.8406903883961859,0,3.172101573171858,2.2757430982946247,-2.198906400588634,-0.5222202094261359,-1.5035065695930254,-1.2691501373128777,0.0,0,0.33405688408573275,0
frag500_multi_stream_FIFO,-4.500641452793507,0,3.172101573171858,2.2757430982946247,-2.8794338673820445,-2.7005664762559363,0.6551149085421827,-1.9844210031178098,0.0,0,0.1563995525294758,0
frag500_multi_stream_FIFO,0.1540911225518789,0,3.172101573171858,2.2757430982946247,1.219270706970384,-0.6654449679123555,4.34307965595303,2.2343830205960784,0.0,0,0.09530134811681462,0
frag500_multi_stream_FIFO,8.76454856315771,0,3.172101573171858,2.2757430982946247,7.223566100176722,7.406930918929804,7.613061379799181,11.909500284561812,0.0,0,0.6973606871510217,1
frag500_multi_stream_FIFO,4.379832996909661,0,3.172101573171858,2.2757430982946247,6.592477798182191,6.287958925935047,2.2477692763975035,4.35223779717236,0.0,0,0.6186713220696783,1
frag500_multi_stream_FIFO,1.8064955952018888,0,3.172101573171858,2.2757430982946247,0.4090200929500738,0.7965363332216189,0.5774084505559759,1.1759936730453777,0.0,0,0.42111537621385253,0
frag500_multi_stream_FIFO,0.4535836164730287,0,3.172101573171858,2.2757430982946247,-1.220714427828375,-0.373287009346031,2.394398204346396,0.3222441027529875,0.0,0,0.37086229094486384,0
frag500_multi_stream_FIFO,-0.2155922534105423,0,3.172101573171858,2.2757430982946247,-0.6034014233573557,-0.20294170341268014,1.009527902461796,0.08974873821339586,0.0,0,0.11402899932124601,0
frag500_multi_stream_FIFO,7.813995588292941,0,3.172101573171858,2.2757430982946247,3.956386632637034,6.652505583961238,4.357585319886082,3.0459059253385594,0.0,0,0.08782636070704462,0
frag500_multi_stream_FIFO,10.289385285244212,1,3.172101573171858,2.2757430982946247,5.924133988302401,7.415527651489299,7.194451799614455,9.807738643436771,0.0,0,0.6398340771071335,1
frag500_multi_stream_FIFO,2.80726756859643,0,3.172101573171858,2.2757430982946247,4.828014197495,5.470655127337195,1.5389277883685535,2.314902544570939,0.0,0,0.5211301717741419,1
frag500_multi_stream_FIFO,1.1797242859029924,0,3.172101573171858,2.2757430982946247,-1.2230835511003542,0.20584035077874852,0.660710082780622,0.9735637593071265,0.0,0,0.37113857598266636,0
frag500_multi_stream_FIFO,8.21450785773602,0,3.172101573171858,2.2757430982946247,-1.773179649198426,1.054844854363301,0.9616058353821525,4.147349537333497,0.0,0,0.4179705054164141,0
frag500_multi_stream_FIFO,0.0591360135752424,0,3.172101573171858,2.2757430982946247,-2.074296457814533,-0.48828168758021384,0.9139688966576527,-0.1826013637137485,0.0,0,0.1101094762428024,0
frag50_single_stream_FAIR,4.141591665856127,0,4.0244883962684534,2.720745398116267,9.256390261109058,8.039965925675588,2.0161130072310067,2.2133564404765327,0.0,0,0.35359809194987285,0
frag50_single_stream_FAIR,-5.153385001277604,0,4.0244883962684534,2.720745398116267,5.2397301194701775,3.8585129814535373,1.3187291461482393,-5.076680963302078,0.0,0,0.3165053036677696,0
frag50_single_stream_FAIR,-0.4875197608294881,0,4.0244883962684534,2.720745398116267,8.195251378150054,6.595098233974697,-2.039252744888566,-1.7156805949937,0.0,0,0.3789628405746064,0
frag50_single_stream_FAIR,3.445113786780177,0,4.0244883962684534,2.720745398116267,6.90979119957901,6.498438639630213,0.6774725259932759,-1.0687659073753621,0.0,0,0.39991278090372256,0
frag50_multi_stream_FAIR,0.9978636114757804,0,4.102961838352892,3.2221406329265205,0.08006293679960841,-2.2051936084807293,5.767281534419181,5.069889189238603,0.0,0,0.17590502807312586,0
frag50_multi_stream_FAIR,3.777091795153889,0,4.102961838352892,3.2221406329265205,4.791849676762447,5.001285170259151,8.071179827147787,8.824295037362237,0.0,0,0.7475066508953134,1
frag50_multi_stream_FAIR,17.949086838505597,1,4.102961838352892,3.2221406329265205,5.468063897925088,9.135791177824636,13.19470843460109,13.58339105555116,0.0,0,0.664059524975433,1
frag50_multi_stream_FAIR,-0.921600611866121,0,4.102961838352892,3.2221406329265205,-0.7713238150254913,0.16508172867008986,-0.5834104008171119,-0.7132687041688541,0.0,0,0.39650375667725896,0
frag50_multi_stream_FAIR,2.9129706561013444,0,4.102961838352892,3.2221406329265205,-1.9583112442158388,0.8480736007104297,0.8279488241953082,0.821458332984632,0.0,0,0.4173079106010203,0
frag50_multi_stream_FAIR,-0.9710106988616984,0,4.102961838352892,3.2221406329265205,-2.8028154878088865,-1.627625202925528,1.6568323691431062,2.005749018862372,0.0,0,0.19140929446043997,0
frag50_multi_stream_FAIR,8.82380119863973,0,4.102961838352892,3.2221406329265205,7.429266347650115,10.784668571490084,5.805262862946426,7.845610071097532,0.0,0,0.1707159782792033,0
frag50_multi_stream_FAIR,3.779701513794691,0,4.102961838352892,3.2221406329265205,6.225593306094748,5.302893903308179,8.032316223198631,8.824295037362237,0.0,0,0.7167073492240934,1
frag50_multi_stream_FAIR,15.040529734650969,1,4.102961838352892,3.2221406329265205,5.879932277047308,7.9033079259599965,3.454404618566828,6.551639283236549,0.0,0,0.41982965993295984,0
frag50_multi_stream_FAIR,-0.2071121138816168,0,4.102961838352892,3.2221406329265205,0.7594370828037733,0.7512099261187166,1.2265303765708075,1.5324528530132913,0.0,0,0.36367608824330483,0
frag50_multi_stream_FAIR,-1.3929013648377615,0,4.102961838352892,3.2221406329265205,-1.2628444558803924,-0.3465430173643247,0.3078585106611575,-1.1898330219603424,0.0,0,0.3956296754632385,0
frag50_multi_stream_FAIR,1.1382347008057736,0,4.102961838352892,3.2221406329265205,-0.8663173223461609,0.4327481402367659,1.7543149036067753,2.005749018862372,0.0,0,0.18563596052960168,0
frag50_multi_stream_FAIR,1.3977345497893534,0,4.102961838352892,3.2221406329265205,9.984429424452602,-0.4636002953460858,6.978880721961486,3.294203514412456,0.0,0,0.12707770906277638,0
frag50_multi_stream_FAIR,2.4296545009065458,0,4.102961838352892,3.2221406329265205,14.292394950255058,5.378283016504979,9.142784072994063,15.393267701667956,0.0,0,0.5952055984816713,1
frag50_multi_stream_FAIR,13.014297932112068,1,4.102961838352892,3.2221406329265205,13.997577589095084,7.977801744045141,6.245270689039811,6.427523397594635,0.0,0,0.3205282164825664,0
frag50_multi_stream_FAIR,1.22061318035533,0,4.102961838352892,3.2221406329265205,9.667868020786514,1.9049884819852507,8.141183320583242,-0.13707163473820091,0.0,0,0.4102800807006971,0
frag50_multi_stream_FAIR,-3.0618432634465838,0,4.102961838352892,3.2221406329265205,6.86941126803325,-0.22622104579666225,3.336657387701519,-1.0334127600614151,0.0,0,0.31136770569705574,0
frag50_multi_stream_FAIR,1.0915373972698812,0,4.102961838352892,3.2221406329265205,7.544931713463951,1.095556069227523,3.4010998194126034,2.1394792490878354,0.0,0,0.14297491458629769,0
frag50_multi_stream_FAIR,4.37083920922166,0,4.102961838352892,3.2221406329265205,3.823906701239347,4.7372115979329665,5.786648211573135,4.326715066082911,0.0,0,0.09298255542227389,0
frag50_multi_stream_FAIR,5.135176074950215,0,4.102961838352892,3.2221406329265205,6.560996120087344,7.114060676191057,7.998367070146742,7.129264977753282,0.0,0,0.5666970436839496,1
frag50_multi_stream_FAIR,24.2704384092508,1,4.102961838352892,3.2221406329265205,7.435770095841514,12.096335784371323,8.225198735402397,13.719513428680774,0.0,0,0.4486844397460834,0
frag50_multi_stream_FAIR,0.6121227183522843,0,4.102961838352892,3.2221406329265205,1.009554733633046,2.2661502203503696,1.5495264228505494,1.368022125514843,0.0,0,0.24487582751955375,0
frag50_multi_stream_FAIR,-1.444348859267749,0,4.102961838352892,3.2221406329265205,-1.1251220037079417,0.7995460833300334,0.01585387530174847,0.10177764552969135,0.0,0,0.2773015298563395,0
frag50_multi_stream_FAIR,2.9533963353661115,0,4.102961838352892,3.2221406329265205,-0.08747066958853811,2.956532995516576,1.4526586770055263,1.4010984032492089,0.0,0,0.10387719654206803,0
frag200_single_stream_FAIR,-4.796380583049248,0,4.0244883962684534,2.720745398116267,7.111506021518766,5.269312263385555,-1.38122557735713,-2.970168352639103,0.0,0,0.2981716147667795,0
frag200_single_stream_FAIR,7.375586940960786,0,4.0244883962684534,2.720745398116267,6.873977704223725,7.140621354656923,6.227549839468195,3.1020191166356157,0.0,0,0.3987355558161541,0
frag200_single_stream_FAIR,18.286511385145285,1,4.0244883962684534,2.720745398116267,9.324409135843117,10.195020030351255,12.033015561161003,16.39452476004566,0.0,0,0.4036514838934837,0
frag200_single_stream_FAIR,19.312222368283923,1,4.0244883962684534,2.720745398116267,9.51047882826565,10.387355758605391,10.471141998821377,16.041632010569675,0.0,0,0.2783946544463513,0
frag200_multi_stream_FAIR,1.9679178653795617,0,4.102961838352892,3.2221406329265205,1.5572321377173872,-0.5795253341427182,6.062625847674176,5.300946725438028,0.0,0,0.11158248609686988,0
frag200_multi_stream_FAIR,2.634223227636104,0,4.102961838352892,3.2221406329265205,5.800228696416481,4.376831183223367,8.194051751908278,7.139837332446445,0.0,0,0.4420807910993602,0
frag200_multi_stream_FAIR,-3.5792824122030398,0,4.102961838352892,3.2221406329265205,3.0135270105801935,1.0960934196288896,0.5939415609665087,0.1349824921208062,0.0,0,0.26009115647672304,0
frag200_multi_stream_FAIR,-12.168305642982972,0,4.102961838352892,3.2221406329265205,-1.652828500033066,-4.996698807059624,-5.196533933533109,-9.228468806705212,0.0,0,0.20632970580531346,0
frag200_multi_stream_FAIR,-3.9567553444654417,0,4.102961838352892,3.2221406329265205,-1.8632021463829807,-1.6807610975711453,-0.21781678838902122,-1.5152745248868167,0.0,0,0.25290485739568713,0
frag200_multi_stream_FAIR,-2.57048525337392,0,4.102961838352892,3.2221406329265205,-2.2375695219820226,-2.879044938354409,1.7972389419545787,1.7816191751143693,0.0,0,0.11076062003963053,0
frag200_multi_stream_FAIR,-0.1039405259746242,0,4.102961838352892,3.2221406329265205,1.6704342612620473,-3.3218923032512206,5.082590172506133,3.6529605204455247,0.0,0,0.0966916050350493,0
frag200_multi_stream_FAIR,13.283311641853835,1,4.102961838352892,3.2221406329265205,9.461627331614121,9.70658090975687,7.290988250183582,10.34334290480048,0.0,0,0.6393827256880401,1
frag200_multi_stream_FAIR,-4.054484299074672,0,4.102961838352892,3.2221406329265205,4.4629197543006,1.5176740584718154,0.3967958061388174,-0.06885571167683502,0.0,0,0.2526169297860803,0
frag200_multi_stream_FAIR,4.122378852231318,0,4.102961838352892,3.2221406329265205,2.9049020029039223,2.543909340790571,2.818545647736905,5.03143053876799,0.0,0,0.23973935062241772,0
frag200_multi_stream_FAIR,-0.4131007005676829,0,4.102961838352892,3.2221406329265205,0.2746548624037879,0.12490039716631207,0.0862346359625385,0.3581821498555092,0.0,0,0.25971481338396396,0
frag200_multi_stream_FAIR,-1.6829678590604549,0,4.102961838352892,3.2221406329265205,-0.5113803079286381,-1.4725115323256768,1.2611678556798445,1.8469165323632426,0.0,0,0.10126217208076936,0
frag200_multi_stream_FAIR,4.473451083553197,0,4.102961838352892,3.2221406329265205,3.2429541680836653,2.929040671105608,5.1045939248832415,5.055551559554255,0.0,0,0.07441290067693856,0
frag200_multi_stream_FAIR,8.627311639346203,0,4.102961838352892,3.2221406329265205,7.172319750206716,6.8193637371081,7.282876442696715,5.782749734680809,0.0,0,0.35300410338347116,0
frag200_multi_stream_FAIR,1.747157147019585,0,4.102961838352892,3.2221406329265205,4.001224507845029,2.8440371317232866,0.6110138341639574,2.056206833828252,0.0,0,0.14849503721555726,0
frag200_multi_stream_FAIR,-0.6257551338917334,0,4.102961838352892,3.2221406329265205,0.6564813531633296,-0.11788563711465283,0.24408174454945297,1.335398187873491,0.0,0,0.12786727244844828,0
frag200_multi_stream_FAIR,-2.518448537454321,0,4.102961838352892,3.2221406329265205,-1.4918892900786904,-1.4208227637057673,-0.6301777036227367,-1.3921773148870686,0.0,0,0.15461408483460493,0
frag200_multi_stream_FAIR,0.1266605256311702,0,4.102961838352892,3.2221406329265205,-1.281510900635153,-0.9976462721307948,0.8638769918180391,1.2499044492505744,0.0,0,0.07794191181268166,0
frag200_multi_stream_FAIR,2.2641586670253804,0,4.102961838352892,3.2221406329265205,1.7027287594594562,-0.43313878654673754,5.064594614921518,4.848002716716824,0.0,0,0.08527414469607734,0
frag200_multi_stream_FAIR,8.776681868401266,0,4.102961838352892,3.2221406329265205,7.16313846239273,6.849011639723123,7.282876442696715,6.933687020283511,0.0,0,0.40693866818719826,0
frag200_multi_stream_FAIR,3.7543604538952655,0,4.102961838352892,3.2221406329265205,4.30072556885103,3.5272564815291183,0.8146921376147762,2.5763000333504023,0.0,0,0.16252511240352724,0
frag200_multi_stream_FAIR,-3.262941109395421,0,4.102961838352892,3.2221406329265205,0.16262522609891894,-1.1695372064415812,-3.045702079519284,-5.323777894679578,0.0,0,0.1418973476364182,0
frag200_multi_stream_FAIR,1.5502304131761064,0,4.102961838352892,3.2221406329265205,-0.8552436007925088,-0.05354993511888306,-0.19116545130159132,1.9935679358319738,0.0,0,0.17172749335590815,0
frag200_multi_stream_FAIR,-2.519690627925688,0,4.102961838352892,3.2221406329265205,-2.124542652525241,-3.1049395308549625,1.1338957891649684,1.7816191751143693,0.0,0,0.0864873663581362,0
frag500_single_stream_FAIR,4.8711410330576985,0,4.0244883962684534,2.720745398116267,8.28017867218542,6.95510627642592,1.0659166507539461,2.6496473722175016,0.0,0,0.22224127806852864,0
frag500_single_stream_FAIR,-13.277164091152246,0,4.0244883962684534,2.720745398116267,5.106722697590557,1.827222413193657,-2.943295994774559,-4.771397152176867,0.0,0,0.3971267530144371,0
frag500_single_stream_FAIR,-14.56054744359706,0,4.0244883962684534,2.720745398116267,5.0196040468723035,1.4525513171269724,-3.419251576123416,-5.977467397025402,0.0,0,0.3140031583602725,0
frag500_single_stream_FAIR,-4.338440219875297,0,4.0244883962684534,2.720745398116267,6.527476511390589,4.454150956493245,0.46075608068672236,-0.5464918697429687,0.0,0,0.32430252182341107,0
frag500_multi_stream_FAIR,-2.608025397668204,0,4.0244883962684534,2.720745398116267,0.2934726651400301,-3.5969145760220966,4.033083102795906,4.0327550594125565,0.0,0,0.09857221822364638,0
frag500_multi_stream_FAIR,6.43126754324784,0,4.0244883962684534,2.720745398116267,6.966948149263008,5.900408863577016,6.112758655187315,8.934290127972462,0.0,0,0.4489770180300506,0
frag500_multi_stream_FAIR,3.3272877852554514,0,4.0244883962684534,2.720745398116267,6.963426936359083,5.601321631561954,1.1865181336414878,2.432173769835895,0.0,0,0.2581223071682173,0
frag500_multi_stream_FAIR,1.9431185167370728,0,4.0244883962684534,2.720745398116267,1.1167172040515738,0.4288544485446524,0.8589507379613002,1.4843668450717011,0.0,0,0.17322192029808356,0
frag500_multi_stream_FAIR,-1.9563195172922296,0,4.0244883962684534,2.720745398116267,-0.2687093344678395,-0.7565921593411451,0.200256763511983,-0.29727730327450647,0.0,0,0.23254062689458654,0
frag500_multi_stream_FAIR,1.1693488836881891,0,4.0244883962684534,2.720745398116267,0.3021098855281985,0.10784801479156858,1.2328894472355751,0.7645636881091857,0.0,0,0.08464068658513155,0
frag500_multi_stream_FAIR,4.305199536148801,0,4.0244883962684534,2.720745398116267,2.749209730291455,2.57204956144042,3.980597179351974,4.023741245411656,0.0,0,0.1064609634358401,0
frag500_multi_stream_FAIR,14.530605028573037,1,4.0244883962684534,2.720745398116267,7.2814672354760255,7.623394167439099,6.451328311937306,7.148881801638814,0.0,0,0.5177603825310526,1
frag500_multi_stream_FAIR,3.14141604987507,0,4.0244883962684534,2.720745398116267,5.667777245961602,4.7501970967940315,1.2914619738285413,2.634693349131298,0.0,0,0.37302373436075414,0
frag500_multi_stream_FAIR,1.3801594304297262,0,4.0244883962684534,2.720745398116267,-0.2800967774073513,-0.5207136674433821,0.6829089874767418,0.8142098518059188,0.0,0,0.23962734260054028,0
frag500_multi_stream_FAIR,-1.624262452899046,0,4.0244883962684534,2.720745398116267,-1.482331152768392,-1.492005143529215,0.1741764847736424,-0.406483666283312,0.0,0,0.29520333072560145,0
frag500_multi_stream_FAIR,-1.490571019063874,0,4.0244883962684534,2.720745398116267,-1.725122431705704,-1.96189163447894,1.2699459421105281,-0.06535810797191857,0.0,0,0.12246624675541685,0
frag500_multi_stream_FAIR,5.748544892656278,0,4.0244883962684534,2.720745398116267,3.998930027972158,4.228919706553268,3.9413214627634683,3.974115457837208,0.0,0,0.07857221822364636,0
frag500_multi_stream_FAIR,9.212890010913494,0,4.0244883962684534,2.720745398116267,6.511687700730457,6.118412923221707,6.143767331057231,9.17642887116537,0.0,0,0.35648169732392204,0
frag500_multi_stream_FAIR,0.9536581792466498,0,4.0244883962684534,2.720745398116267,5.730012034876138,4.455764319714045,0.9967887277183415,1.833617111777093,0.0,0,0.20414185787894445,0
frag500_multi_stream_FAIR,4.531634458561856,0,4.0244883962684534,2.720745398116267,0.5721532487335925,0.4790502685290301,3.134903802789256,2.6122752155424753,0.0,0,0.14035957512691485,0
frag500_multi_stream_FAIR,-1.9241494306689588,0,4.0244883962684534,2.720745398116267,-1.2047915638594802,-1.3466198759344783,0.1523158361514167,-0.6406768650237928,0.0,0,0.17856017760531376,0
frag500_multi_stream_FAIR,-5.744193198420096,0,4.0244883962684534,2.720745398116267,-2.524388244726026,-3.967370108291269,1.154957777273131,-0.7843043524004222,0.0,0,0.06464068658513154,0
frag500_multi_stream_FAIR,6.333549902960148,0,4.0244883962684534,2.720745398116267,3.321566149695301,4.151461909482383,3.8654423620464344,3.079671602347743,0.0,0,0.0547487598343985,0
frag500_multi_stream_FAIR,8.633972856480085,0,4.0244883962684534,2.720745398116267,5.245479552105872,5.222348742821649,6.134483168338472,8.749097345731524,0.0,0,0.34097901137824743,0
frag500_multi_stream_FAIR,5.444928582887599,0,4.0244883962684534,2.720745398116267,5.1594339071775845,4.76342454388909,1.2078026061598992,3.101299342318867,0.0,0,0.16293859270049446,0
frag500_multi_stream_FAIR,0.5688148479931778,0,4.0244883962684534,2.720745398116267,-1.2109768385096071,-1.256804514705414,0.22357233217691924,0.027190598788797694,0.0,0,0.12437796656466192,0
frag500_multi_stream_FAIR,0.6818175580840584,0,4.0244883962684534,2.720745398116267,-2.0745241850229963,-1.4994605232496303,1.7194737444239325,0.4406332539946305,0.0,0,0.1495513323581258,0
frag500_multi_stream_FAIR,2.101488550201478,0,4.0244883962684534,2.720745398116267,-1.5457009546006857,-0.7886250285372309,1.1476850676975807,0.2533109980618409,0.0,0,0.03726166772542958,0
