Model,Fold,MAE,RMSE,R2
Mean_Baseline,0,5.06365457566653,6.966943760255511,-0.03748880690563272
Median_Baseline,0,5.267980182155397,7.299445022432109,-0.13888138448945053
Ridge,0,7.367316546408824,9.896343789613677,-1.093381385931624
Lasso,0,5.651143548597887,7.425407687430173,-0.17852667551095092
RandomForest,0,4.167243715131413,5.6301026190552355,0.32246547257638747
GradientBoosting,0,4.794295142368854,5.8997486375937465,0.2560121764426848
Mean_Baseline,1,4.905369452137158,6.397219801047503,-0.06926691594977363
Median_Baseline,1,4.533489343759984,6.231527795001799,-0.014594857814037132
Ridge,1,3.418843177282074,5.205184967999017,0.29209347110455364
Lasso,1,2.3312496639268376,3.335501116550905,0.7093128963752989
RandomForest,1,3.523500626911497,4.597420538109572,0.44775467613854014
GradientBoosting,1,2.832157046669947,3.8188864516389893,0.6189542913248562
Mean_Baseline,2,5.256496705632822,7.924414132138497,-0.08131346085533364
Median_Baseline,2,5.373279013298355,8.215563711705727,-0.16222982930567986
Ridge,2,4.542672012061919,6.424297838310845,0.28932896347338777
Lasso,2,3.761251151397696,5.6454371145979305,0.4512021137818205
RandomForest,2,3.979462996616402,6.792411030017136,0.20555250706841377
GradientBoosting,2,2.6873484329513775,5.33855371754533,0.5092452454586949
Mean_Baseline,3,5.294563552871748,7.171285082172483,-0.06761621949957464
Median_Baseline,3,5.1021529659247,6.9585371338088855,-0.0052106621471730286
Ridge,3,4.635711175162424,6.637197176653749,0.08548543285039156
Lasso,3,3.8993197915299285,5.563842461635805,0.3573554374581748
RandomForest,3,3.26117444721502,4.37436875117214,0.6027609184921138
GradientBoosting,3,2.368032104350699,3.306070815247497,0.7730942550608851
