query_start_time,query_end_time,query_duration_ms,regime,query_type,query_id,status
1790790590.1327722,1790790596.452505,6319.732904434204,LOW,READ,18,SUCCESS
1790790601.5320654,1790790604.3351336,2803.068161010742,LOW,UPDATE,14,SUCCESS
1790790605.4229205,1790790610.1870997,4764.179229736328,LOW,READ,18,SUCCESS
1790790645.8089547,1790790648.0190997,2210.1449966430664,LOW,UPDATE,14,SUCCESS
1790790663.2070072,1790790665.2991521,2092.1449661254883,LOW,READ,6,SUCCESS
1790790703.9966295,1790790707.235286,3238.656520843506,LOW,READ,12,SUCCESS
1790790703.8289766,1790790707.24953,3420.55344581604,LOW,READ,12,SUCCESS
1790790713.1673899,1790790715.1804023,2013.012409210205,LOW,READ,6,SUCCESS
1790790720.412543,1790790728.8692203,8456.677198410034,LOW,READ,1,SUCCESS
1790790779.900927,1790790781.9711556,2070.2285766601562,LOW,UPDATE,14,SUCCESS
1790790789.6379383,1790790792.8020644,3164.12615776062,LOW,READ,3,SUCCESS
1790790945.760371,1790790948.1806862,2420.3152656555176,LOW,READ,12,SUCCESS
1790791187.878005,1790791190.7450476,2867.0425415039062,LOW,READ,3,SUCCESS
1790791218.7148914,1790791220.9003618,2185.4703426361084,LOW,UPDATE,14,SUCCESS
1790791365.183265,1790791367.625364,2442.099094390869,LOW,READ,12,SUCCESS
1790791397.5272982,1790791405.8206522,8293.354034423828,MODERATE,READ,1,SUCCESS
1790791416.3063428,1790791424.5908294,8284.486532211304,MODERATE,READ,1,SUCCESS
1790791449.4566438,1790791453.8863266,4429.682731628418,MODERATE,READ,18,SUCCESS
1790791459.6162913,1790791461.8371482,2220.8569049835205,MODERATE,UPDATE,14,SUCCESS
1790791473.9982326,1790791476.8969488,2898.7162113189697,MODERATE,READ,3,SUCCESS
1790791494.3432353,1790791496.3995109,2056.2756061553955,MODERATE,READ,6,SUCCESS
1790791538.5135121,1790791546.804624,8291.111946105957,MODERATE,READ,1,SUCCESS
1790791560.5980587,1790791562.8901117,2292.052984237671,MODERATE,READ,14,SUCCESS
1790791561.245614,1790791563.6368756,2391.261577606201,MODERATE,UPDATE,14,SUCCESS
1790791565.2513201,1790791567.4698918,2218.571662902832,MODERATE,UPDATE,14,SUCCESS
1790791614.2449331,1790791616.4098775,2164.9444103240967,MODERATE,READ,14,SUCCESS
1790791617.9753728,1790791626.218557,8243.184089660645,MODERATE,READ,1,SUCCESS
1790791627.9021726,1790791630.081738,2179.5654296875,MODERATE,READ,14,SUCCESS
1790791640.1084907,1790791642.4395318,2331.041097640991,MODERATE,READ,12,SUCCESS
1790791650.4078157,1790791653.9867973,3578.981637954712,MODERATE,READ,12,SUCCESS
1790791648.3026474,1790791658.7083902,10405.742883682251,MODERATE,READ,1,SUCCESS
1790791655.6140778,1790791661.3292997,5715.221881866455,MODERATE,READ,18,SUCCESS
1790791650.1490238,1790791661.4467044,11297.680616378784,MODERATE,READ,1,SUCCESS
1790791681.3418672,1790791683.6543264,2312.4592304229736,MODERATE,UPDATE,14,SUCCESS
1790791701.7118175,1790791704.0283277,2316.5102005004883,MODERATE,UPDATE,14,SUCCESS
1790791768.2404077,1790791770.9405499,2700.1421451568604,MODERATE,READ,3,SUCCESS
1790791773.556594,1790791775.5857966,2029.2026996612549,MODERATE,READ,6,SUCCESS
1790791777.4677389,1790791779.6459067,2178.1678199768066,MODERATE,UPDATE,14,SUCCESS
1790791789.2276723,1790791791.5786083,2350.935935974121,MODERATE,UPDATE,14,SUCCESS
1790791790.1306646,1790791792.3799665,2249.3019104003906,MODERATE,READ,6,SUCCESS
1790791794.4256651,1790791797.2721982,2846.5330600738525,MODERATE,READ,3,SUCCESS
1790791803.105937,1790791805.304834,2198.896884918213,MODERATE,READ,14,SUCCESS
1790791816.8009155,1790791819.5987914,2797.8758811950684,MODERATE,READ,14,SUCCESS
1790791814.500503,1790791823.4707234,8970.22032737732,MODERATE,READ,1,SUCCESS
1790791825.5746143,1790791827.8746302,2300.015926361084,MODERATE,READ,12,SUCCESS
1790791836.9315257,1790791839.1247227,2193.197011947632,MODERATE,READ,14,SUCCESS
1790791913.6878245,1790791915.8840554,2196.230888366699,LOW,READ,14,SUCCESS
1790791965.4819417,1790791967.598802,2116.8603897094727,LOW,UPDATE,14,SUCCESS
1790791995.9409106,1790792004.049653,8108.742475509644,LOW,READ,1,SUCCESS
1790792134.916994,1790792137.0935729,2176.5787601470947,LOW,READ,14,SUCCESS
1790792177.7508056,1790792185.5653713,7814.565658569336,LOW,READ,1,SUCCESS
1790792527.4188797,1790792529.8188624,2399.982690811157,LOW,UPDATE,14,SUCCESS
1790792581.7361197,1790792584.0677037,2331.5839767456055,LOW,UPDATE,14,SUCCESS
1790792604.469349,1790792606.988079,2518.7301635742188,MODERATE,READ,12,SUCCESS
1790792609.8270378,1790792612.3306813,2503.64351272583,MODERATE,READ,12,SUCCESS
1790792652.0582044,1790792654.178775,2120.570659637451,MODERATE,READ,6,SUCCESS
1790792666.6858811,1790792668.792164,2106.282949447632,MODERATE,READ,6,SUCCESS
1790792669.84638,1790792671.9432085,2096.8284606933594,MODERATE,READ,6,SUCCESS
1790792719.351072,1790792721.7451882,2394.116163253784,MODERATE,UPDATE,14,SUCCESS
1790792729.2144647,1790792731.735841,2521.376371383667,MODERATE,READ,12,SUCCESS
1790792802.9477646,1790792804.9949565,2047.191858291626,MODERATE,READ,6,SUCCESS
1790792822.8153136,1790792824.9834409,2168.1272983551025,MODERATE,UPDATE,14,SUCCESS
1790792832.580174,1790792834.9416819,2361.5078926086426,MODERATE,READ,12,SUCCESS
1790792835.5048184,1790792837.5828512,2078.0327320098877,MODERATE,READ,6,SUCCESS
1790792844.1078837,1790792846.3155842,2207.700490951538,MODERATE,UPDATE,14,SUCCESS
1790792871.0660803,1790792873.1824095,2116.3291931152344,MODERATE,UPDATE,14,SUCCESS
1790792893.1722798,1790792897.9689531,4796.67329788208,MODERATE,READ,18,SUCCESS
1790792924.496797,1790792926.991495,2494.6978092193604,MODERATE,READ,12,SUCCESS
1790792939.245026,1790792941.4415329,2196.5067386627197,MODERATE,UPDATE,14,SUCCESS
1790792953.7078931,1790792955.6820376,1974.144458770752,MODERATE,READ,6,SUCCESS
1790792967.577952,1790792972.1740053,4596.0533618927,MODERATE,READ,18,SUCCESS
1790792976.7885547,1790792978.918315,2129.760265350342,MODERATE,UPDATE,14,SUCCESS
1790792985.1028214,1790792989.5439427,4441.121339797974,MODERATE,READ,18,SUCCESS
1790792999.2279384,1790793007.6977885,8469.850063323975,MODERATE,READ,1,SUCCESS
1790793007.003203,1790793015.272046,8268.843173980713,MODERATE,READ,1,SUCCESS
1790793062.7089303,1790793065.0548778,2345.947504043579,MODERATE,READ,12,SUCCESS
1790793067.1002102,1790793069.8238208,2723.6106395721436,MODERATE,READ,3,SUCCESS
1790793174.1734803,1790793176.873612,2700.13165473938,MODERATE,READ,3,SUCCESS
1790793190.807968,1790793195.2875404,4479.572534561157,MODERATE,READ,18,SUCCESS
1790793198.4364102,1790793200.7439582,2307.5480461120605,MODERATE,READ,12,SUCCESS
1790793213.868934,1790793216.0853155,2216.381549835205,MODERATE,UPDATE,14,SUCCESS
1790793246.985881,1790793249.6006234,2614.7422790527344,MODERATE,READ,12,SUCCESS
1790793277.833766,1790793280.1418762,2308.110237121582,MODERATE,READ,14,SUCCESS
1790793304.0661502,1790793306.4162273,2350.0771522521973,MODERATE,UPDATE,14,SUCCESS
1790793310.0044549,1790793312.3594987,2355.043888092041,MODERATE,UPDATE,14,SUCCESS
1790793327.2596369,1790793335.642709,8383.072137832642,MODERATE,READ,1,SUCCESS
1790793337.3390317,1790793339.6090722,2270.040512084961,MODERATE,READ,12,SUCCESS
1790793351.254614,1790793353.3902643,2135.650157928467,MODERATE,READ,14,SUCCESS
1790793371.4032016,1790793373.485357,2082.155466079712,MODERATE,UPDATE,14,SUCCESS
1790793402.671142,1790793410.8899963,8218.854188919067,MODERATE,READ,1,SUCCESS
1790793416.316628,1790793420.8739002,4557.27219581604,MODERATE,READ,18,SUCCESS
1790793418.9267027,1790793427.8718894,8945.186614990234,MODERATE,READ,1,SUCCESS
1790793616.7539985,1790793619.833709,3079.7104835510254,LOW,READ,3,SUCCESS
1790793727.317898,1790793729.6252003,2307.302236557007,LOW,READ,14,SUCCESS
1790793771.745785,1790793774.024982,2279.1969776153564,LOW,UPDATE,14,SUCCESS
1790793813.7646513,1790793816.0891,2324.448585510254,LOW,UPDATE,14,SUCCESS
1790793985.5364096,1790793993.9396842,8403.274536132812,LOW,READ,1,SUCCESS
1790794061.1945858,1790794066.035386,4840.8002853393555,MODERATE,READ,18,SUCCESS
1790794071.9104402,1790794074.2776618,2367.2215938568115,MODERATE,READ,14,SUCCESS
1790794107.2796116,1790794109.452113,2172.5013256073,MODERATE,READ,6,SUCCESS
1790794123.6578918,1790794125.7718108,2113.9190196990967,MODERATE,READ,6,SUCCESS
1790794174.6076844,1790794177.0508928,2443.2084560394287,MODERATE,READ,12,SUCCESS
1790794180.7778897,1790794183.09818,2320.2903270721436,MODERATE,UPDATE,14,SUCCESS
1790794188.5595102,1790794190.9704297,2410.919427871704,MODERATE,UPDATE,14,SUCCESS
1790794189.6196063,1790794192.96342,3343.81365776062,MODERATE,READ,3,SUCCESS
1790794191.8939707,1790794194.199668,2305.697202682495,MODERATE,READ,6,SUCCESS
1790794257.907936,1790794260.2931495,2385.2133750915527,MODERATE,READ,12,SUCCESS
1790794278.7277713,1790794283.9198928,5192.121505737305,MODERATE,READ,18,SUCCESS
1790794290.298632,1790794292.5573504,2258.718490600586,MODERATE,READ,14,SUCCESS
1790794296.0110788,1790794298.524815,2513.7362480163574,MODERATE,READ,12,SUCCESS
1790794309.9161348,1790794312.012182,2096.0471630096436,MODERATE,UPDATE,14,SUCCESS
1790794316.349533,1790794318.4195352,2070.0020790100098,MODERATE,UPDATE,14,SUCCESS
1790794320.3733351,1790794322.341645,1968.3098793029785,MODERATE,READ,6,SUCCESS
1790794341.965086,1790794344.2719705,2306.884527206421,MODERATE,UPDATE,14,SUCCESS
1790794354.9432473,1790794357.483145,2539.897680282593,MODERATE,READ,12,SUCCESS
1790794480.644302,1790794482.731895,2087.5930786132812,MODERATE,READ,14,SUCCESS
1790794494.2722425,1790794496.4435277,2171.2851524353027,HIGH,UPDATE,14,SUCCESS
1790794495.9365013,1790794498.1650527,2228.5513877868652,HIGH,UPDATE,14,SUCCESS
1790794500.0874903,1790794502.4084096,2320.9192752838135,HIGH,UPDATE,14,SUCCESS
1790794514.6566906,1790794516.9702353,2313.544750213623,HIGH,UPDATE,14,SUCCESS
1790794516.9283884,1790794519.976764,3048.3756065368652,HIGH,READ,3,SUCCESS
1790794543.465717,1790794546.0072124,2541.4953231811523,HIGH,READ,12,SUCCESS
1790794548.3819697,1790794552.3493874,3967.4177169799805,HIGH,READ,6,SUCCESS
1790794546.7236266,1790794552.4346423,5711.015701293945,HIGH,READ,18,SUCCESS
1790794547.1552372,1790794553.3984923,6243.255138397217,HIGH,READ,18,SUCCESS
1790794552.0729287,1790794557.270357,5197.428226470947,HIGH,READ,18,SUCCESS
1790794556.9797978,1790794559.4368026,2457.0047855377197,HIGH,READ,6,SUCCESS
1790794556.6551328,1790794560.028404,3373.2712268829346,HIGH,READ,3,SUCCESS
1790794566.6041863,1790794568.7188745,2114.6881580352783,HIGH,UPDATE,14,SUCCESS
1790794578.8085713,1790794581.5242143,2715.6429290771484,HIGH,READ,3,SUCCESS
1790794592.1939602,1790794594.4752958,2281.3355922698975,HIGH,READ,12,SUCCESS
1790794594.4072607,1790794596.6386623,2231.4016819000244,HIGH,READ,12,SUCCESS
1790794598.305884,1790794600.4561028,2150.218963623047,HIGH,READ,14,SUCCESS
1790794600.4900448,1790794602.5614054,2071.3605880737305,HIGH,READ,14,SUCCESS
1790794619.3488398,1790794627.5691605,8220.320701599121,HIGH,READ,1,SUCCESS
1790794638.0408206,1790794640.0339925,1993.1719303131104,HIGH,READ,6,SUCCESS
1790794648.4952226,1790794650.4540477,1958.8251113891602,HIGH,READ,6,SUCCESS
1790794654.122898,1790794656.209628,2086.7300033569336,HIGH,UPDATE,14,SUCCESS
1790794657.9418697,1790794662.2295127,4287.642955780029,HIGH,READ,18,SUCCESS
1790794662.4747016,1790794665.6358771,3161.175489425659,HIGH,READ,3,SUCCESS
1790794664.3164074,1790794667.3909569,3074.549436569214,HIGH,UPDATE,14,SUCCESS
1790794664.0605547,1790794667.8556075,3795.0527667999268,HIGH,READ,3,SUCCESS
1790794664.8256822,1790794667.969014,3143.33176612854,HIGH,UPDATE,14,SUCCESS
1790794664.8998966,1790794668.0886583,3188.7617111206055,HIGH,READ,12,SUCCESS
1790794670.1800516,1790794672.9200206,2739.96901512146,HIGH,READ,3,SUCCESS
1790794689.1041877,1790794691.289042,2184.85426902771,HIGH,UPDATE,14,SUCCESS
1790794703.1935227,1790794705.234899,2041.3763523101807,HIGH,READ,6,SUCCESS
1790794705.490436,1790794710.683194,5192.757844924927,HIGH,READ,18,SUCCESS
1790794706.2880917,1790794712.7066228,6418.531179428101,HIGH,READ,18,SUCCESS
1790794717.9662428,1790794720.5673912,2601.1483669281006,HIGH,READ,6,SUCCESS
1790794717.7904584,1790794720.655833,2865.3745651245117,HIGH,READ,12,SUCCESS
1790794724.5505276,1790794728.6171122,4066.584587097168,HIGH,READ,3,SUCCESS
1790794719.072693,1790794729.9218931,10849.200010299683,HIGH,READ,1,SUCCESS
1790794727.8480217,1790794730.947052,3099.0302562713623,HIGH,UPDATE,14,SUCCESS
1790794720.7480257,1790794731.426079,10678.053379058838,HIGH,READ,1,SUCCESS
1790794732.429839,1790794734.7232323,2293.39337348938,HIGH,READ,6,SUCCESS
1790794733.4297514,1790794736.048293,2618.541717529297,HIGH,UPDATE,14,SUCCESS
1790794749.6829345,1790794754.4593494,4776.41487121582,HIGH,READ,18,SUCCESS
1790794753.796076,1790794756.522924,2726.8478870391846,HIGH,UPDATE,14,SUCCESS
1790794759.1472504,1790794761.998497,2851.2465953826904,HIGH,READ,3,SUCCESS
1790794764.0534723,1790794766.848895,2795.4227924346924,HIGH,READ,3,SUCCESS
1790794765.6540163,1790794768.0204823,2366.4660453796387,HIGH,UPDATE,14,SUCCESS
1790794766.399298,1790794768.8111312,2411.8332862854004,HIGH,UPDATE,14,SUCCESS
1790794775.7236953,1790794778.3645012,2640.805959701538,HIGH,READ,3,SUCCESS
1790794778.343272,1790794782.7380633,4394.7913646698,HIGH,READ,18,SUCCESS
1790794785.7113745,1790794787.9531221,2241.7476177215576,HIGH,UPDATE,14,SUCCESS
1790794787.0331626,1790794789.557067,2523.904323577881,HIGH,READ,12,SUCCESS
1790794791.331863,1790794793.7276611,2395.7982063293457,HIGH,UPDATE,14,SUCCESS
1790794791.4388142,1790794793.8463354,2407.5212478637695,MODERATE,UPDATE,14,SUCCESS
1790794793.2445424,1790794795.4624665,2217.924118041992,MODERATE,READ,14,SUCCESS
1790794796.4113023,1790794798.7918243,2380.5220127105713,MODERATE,READ,12,SUCCESS
1790794851.6996295,1790794853.7379773,2038.3477210998535,MODERATE,READ,6,SUCCESS
1790794852.9295952,1790794861.4411938,8511.598587036133,MODERATE,READ,1,SUCCESS
1790794865.3049488,1790794867.449442,2144.4931030273438,MODERATE,READ,14,SUCCESS
1790794887.381932,1790794890.0285165,2646.5845108032227,MODERATE,READ,3,SUCCESS
1790794949.8988407,1790794952.106519,2207.6783180236816,MODERATE,UPDATE,14,SUCCESS
1790794983.8592188,1790794986.114827,2255.608081817627,MODERATE,READ,12,SUCCESS
1790794995.149223,1790794997.114193,1964.9698734283447,MODERATE,READ,6,SUCCESS
1790794997.0228024,1790794999.3351266,2312.324285507202,MODERATE,READ,12,SUCCESS
1790795004.955749,1790795006.9294214,1973.6723899841309,MODERATE,READ,6,SUCCESS
1790795035.8798459,1790795038.0690804,2189.234495162964,MODERATE,UPDATE,14,SUCCESS
1790795037.07436,1790795039.890619,2816.2591457366943,MODERATE,READ,3,SUCCESS
1790795088.8288271,1790795090.9166093,2087.782144546509,MODERATE,READ,14,SUCCESS
1790795091.5027254,1790795093.6333203,2130.5949687957764,MODERATE,UPDATE,14,SUCCESS
1790795122.2491007,1790795124.9889238,2739.82310295105,MODERATE,READ,3,SUCCESS
1790795151.4244614,1790795153.526772,2102.3106575012207,MODERATE,UPDATE,14,SUCCESS
1790795189.7957544,1790795191.8709822,2075.227737426758,MODERATE,READ,14,SUCCESS
1790795200.7223527,1790795202.862934,2140.5813694000244,MODERATE,UPDATE,14,SUCCESS
1790795209.8931618,1790795211.9682922,2075.1304626464844,MODERATE,READ,14,SUCCESS
1790795247.3808327,1790795249.426013,2045.180320739746,MODERATE,UPDATE,14,SUCCESS
1790795265.8430324,1790795270.1479707,4304.938316345215,MODERATE,READ,18,SUCCESS
1790795289.2860374,1790795293.6455135,4359.476089477539,MODERATE,READ,18,SUCCESS
1790795297.920728,1790795300.0698037,2149.075746536255,MODERATE,UPDATE,14,SUCCESS
1790795318.727579,1790795321.0536087,2326.0295391082764,MODERATE,READ,12,SUCCESS
1790795344.1651525,1790795352.6064985,8441.345930099487,MODERATE,READ,1,SUCCESS
1790795355.932821,1790795358.6675444,2734.7233295440674,MODERATE,READ,3,SUCCESS
1790795374.0788162,1790795376.1383247,2059.5085620880127,MODERATE,UPDATE,14,SUCCESS
1790795378.5106926,1790795381.3418531,2831.160545349121,MODERATE,READ,3,SUCCESS
1790795379.9756405,1790795382.219949,2244.3084716796875,MODERATE,READ,14,SUCCESS
1790795388.8488836,1790795390.915122,2066.2384033203125,MODERATE,UPDATE,14,SUCCESS
1790795395.5121727,1790795397.6764522,2164.2794609069824,MODERATE,UPDATE,14,SUCCESS
1790795477.1332643,1790795479.7932837,2660.0193977355957,MODERATE,READ,3,SUCCESS
1790795503.229855,1790795505.3595483,2129.6932697296143,MODERATE,UPDATE,14,SUCCESS
1790795518.6451085,1790795520.9707026,2325.594186782837,HIGH,READ,12,SUCCESS
1790795528.7441764,1790795530.8604798,2116.3034439086914,HIGH,READ,6,SUCCESS
1790795529.452954,1790795531.7459068,2292.9527759552,HIGH,UPDATE,14,SUCCESS
1790795535.641497,1790795539.9365165,4295.019626617432,HIGH,READ,18,SUCCESS
1790795550.5288272,1790795554.1105115,3581.684350967407,HIGH,READ,3,SUCCESS
1790795551.8484623,1790795557.4561293,5607.666969299316,HIGH,READ,18,SUCCESS
1790795550.9189386,1790795561.5273101,10608.371496200562,HIGH,READ,1,SUCCESS
1790795558.3194742,1790795563.173658,4854.183673858643,HIGH,READ,18,SUCCESS
1790795563.7057662,1790795565.8382337,2132.46750831604,HIGH,READ,14,SUCCESS
1790795568.8106391,1790795570.8960478,2085.4086875915527,HIGH,UPDATE,14,SUCCESS
1790795571.4790199,1790795573.6313715,2152.3516178131104,HIGH,UPDATE,14,SUCCESS
1790795578.2541115,1790795580.3202543,2066.142797470093,HIGH,UPDATE,14,SUCCESS
1790795585.4073367,1790795590.2885392,4881.202459335327,HIGH,READ,18,SUCCESS
1790795587.193661,1790795590.6060145,3412.353515625,HIGH,READ,14,SUCCESS
1790795587.9953942,1790795593.5576231,5562.2289180755615,HIGH,READ,18,SUCCESS
1790795597.7204607,1790795599.8372047,2116.744041442871,HIGH,UPDATE,14,SUCCESS
1790795609.0667243,1790795611.2905526,2223.8283157348633,HIGH,UPDATE,14,SUCCESS
1790795612.029803,1790795614.9754527,2945.6496238708496,HIGH,READ,3,SUCCESS
1790795623.4768999,1790795625.800917,2324.01704788208,HIGH,READ,6,SUCCESS
1790795623.4741995,1790795631.8919032,8417.703628540039,HIGH,READ,1,SUCCESS
1790795639.9770205,1790795642.1362085,2159.1880321502686,HIGH,UPDATE,14,SUCCESS
1790795640.9031,1790795643.204004,2300.9040355682373,HIGH,UPDATE,14,SUCCESS
1790795642.1831877,1790795645.1504962,2967.308521270752,HIGH,READ,3,SUCCESS
1790795643.4109619,1790795645.7372637,2326.3018131256104,HIGH,UPDATE,14,SUCCESS
1790795655.1508243,1790795657.4483197,2297.4953651428223,HIGH,READ,14,SUCCESS
1790795655.312,1790795657.6203556,2308.3555698394775,HIGH,UPDATE,14,SUCCESS
1790795658.648465,1790795661.2853,2636.8350982666016,HIGH,READ,3,SUCCESS
1790795666.814557,1790795670.0477383,3233.1812381744385,HIGH,READ,3,SUCCESS
1790795665.4258404,1790795674.0737178,8647.87745475769,HIGH,READ,1,SUCCESS
1790795672.8821352,1790795675.1645372,2282.4020385742188,HIGH,UPDATE,14,SUCCESS
1790795676.681779,1790795679.080465,2398.686170578003,HIGH,READ,6,SUCCESS
1790795675.6349251,1790795680.1518185,4516.89338684082,HIGH,READ,18,SUCCESS
1790795698.3434372,1790795702.742814,4399.37686920166,HIGH,READ,18,SUCCESS
1790795702.9323018,1790795705.0969887,2164.686918258667,HIGH,READ,14,SUCCESS
1790795716.3389199,1790795718.4890323,2150.1123905181885,HIGH,UPDATE,14,SUCCESS
1790795722.7765627,1790795725.8567119,3080.1491737365723,HIGH,UPDATE,14,SUCCESS
1790795717.4539046,1790795727.2464895,9792.584896087646,HIGH,READ,1,SUCCESS
1790795723.208968,1790795727.3502586,4141.290664672852,HIGH,READ,3,SUCCESS
1790795724.6128426,1790795727.9854164,3372.5738525390625,HIGH,READ,14,SUCCESS
1790795735.9429793,1790795739.065083,3122.103691101074,HIGH,READ,3,SUCCESS
1790795741.0458813,1790795743.3949888,2349.107503890991,HIGH,READ,14,SUCCESS
1790795760.365133,1790795762.6707602,2305.6271076202393,HIGH,UPDATE,14,SUCCESS
1790795760.9920092,1790795763.2835252,2291.516065597534,HIGH,READ,14,SUCCESS
1790795766.308796,1790795769.8644319,3555.635929107666,HIGH,READ,3,SUCCESS
1790795767.4418714,1790795770.4622297,3020.3583240509033,HIGH,READ,6,SUCCESS
1790795766.0969622,1790795771.2789838,5182.021617889404,HIGH,READ,18,SUCCESS
1790795768.1344364,1790795771.7110918,3576.655387878418,HIGH,UPDATE,14,SUCCESS
1790795780.2493892,1790795782.365072,2115.68284034729,HIGH,UPDATE,14,SUCCESS
1790795794.5529985,1790795796.5523522,1999.3536472320557,HIGH,READ,6,SUCCESS
1790795797.2610269,1790795799.9976091,2736.5822792053223,HIGH,READ,3,SUCCESS
1790795804.412489,1790795806.5511303,2138.641357421875,HIGH,UPDATE,14,SUCCESS
1790795811.5683262,1790795814.0880318,2519.7055339813232,HIGH,READ,12,SUCCESS
1790795811.8652236,1790795814.437727,2572.5033283233643,HIGH,READ,12,SUCCESS
1790795822.693975,1790795824.9483151,2254.340171813965,HIGH,READ,12,SUCCESS
1790795830.854863,1790795832.856345,2001.4820098876953,HIGH,READ,6,SUCCESS
1790795833.8809488,1790795835.864497,1983.5481643676758,HIGH,READ,6,SUCCESS
1790795835.9177632,1790795838.1117563,2193.993091583252,HIGH,READ,14,SUCCESS
1790795837.274087,1790795839.9859827,2711.895704269409,HIGH,READ,3,SUCCESS
1790795844.483554,1790795847.1843674,2700.8135318756104,HIGH,READ,3,SUCCESS
1790795876.138944,1790795878.2874892,2148.545265197754,HIGH,UPDATE,14,SUCCESS
1790795880.5595198,1790795882.985052,2425.532341003418,BURST,READ,12,SUCCESS
1790795880.8709035,1790795883.1898842,2318.9806938171387,BURST,UPDATE,14,SUCCESS
1790795886.6202831,1790795888.6841245,2063.8413429260254,BURST,READ,6,SUCCESS
1790795887.8311517,1790795890.0642138,2233.0620288848877,BURST,READ,14,SUCCESS
1790795889.8036091,1790795892.00254,2198.9309787750244,BURST,UPDATE,14,SUCCESS
1790795891.1096673,1790795893.9240046,2814.3372535705566,BURST,READ,3,SUCCESS
1790795894.4109457,1790795896.5289187,2117.9730892181396,BURST,READ,14,SUCCESS
1790795896.4991298,1790795898.7965748,2297.445058822632,BURST,READ,12,SUCCESS
1790795898.046215,1790795900.8707957,2824.580669403076,BURST,READ,3,SUCCESS
1790795899.8129413,1790795902.284754,2471.8127250671387,BURST,UPDATE,14,SUCCESS
1790795900.6401627,1790795903.0727146,2432.551860809326,BURST,READ,14,SUCCESS
1790795901.5802271,1790795903.832957,2252.729892730713,BURST,READ,6,SUCCESS
1790795902.9306157,1790795908.8153365,5884.720802307129,BURST,READ,18,SUCCESS
1790795904.0252774,1790795908.872318,4847.04065322876,BURST,READ,3,SUCCESS
1790795904.3986154,1790795909.3500872,4951.47180557251,BURST,READ,3,SUCCESS
1790795904.2469344,1790795910.6373835,6390.449047088623,BURST,READ,18,SUCCESS
1790795911.8043478,1790795914.0750444,2270.6966400146484,BURST,READ,14,SUCCESS
1790795914.3001742,1790795916.7420359,2441.861629486084,BURST,UPDATE,14,SUCCESS
1790795915.639897,1790795918.21865,2578.7529945373535,BURST,READ,6,SUCCESS
1790795916.1674864,1790795919.926664,3759.1776847839355,BURST,READ,3,SUCCESS
1790795917.6577814,1790795920.8542292,3196.4478492736816,BURST,READ,12,SUCCESS
1790795923.2138257,1790795925.6343114,2420.485734939575,BURST,READ,14,SUCCESS
1790795924.2908285,1790795926.7771335,2486.304998397827,BURST,UPDATE,14,SUCCESS
1790795927.1744835,1790795929.7229676,2548.4840869903564,BURST,UPDATE,14,SUCCESS
1790795928.5360892,1790795931.6983752,3162.2860431671143,BURST,UPDATE,14,SUCCESS
1790795934.6947277,1790795937.2672966,2572.568893432617,BURST,READ,6,SUCCESS
1790795927.9992864,1790795938.038688,10039.401531219482,BURST,READ,1,SUCCESS
1790795932.210095,1790795941.1594567,8949.361801147461,BURST,READ,1,SUCCESS
1790795943.4040668,1790795945.7553442,2351.2773513793945,BURST,READ,14,SUCCESS
1790795945.7207596,1790795948.7003267,2979.567050933838,BURST,UPDATE,14,SUCCESS
1790795946.1153703,1790795949.3593953,3244.0249919891357,BURST,READ,14,SUCCESS
1790795940.1107528,1790795949.5566814,9445.928573608398,BURST,READ,1,SUCCESS
1790795946.6885438,1790795950.0694132,3380.8693885803223,BURST,UPDATE,14,SUCCESS
1790795947.0923963,1790795950.4014168,3309.020519256592,BURST,UPDATE,14,SUCCESS
1790795948.4798312,1790795952.2029665,3723.135232925415,BURST,READ,3,SUCCESS
1790795948.8190627,1790795952.4076798,3588.6170864105225,BURST,READ,3,SUCCESS
1790795951.0782633,1790795953.6202037,2541.940450668335,BURST,READ,14,SUCCESS
1790795951.5879312,1790795953.9194875,2331.5563201904297,BURST,READ,6,SUCCESS
1790795955.3659716,1790795957.607813,2241.8413162231445,BURST,READ,14,SUCCESS
1790795956.1334884,1790795958.2445335,2111.0451221466064,BURST,READ,6,SUCCESS
1790795960.1363134,1790795962.6294906,2493.1771755218506,BURST,READ,12,SUCCESS
1790795967.9918232,1790795970.7519312,2760.10799407959,BURST,READ,12,SUCCESS
1790795968.0212867,1790795970.7926574,2771.3706493377686,BURST,READ,12,SUCCESS
1790795975.1608982,1790795977.3072212,2146.3229656219482,BURST,READ,14,SUCCESS
1790795978.1745229,1790795980.5150802,2340.557336807251,BURST,UPDATE,14,SUCCESS
1790795979.7642581,1790795988.6113544,8847.09620475769,BURST,READ,1,SUCCESS
1790796144.9359071,1790796147.0298932,2093.9860343933105,RECOVERY,UPDATE,14,SUCCESS
1790796490.3806314,1790796498.9739408,8593.30940246582,RECOVERY,READ,1,SUCCESS
1790796599.9311717,1790796602.206886,2275.71439743042,LOW,READ,12,SUCCESS
1790796613.477691,1790796615.7662222,2288.5313034057617,LOW,READ,12,SUCCESS
1790796782.6199558,1790796784.7601118,2140.156030654907,LOW,UPDATE,14,SUCCESS
1790796838.589468,1790796840.7274032,2137.935161590576,LOW,READ,14,SUCCESS
1790796943.3099253,1790796951.5652323,8255.306959152222,LOW,READ,1,SUCCESS
1790797252.3233478,1790797254.4957142,2172.3663806915283,LOW,READ,14,SUCCESS
1790797259.7681963,1790797261.8785791,2110.3827953338623,MODERATE,READ,14,SUCCESS
1790797264.378181,1790797266.313617,1935.4360103607178,MODERATE,READ,6,SUCCESS
1790797280.7280889,1790797283.2488565,2520.7676887512207,MODERATE,UPDATE,14,SUCCESS
1790797280.9306262,1790797285.7682178,4837.591648101807,MODERATE,READ,18,SUCCESS
1790797291.8424397,1790797294.2387192,2396.2795734405518,MODERATE,UPDATE,14,SUCCESS
1790797293.1681004,1790797296.1992307,3031.130313873291,MODERATE,READ,3,SUCCESS
1790797301.7574177,1790797304.4305735,2673.1557846069336,MODERATE,READ,3,SUCCESS
1790797312.4718533,1790797315.249947,2778.0938148498535,MODERATE,READ,3,SUCCESS
1790797322.5545568,1790797324.879628,2325.071096420288,MODERATE,READ,12,SUCCESS
1790797378.2500296,1790797382.5556073,4305.577754974365,MODERATE,READ,18,SUCCESS
1790797384.197705,1790797388.651409,4453.703880310059,MODERATE,READ,18,SUCCESS
1790797393.383445,1790797395.453987,2070.5418586730957,MODERATE,READ,6,SUCCESS
1790797433.5183127,1790797441.80226,8283.947229385376,MODERATE,READ,1,SUCCESS
1790797454.2517426,1790797456.5490353,2297.292709350586,MODERATE,UPDATE,14,SUCCESS
1790797507.1869316,1790797509.4883668,2301.4352321624756,MODERATE,READ,14,SUCCESS
1790797519.0505621,1790797521.6728013,2622.239112854004,MODERATE,READ,12,SUCCESS
1790797520.1096005,1790797522.5375435,2427.942991256714,MODERATE,UPDATE,14,SUCCESS
1790797578.751791,1790797581.3919606,2640.169620513916,MODERATE,READ,3,SUCCESS
1790797614.5774531,1790797616.7073524,2129.899263381958,MODERATE,UPDATE,14,SUCCESS
1790797623.7493913,1790797628.14139,4391.998767852783,MODERATE,READ,18,SUCCESS
1790797642.3662794,1790797645.0760217,2709.742307662964,MODERATE,READ,3,SUCCESS
1790797654.1227367,1790797656.3684409,2245.704174041748,MODERATE,READ,14,SUCCESS
1790797654.7935586,1790797659.2911072,4497.548580169678,MODERATE,READ,18,SUCCESS
1790797661.5615098,1790797663.8476903,2286.1804962158203,MODERATE,UPDATE,14,SUCCESS
1790797664.8528142,1790797666.9409995,2088.1853103637695,MODERATE,READ,6,SUCCESS
1790797673.8018954,1790797675.8908436,2088.9482498168945,MODERATE,READ,6,SUCCESS
1790797713.9571855,1790797718.4550958,4497.910261154175,MODERATE,READ,18,SUCCESS
1790797750.4125614,1790797752.4256122,2013.0507946014404,MODERATE,READ,6,SUCCESS
1790797755.9214146,1790797758.1198282,2198.413610458374,MODERATE,READ,14,SUCCESS
1790797760.9342146,1790797763.0856586,2151.4439582824707,MODERATE,READ,6,SUCCESS
1790797790.9118922,1790797792.9891138,2077.221632003784,MODERATE,READ,6,SUCCESS
1790797804.0813637,1790797812.9328654,8851.50170326233,MODERATE,READ,1,SUCCESS
1790797823.7782562,1790797826.0370812,2258.8250637054443,MODERATE,READ,14,SUCCESS
1790797871.9485145,1790797874.2360823,2287.5678539276123,MODERATE,READ,14,SUCCESS
1790797920.9091327,1790797925.7020864,4792.953729629517,MODERATE,READ,18,SUCCESS
1790797930.9175026,1790797933.2809517,2363.4490966796875,MODERATE,READ,14,SUCCESS
1790797932.993095,1790797935.352146,2359.050989151001,MODERATE,UPDATE,14,SUCCESS
1790797970.1980898,1790797973.2947714,3096.681594848633,MODERATE,READ,3,SUCCESS
1790797986.7938921,1790797989.0719862,2278.0940532684326,MODERATE,READ,14,SUCCESS
1790797992.104143,1790798000.494095,8389.952182769775,MODERATE,READ,1,SUCCESS
1790798015.9331708,1790798018.2356577,2302.4868965148926,MODERATE,UPDATE,14,SUCCESS
1790798027.6802297,1790798029.819254,2139.024257659912,MODERATE,READ,6,SUCCESS
1790798046.382465,1790798048.7118073,2329.3423652648926,MODERATE,UPDATE,14,SUCCESS
1790798050.230195,1790798058.52303,8292.834997177124,MODERATE,READ,1,SUCCESS
1790798097.9669657,1790798105.8237166,7856.750965118408,MODERATE,READ,1,SUCCESS
1790798124.6452532,1790798126.6300995,1984.8463535308838,MODERATE,READ,6,SUCCESS
1790798139.5356019,1790798143.1759377,3640.33579826355,HIGH,READ,12,SUCCESS
1790798134.3884745,1790798144.2465246,9858.050107955933,MODERATE,READ,1,SUCCESS
1790798138.5692434,1790798144.3662481,5797.004699707031,HIGH,READ,18,SUCCESS
1790798147.5564363,1790798150.119841,2563.4047985076904,HIGH,READ,12,SUCCESS
1790798169.844126,1790798172.143377,2299.251079559326,HIGH,UPDATE,14,SUCCESS
1790798173.4300647,1790798178.745764,5315.699338912964,HIGH,READ,18,SUCCESS
1790798175.5126317,1790798184.9169512,9404.319524765015,HIGH,READ,1,SUCCESS
1790798186.8186195,1790798189.833595,3014.9755477905273,HIGH,READ,3,SUCCESS
1790798192.7327087,1790798194.8345306,2101.8218994140625,HIGH,READ,6,SUCCESS
1790798206.198515,1790798208.4859931,2287.47820854187,HIGH,UPDATE,14,SUCCESS
1790798216.111457,1790798218.601603,2490.1459217071533,HIGH,READ,6,SUCCESS
1790798215.9372098,1790798220.78756,4850.350141525269,HIGH,READ,18,SUCCESS
1790798218.8123174,1790798221.6878133,2875.4959106445312,HIGH,READ,6,SUCCESS
1790798219.9868913,1790798223.8296676,3842.776298522949,HIGH,READ,3,SUCCESS
1790798222.4356463,1790798225.4322383,2996.5920448303223,HIGH,UPDATE,14,SUCCESS
1790798221.8534446,1790798226.9499543,5096.509695053101,HIGH,READ,18,SUCCESS
1790798226.249015,1790798229.5462685,3297.253370285034,HIGH,READ,3,SUCCESS
1790798231.6674492,1790798239.9587624,8291.313171386719,HIGH,READ,1,SUCCESS
1790798238.803801,1790798241.1714568,2367.6557540893555,HIGH,READ,14,SUCCESS
1790798242.3726676,1790798246.9580152,4585.347652435303,HIGH,READ,18,SUCCESS
1790798249.8074732,1790798254.248143,4440.669775009155,HIGH,READ,18,SUCCESS
1790798259.460694,1790798261.6312673,2170.5732345581055,HIGH,READ,14,SUCCESS
1790798268.3892033,1790798270.619302,2230.0987243652344,HIGH,UPDATE,14,SUCCESS
1790798274.7622502,1790798277.0008998,2238.649606704712,HIGH,READ,14,SUCCESS
1790798278.532489,1790798280.8700385,2337.5494480133057,HIGH,READ,14,SUCCESS
1790798294.9244628,1790798297.0504563,2125.993490219116,HIGH,READ,6,SUCCESS
1790798296.6573122,1790798299.1130981,2455.7859897613525,HIGH,UPDATE,14,SUCCESS
1790798307.082907,1790798309.2257574,2142.850399017334,HIGH,READ,6,SUCCESS
1790798337.3716133,1790798342.192036,4820.422649383545,HIGH,READ,18,SUCCESS
1790798356.5557573,1790798365.496951,8941.19381904602,HIGH,READ,1,SUCCESS
1790798361.5824363,1790798370.3302293,8747.792959213257,HIGH,READ,1,SUCCESS
1790798376.6846628,1790798378.9685872,2283.924341201782,HIGH,READ,12,SUCCESS
1790798379.0883904,1790798381.376764,2288.3737087249756,HIGH,READ,14,SUCCESS
1790798379.1983483,1790798381.4812446,2282.8962802886963,HIGH,UPDATE,14,SUCCESS
1790798385.7750256,1790798388.5626843,2787.65869140625,HIGH,READ,3,SUCCESS
1790798387.5295467,1790798389.7386456,2209.0988159179688,HIGH,READ,14,SUCCESS
1790798389.2875574,1790798391.371277,2083.7197303771973,HIGH,READ,6,SUCCESS
1790798406.0956318,1790798408.403629,2307.997226715088,HIGH,UPDATE,14,SUCCESS
1790798406.6373491,1790798415.190905,8553.555965423584,HIGH,READ,1,SUCCESS
1790798412.1368937,1790798420.250851,8113.957166671753,HIGH,READ,1,SUCCESS
1790798434.5598097,1790798442.278972,7719.162225723267,HIGH,READ,1,SUCCESS
1790798461.2879882,1790798463.2491708,1961.1825942993164,HIGH,READ,6,SUCCESS
1790798469.5826955,1790798471.5910132,2008.3177089691162,HIGH,READ,6,SUCCESS
1790798483.9725854,1790798486.1223,2149.714469909668,MODERATE,UPDATE,14,SUCCESS
1790798485.446089,1790798488.2034252,2757.336139678955,MODERATE,READ,3,SUCCESS
1790798499.502978,1790798507.421187,7918.208837509155,MODERATE,READ,1,SUCCESS
1790798506.9292958,1790798509.0722537,2142.957925796509,MODERATE,UPDATE,14,SUCCESS
1790798527.205772,1790798531.560777,4355.0050258636475,MODERATE,READ,18,SUCCESS
1790798535.3413076,1790798538.072558,2731.250286102295,MODERATE,READ,3,SUCCESS
1790798562.949003,1790798565.0714316,2122.4286556243896,MODERATE,READ,14,SUCCESS
1790798570.1526992,1790798574.4892638,4336.564540863037,MODERATE,READ,18,SUCCESS
1790798583.228059,1790798591.4965954,8268.53632926941,MODERATE,READ,1,SUCCESS
1790798621.3290434,1790798625.9963815,4667.338132858276,MODERATE,READ,18,SUCCESS
1790798630.2076714,1790798632.363644,2155.972480773926,MODERATE,UPDATE,14,SUCCESS
1790798636.0833936,1790798640.806592,4723.198413848877,MODERATE,READ,18,SUCCESS
1790798638.0200672,1790798647.1938634,9173.7961769104,MODERATE,READ,1,SUCCESS
1790798663.039151,1790798667.3182569,4279.10590171814,MODERATE,READ,18,SUCCESS
1790798675.0056062,1790798677.2576673,2252.061128616333,MODERATE,READ,12,SUCCESS
1790798678.9361267,1790798681.0759592,2139.8324966430664,MODERATE,READ,14,SUCCESS
1790798701.4307563,1790798705.7498262,4319.069862365723,MODERATE,READ,18,SUCCESS
1790798713.504744,1790798715.7468085,2242.0644760131836,MODERATE,READ,12,SUCCESS
1790798743.6144094,1790798745.657328,2042.9184436798096,MODERATE,READ,6,SUCCESS
1790798770.316256,1790798772.6561446,2339.888572692871,MODERATE,READ,12,SUCCESS
1790798779.8012457,1790798781.741578,1940.3324127197266,MODERATE,READ,6,SUCCESS
1790798796.8252134,1790798798.9075239,2082.310438156128,MODERATE,UPDATE,14,SUCCESS
1790798868.5362945,1790798870.6053114,2069.016933441162,MODERATE,READ,14,SUCCESS
1790798892.8979788,1790798895.4797165,2581.737756729126,MODERATE,UPDATE,14,SUCCESS
1790798892.7841358,1790798901.3202002,8536.064386367798,MODERATE,READ,1,SUCCESS
1790798975.3120513,1790798977.3003979,1988.3465766906738,MODERATE,READ,6,SUCCESS
1790798993.5314085,1790798997.9424357,4411.027193069458,MODERATE,READ,18,SUCCESS
1790799011.8138022,1790799014.070533,2256.730794906616,MODERATE,UPDATE,14,SUCCESS
1790799019.5378838,1790799021.8235629,2285.6791019439697,MODERATE,UPDATE,14,SUCCESS
1790799040.6863198,1790799043.3204117,2634.091854095459,MODERATE,READ,3,SUCCESS
1790799121.5320194,1790799124.1060147,2573.995351791382,MODERATE,READ,14,SUCCESS
1790799121.9947097,1790799124.901101,2906.391382217407,MODERATE,READ,12,SUCCESS
1790799128.3138163,1790799130.4596982,2145.8818912506104,MODERATE,READ,6,SUCCESS
1790799150.473933,1790799155.222885,4748.9519119262695,MODERATE,READ,18,SUCCESS
1790799153.942828,1790799157.4371982,3494.370222091675,MODERATE,READ,3,SUCCESS
1790799157.7493227,1790799159.8727405,2123.417854309082,MODERATE,READ,14,SUCCESS
1790799168.0113163,1790799172.4001102,4388.7939453125,MODERATE,READ,18,SUCCESS
1790799177.634193,1790799179.8959033,2261.7104053497314,MODERATE,READ,14,SUCCESS
1790799250.3886049,1790799252.846605,2458.0001831054688,MODERATE,READ,12,SUCCESS
1790799258.252361,1790799260.2045417,1952.1806240081787,MODERATE,READ,6,SUCCESS
1790799263.5376143,1790799265.6107523,2073.1379985809326,MODERATE,UPDATE,14,SUCCESS
1790799422.6203322,1790799425.514457,2894.124746322632,MODERATE,READ,3,SUCCESS
1790799423.266278,1790799425.655386,2389.1079425811768,HIGH,READ,14,SUCCESS
1790799445.5196218,1790799447.7570186,2237.396717071533,HIGH,READ,12,SUCCESS
1790799459.5726776,1790799462.4971676,2924.489974975586,HIGH,READ,12,SUCCESS
1790799455.1948223,1790799464.4258287,9231.006383895874,HIGH,READ,1,SUCCESS
1790799461.395515,1790799464.490972,3095.457077026367,HIGH,READ,12,SUCCESS
1790799465.1209025,1790799467.3441534,2223.2508659362793,HIGH,READ,12,SUCCESS
1790799469.6675959,1790799471.7406948,2073.09889793396,HIGH,UPDATE,14,SUCCESS
1790799476.1400077,1790799478.256874,2116.86635017395,HIGH,READ,14,SUCCESS
1790799486.3962722,1790799488.7801933,2383.9211463928223,HIGH,UPDATE,14,SUCCESS
1790799487.4690723,1790799490.5133605,3044.288158416748,HIGH,UPDATE,14,SUCCESS
1790799487.9706166,1790799491.208992,3238.375425338745,HIGH,READ,12,SUCCESS
1790799487.3347476,1790799492.450573,5115.825414657593,HIGH,READ,18,SUCCESS
1790799492.3353786,1790799496.8131452,4477.766513824463,HIGH,READ,18,SUCCESS
1790799494.6300313,1790799497.4565325,2826.5011310577393,HIGH,UPDATE,14,SUCCESS
1790799497.2443147,1790799500.1135085,2869.1937923431396,HIGH,READ,3,SUCCESS
1790799503.8340926,1790799512.4210713,8586.978673934937,HIGH,READ,1,SUCCESS
1790799510.3246648,1790799513.0207708,2696.10595703125,HIGH,UPDATE,14,SUCCESS
1790799510.5619915,1790799519.3092866,8747.295141220093,HIGH,READ,1,SUCCESS
1790799524.7952468,1790799529.1006074,4305.360555648804,HIGH,READ,18,SUCCESS
1790799527.167141,1790799529.9124634,2745.3224658966064,HIGH,UPDATE,14,SUCCESS
1790799529.4223328,1790799533.914691,4492.358207702637,HIGH,READ,18,SUCCESS
1790799533.839614,1790799536.6605878,2820.9738731384277,HIGH,UPDATE,14,SUCCESS
1790799532.7303154,1790799542.298645,9568.329572677612,HIGH,READ,1,SUCCESS
1790799540.5395336,1790799543.3649552,2825.4215717315674,HIGH,UPDATE,14,SUCCESS
1790799541.6755352,1790799544.7496235,3074.0883350372314,HIGH,UPDATE,14,SUCCESS
1790799544.7564,1790799547.295251,2538.850784301758,HIGH,UPDATE,14,SUCCESS
1790799541.2897189,1790799550.729459,9439.740180969238,HIGH,READ,1,SUCCESS
1790799550.300644,1790799552.597042,2296.398162841797,HIGH,READ,12,SUCCESS
1790799553.6047022,1790799555.7011526,2096.4503288269043,HIGH,UPDATE,14,SUCCESS
1790799562.8309667,1790799565.390276,2559.309244155884,HIGH,READ,12,SUCCESS
1790799564.083979,1790799568.9704576,4886.478662490845,HIGH,READ,18,SUCCESS
1790799573.8368847,1790799576.1606963,2323.8115310668945,HIGH,UPDATE,14,SUCCESS
1790799576.2452667,1790799578.3261666,2080.899953842163,HIGH,READ,6,SUCCESS
1790799580.1450927,1790799582.2949138,2149.8210430145264,HIGH,READ,6,SUCCESS
1790799581.6556222,1790799583.8947997,2239.177465438843,HIGH,READ,6,SUCCESS
1790799598.7139266,1790799601.020228,2306.3013553619385,HIGH,READ,14,SUCCESS
1790799608.396243,1790799610.7263248,2330.0817012786865,HIGH,READ,14,SUCCESS
1790799614.956156,1790799617.2856305,2329.474449157715,HIGH,READ,14,SUCCESS
1790799620.8107088,1790799623.1115437,2300.834894180298,HIGH,READ,14,SUCCESS
1790799625.3937593,1790799628.0325954,2638.836145401001,HIGH,READ,12,SUCCESS
1790799626.3446202,1790799629.179813,2835.1926803588867,HIGH,READ,12,SUCCESS
1790799635.336405,1790799637.8549645,2518.559455871582,HIGH,READ,12,SUCCESS
1790799641.8176188,1790799645.1060963,3288.4774208068848,HIGH,READ,6,SUCCESS
1790799640.2495606,1790799646.2138727,5964.3120765686035,HIGH,READ,18,SUCCESS
1790799638.6694937,1790799648.9685333,10299.039602279663,HIGH,READ,1,SUCCESS
1790799655.5560925,1790799658.0739403,2517.847776412964,HIGH,READ,12,SUCCESS
1790799657.4525328,1790799666.3599422,8907.40942955017,HIGH,READ,1,SUCCESS
1790799663.2730787,1790799666.6380053,3364.92657661438,HIGH,READ,3,SUCCESS
1790799672.4814038,1790799675.040836,2559.4322681427,HIGH,UPDATE,14,SUCCESS
1790799672.9216015,1790799675.4811828,2559.5812797546387,HIGH,UPDATE,14,SUCCESS
1790799678.9086766,1790799681.2366,2327.92329788208,HIGH,UPDATE,14,SUCCESS
1790799694.1682613,1790799696.4437284,2275.4671573638916,HIGH,UPDATE,14,SUCCESS
1790799701.5230687,1790799706.088543,4565.474271774292,HIGH,READ,18,SUCCESS
1790799714.7714531,1790799717.8266723,3055.2191734313965,HIGH,READ,3,SUCCESS
1790799716.2910979,1790799719.082914,2791.816234588623,HIGH,READ,12,SUCCESS
1790799721.8012419,1790799723.9424584,2141.216516494751,HIGH,UPDATE,14,SUCCESS
1790799726.9440546,1790799729.0063143,2062.2596740722656,HIGH,READ,14,SUCCESS
1790799736.8761954,1790799739.0335777,2157.3822498321533,HIGH,UPDATE,14,SUCCESS
1790799744.7511983,1790799747.0465896,2295.391321182251,HIGH,UPDATE,14,SUCCESS
1790799748.422786,1790799751.4092457,2986.459732055664,HIGH,READ,3,SUCCESS
1790799751.3756928,1790799753.6366675,2260.974645614624,HIGH,UPDATE,14,SUCCESS
1790799757.2092185,1790799761.7239149,4514.696359634399,HIGH,READ,18,SUCCESS
1790799766.6948225,1790799768.9773748,2282.5522422790527,HIGH,READ,12,SUCCESS
1790799776.7103107,1790799778.8781443,2167.8335666656494,HIGH,UPDATE,14,SUCCESS
1790799785.0887706,1790799787.6247094,2535.9387397766113,HIGH,READ,14,SUCCESS
1790799785.2131472,1790799787.802276,2589.1287326812744,HIGH,UPDATE,14,SUCCESS
1790799785.604898,1790799794.3179557,8713.05775642395,HIGH,READ,1,SUCCESS
1790799793.9939659,1790799796.6487396,2654.773712158203,HIGH,READ,3,SUCCESS
1790799796.7225492,1790799798.676925,1954.3757438659668,HIGH,READ,6,SUCCESS
1790799798.6900837,1790799800.9927888,2302.7050495147705,HIGH,READ,12,SUCCESS
1790799800.5757356,1790799806.0638537,5488.1181716918945,HIGH,READ,18,SUCCESS
1790799801.0600162,1790799807.153722,6093.705892562866,HIGH,READ,18,SUCCESS
1790799803.7275972,1790799808.3339276,4606.330394744873,HIGH,READ,3,SUCCESS
1790799804.9286702,1790799808.787605,3858.9348793029785,HIGH,UPDATE,14,SUCCESS
1790799813.9609616,1790799822.2592502,8298.288583755493,HIGH,READ,1,SUCCESS
1790799821.3592556,1790799823.5528188,2193.563222885132,HIGH,READ,14,SUCCESS
1790799825.0241408,1790799827.2894104,2265.2695178985596,HIGH,READ,12,SUCCESS
1790799832.2197015,1790799840.3085577,8088.856220245361,HIGH,READ,1,SUCCESS
1790799845.8279464,1790799848.058684,2230.7376861572266,HIGH,UPDATE,14,SUCCESS
1790799846.8546164,1790799849.1323214,2277.704954147339,HIGH,READ,14,SUCCESS
1790799851.937417,1790799854.1639097,2226.4926433563232,HIGH,UPDATE,14,SUCCESS
1790799852.9425983,1790799855.9113588,2968.7604904174805,HIGH,READ,3,SUCCESS
1790799854.1379383,1790799856.4613206,2323.3823776245117,HIGH,UPDATE,14,SUCCESS
1790799856.8636296,1790799859.715474,2851.844310760498,HIGH,READ,12,SUCCESS
1790799856.198007,1790799864.5563202,8358.313083648682,HIGH,READ,1,SUCCESS
1790799867.4952505,1790799869.9116025,2416.3520336151123,HIGH,UPDATE,14,SUCCESS
1790799869.4123912,1790799871.9520326,2539.6413803100586,HIGH,READ,6,SUCCESS
1790799869.317133,1790799872.0423555,2725.222587585449,HIGH,UPDATE,14,SUCCESS
1790799864.4898548,1790799873.265489,8775.634288787842,HIGH,READ,1,SUCCESS
1790799878.3538952,1790799881.0725973,2718.7020778656006,HIGH,READ,3,SUCCESS
1790799888.2147052,1790799890.3016357,2086.930513381958,HIGH,READ,14,SUCCESS
1790799895.2438579,1790799897.9858642,2742.006301879883,HIGH,READ,3,SUCCESS
1790799897.1200051,1790799899.3364294,2216.4242267608643,HIGH,UPDATE,14,SUCCESS
1790799913.5002658,1790799915.6673133,2167.0475006103516,HIGH,UPDATE,14,SUCCESS
1790799915.3302963,1790799918.0852156,2754.9192905426025,HIGH,UPDATE,14,SUCCESS
1790799915.0667267,1790799918.5480444,3481.3177585601807,HIGH,READ,3,SUCCESS
1790799915.7087789,1790799924.197727,8488.948106765747,HIGH,READ,1,SUCCESS
1790799936.0180771,1790799938.1251278,2107.050657272339,HIGH,READ,6,SUCCESS
1790799931.0771945,1790799938.9344547,7857.260227203369,HIGH,READ,1,SUCCESS
1790799944.4432514,1790799952.5260856,8082.834243774414,HIGH,READ,1,SUCCESS
1790799949.7590032,1790799957.9940085,8235.005378723145,HIGH,READ,1,SUCCESS
1790799971.5607414,1790799973.910575,2349.8334884643555,HIGH,UPDATE,14,SUCCESS
1790799971.8924644,1790799974.2222655,2329.801082611084,BURST,UPDATE,14,SUCCESS
1790799977.7375515,1790799980.0927124,2355.16095161438,BURST,READ,14,SUCCESS
1790799980.120279,1790799983.00611,2885.830879211426,BURST,UPDATE,14,SUCCESS
1790799980.2507982,1790799983.2089412,2958.1429958343506,BURST,UPDATE,14,SUCCESS
1790799981.4356558,1790799984.6909263,3255.270481109619,BURST,UPDATE,14,SUCCESS
1790799982.0779345,1790799985.4331663,3355.231761932373,BURST,READ,12,SUCCESS
1790799975.7854142,1790799985.4972935,9711.879253387451,BURST,READ,1,SUCCESS
1790799982.6857438,1790799985.5870087,2901.2649059295654,BURST,READ,6,SUCCESS
1790799985.913901,1790799989.224134,3310.2328777313232,BURST,READ,3,SUCCESS
1790799986.473372,1790799989.266024,2792.652130126953,BURST,UPDATE,14,SUCCESS
1790799986.1763391,1790799989.5425332,3366.194009780884,BURST,READ,3,SUCCESS
1790799988.4168034,1790799990.7149658,2298.1624603271484,BURST,READ,6,SUCCESS
1790799992.9238977,1790799995.3602712,2436.373472213745,BURST,UPDATE,14,SUCCESS
1790799990.2246428,1790799998.8433692,8618.7264919281,BURST,READ,1,SUCCESS
1790799997.2329261,1790799999.7426076,2509.681463241577,BURST,READ,12,SUCCESS
1790800001.3107028,1790800004.491194,3180.4912090301514,BURST,READ,3,SUCCESS
1790800001.992806,1790800004.9801311,2987.3251914978027,BURST,READ,12,SUCCESS
1790800003.2568574,1790800006.3789046,3122.047185897827,BURST,READ,12,SUCCESS
1790800002.5009549,1790800007.6551526,5154.197692871094,BURST,READ,18,SUCCESS
1790800007.4272938,1790800009.5776844,2150.390625,BURST,READ,6,SUCCESS
1790800008.4333158,1790800011.636798,3203.482151031494,BURST,READ,3,SUCCESS
1790800014.067057,1790800016.7058475,2638.7906074523926,BURST,UPDATE,14,SUCCESS
1790800014.7275257,1790800017.5846424,2857.11669921875,BURST,UPDATE,14,SUCCESS
1790800009.174405,1790800018.6174629,9443.057775497437,BURST,READ,1,SUCCESS
1790800016.5184083,1790800019.0734873,2555.0789833068848,BURST,UPDATE,14,SUCCESS
1790800019.1044898,1790800021.0527146,1948.2247829437256,BURST,READ,6,SUCCESS
1790800021.4027705,1790800023.352504,1949.7334957122803,BURST,READ,6,SUCCESS
1790800025.7478278,1790800027.6802032,1932.375431060791,BURST,READ,6,SUCCESS
1790800027.9726655,1790800030.079542,2106.8763732910156,BURST,READ,14,SUCCESS
1790800034.269863,1790800036.654336,2384.4730854034424,BURST,UPDATE,14,SUCCESS
1790800034.911056,1790800037.5159996,2604.9435138702393,BURST,UPDATE,14,SUCCESS
1790800035.089493,1790800039.7820086,4692.51561164856,BURST,READ,18,SUCCESS
1790800038.7381415,1790800041.6994333,2961.291790008545,BURST,UPDATE,14,SUCCESS
1790800039.5652409,1790800041.96519,2399.949073791504,BURST,READ,14,SUCCESS
1790800041.8865926,1790800044.8897564,3003.1638145446777,BURST,READ,3,SUCCESS
1790800042.4542248,1790800044.910482,2456.257104873657,BURST,UPDATE,14,SUCCESS
1790800044.128316,1790800048.8872612,4758.9452266693115,BURST,READ,18,SUCCESS
1790800045.6152558,1790800048.897231,3281.975269317627,BURST,READ,12,SUCCESS
1790800048.5761526,1790800051.3152251,2739.072561264038,BURST,READ,12,SUCCESS
1790800049.1839554,1790800051.7807522,2596.796751022339,BURST,UPDATE,14,SUCCESS
1790800049.8804276,1790800054.6796675,4799.239873886108,BURST,READ,18,SUCCESS
1790800098.3836257,1790800101.0756164,2691.990613937378,RECOVERY,READ,3,SUCCESS
1790800147.5435262,1790800152.0765288,4533.002614974976,RECOVERY,READ,18,SUCCESS
1790800291.152529,1790800293.326509,2173.9799976348877,RECOVERY,READ,6,SUCCESS
1790800305.2458103,1790800307.5129404,2267.130136489868,LOW,READ,14,SUCCESS
1790800313.6858633,1790800316.198946,2513.08274269104,LOW,READ,12,SUCCESS
1790800340.5293865,1790800342.8249874,2295.6008911132812,LOW,UPDATE,14,SUCCESS
1790800508.9348416,1790800511.4826777,2547.8360652923584,LOW,UPDATE,14,SUCCESS
1790800509.717144,1790800512.7950647,3077.92067527771,LOW,READ,12,SUCCESS
1790800510.491201,1790800513.4793382,2988.1372451782227,LOW,UPDATE,14,SUCCESS
1790800568.1357503,1790800570.3817341,2245.983839035034,LOW,READ,14,SUCCESS
1790800603.2648878,1790800607.767788,4502.900123596191,LOW,READ,18,SUCCESS
1790800912.218522,1790800914.3362353,2117.713212966919,LOW,UPDATE,14,SUCCESS
1790801296.024815,1790801298.1547458,2129.9307346343994,LOW,UPDATE,14,SUCCESS
1790801301.1399243,1790801303.2400174,2100.093126296997,MODERATE,UPDATE,14,SUCCESS
1790801310.2014303,1790801312.3791547,2177.7243614196777,MODERATE,UPDATE,14,SUCCESS
1790801313.2752142,1790801315.5675962,2292.382001876831,MODERATE,UPDATE,14,SUCCESS
1790801357.998319,1790801360.2746298,2276.310920715332,MODERATE,UPDATE,14,SUCCESS
1790801393.4833274,1790801398.6965566,5213.229179382324,MODERATE,READ,18,SUCCESS
1790801397.7859354,1790801401.0899916,3304.056167602539,MODERATE,READ,3,SUCCESS
1790801401.4775598,1790801403.5940409,2116.481065750122,MODERATE,UPDATE,14,SUCCESS
1790801404.6761587,1790801406.9879289,2311.77020072937,MODERATE,READ,12,SUCCESS
1790801470.421101,1790801474.864807,4443.705797195435,MODERATE,READ,18,SUCCESS
1790801486.3022177,1790801494.5701358,8267.918109893799,MODERATE,READ,1,SUCCESS
1790801500.9091258,1790801503.2970586,2387.932777404785,MODERATE,READ,12,SUCCESS
1790801502.7957664,1790801504.8171053,2021.338939666748,MODERATE,READ,6,SUCCESS
1790801515.843253,1790801517.9356647,2092.411756515503,MODERATE,UPDATE,14,SUCCESS
1790801584.981796,1790801587.1053138,2123.5177516937256,MODERATE,UPDATE,14,SUCCESS
1790801599.3249133,1790801607.6145296,8289.616346359253,MODERATE,READ,1,SUCCESS
1790801610.2789774,1790801612.57282,2293.842554092407,MODERATE,READ,14,SUCCESS
1790801610.7809818,1790801613.10433,2323.3482837677,MODERATE,READ,14,SUCCESS
1790801700.8400517,1790801702.9605765,2120.5248832702637,MODERATE,READ,14,SUCCESS
1790801745.3357353,1790801747.4812255,2145.4901695251465,MODERATE,READ,14,SUCCESS
1790801765.2995932,1790801767.351832,2052.238702774048,MODERATE,UPDATE,14,SUCCESS
1790801782.4790192,1790801784.7673612,2288.341999053955,MODERATE,READ,12,SUCCESS
1790801786.286937,1790801788.385423,2098.4859466552734,MODERATE,UPDATE,14,SUCCESS
1790801817.1310246,1790801819.2474499,2116.4252758026123,MODERATE,READ,14,SUCCESS
1790801827.4304812,1790801830.1208315,2690.350294113159,MODERATE,READ,3,SUCCESS
1790801846.2616835,1790801848.3764987,2114.8152351379395,MODERATE,UPDATE,14,SUCCESS
1790801891.4117634,1790801893.6868873,2275.1238346099854,MODERATE,READ,12,SUCCESS
1790801898.0606885,1790801900.211332,2150.6435871124268,MODERATE,READ,14,SUCCESS
1790801900.4393232,1790801903.1425302,2703.207015991211,MODERATE,READ,3,SUCCESS
1790801918.0212243,1790801920.1371684,2115.9441471099854,MODERATE,UPDATE,14,SUCCESS
1790801960.452996,1790801962.591991,2138.9949321746826,MODERATE,UPDATE,14,SUCCESS
1790801969.7303,1790801971.8011372,2070.8372592926025,MODERATE,UPDATE,14,SUCCESS
1790801974.2741146,1790801976.9981468,2724.032163619995,MODERATE,READ,3,SUCCESS
1790802040.493852,1790802042.5767188,2082.866907119751,MODERATE,UPDATE,14,SUCCESS
1790802068.658469,1790802070.761075,2102.6060581207275,MODERATE,UPDATE,14,SUCCESS
1790802086.8648126,1790802089.0178716,2153.0590057373047,MODERATE,UPDATE,14,SUCCESS
1790802148.9482028,1790802151.0310183,2082.815408706665,MODERATE,READ,14,SUCCESS
1790802150.4917052,1790802152.5016172,2009.9120140075684,HIGH,READ,6,SUCCESS
1790802156.0860407,1790802158.3891966,2303.1558990478516,HIGH,READ,12,SUCCESS
1790802158.9160013,1790802161.2368515,2320.850133895874,HIGH,READ,12,SUCCESS
1790802160.384599,1790802162.7115936,2326.9946575164795,HIGH,READ,12,SUCCESS
1790802170.4477668,1790802172.7045844,2256.817579269409,HIGH,READ,12,SUCCESS
1790802181.4898374,1790802183.78916,2299.3226051330566,HIGH,READ,12,SUCCESS
1790802190.5589035,1790802194.9768183,4417.914867401123,HIGH,READ,18,SUCCESS
1790802194.10429,1790802196.7631195,2658.8294506073,HIGH,UPDATE,14,SUCCESS
1790802203.99944,1790802206.9811077,2981.6677570343018,HIGH,READ,12,SUCCESS
1790802203.2739832,1790802208.3719811,5097.9979038238525,HIGH,READ,18,SUCCESS
1790802206.013107,1790802212.685602,6672.494888305664,HIGH,READ,18,SUCCESS
1790802209.5929742,1790802213.415576,3822.601795196533,HIGH,UPDATE,14,SUCCESS
1790802206.1091125,1790802217.324738,11215.625524520874,HIGH,READ,1,SUCCESS
1790802216.5946708,1790802218.942536,2347.865343093872,HIGH,UPDATE,14,SUCCESS
1790802222.1980293,1790802224.4529154,2254.8861503601074,HIGH,UPDATE,14,SUCCESS
1790802251.6035085,1790802253.8196344,2216.125965118408,HIGH,UPDATE,14,SUCCESS
1790802254.8765156,1790802257.1598094,2283.2937240600586,HIGH,UPDATE,14,SUCCESS
1790802264.8611407,1790802267.0857165,2224.5757579803467,HIGH,UPDATE,14,SUCCESS
1790802281.4681728,1790802286.0714202,4603.247404098511,HIGH,READ,18,SUCCESS
1790802284.4758146,1790802287.7996564,3323.8418102264404,HIGH,UPDATE,14,SUCCESS
1790802284.8446918,1790802288.4105036,3565.8118724823,HIGH,UPDATE,14,SUCCESS
1790802284.88046,1790802288.6153424,3734.882354736328,HIGH,READ,12,SUCCESS
1790802286.1562343,1790802289.169162,3012.927770614624,HIGH,READ,12,SUCCESS
1790802304.1621463,1790802312.4127252,8250.578880310059,HIGH,READ,1,SUCCESS
1790802311.414263,1790802313.649647,2235.383987426758,HIGH,READ,14,SUCCESS
1790802313.4752982,1790802315.601868,2126.5697479248047,HIGH,READ,14,SUCCESS
1790802318.5955803,1790802326.7376647,8142.084360122681,HIGH,READ,1,SUCCESS
1790802359.151446,1790802363.9477274,4796.281337738037,HIGH,READ,18,SUCCESS
1790802361.5417867,1790802364.7253752,3183.5885047912598,HIGH,READ,6,SUCCESS
1790802362.1556127,1790802365.5548398,3399.2271423339844,HIGH,UPDATE,14,SUCCESS
1790802361.7436075,1790802365.6642733,3920.665740966797,HIGH,READ,3,SUCCESS
1790802381.2817328,1790802383.403581,2121.8481063842773,HIGH,UPDATE,14,SUCCESS
1790802386.4750943,1790802390.7394795,4264.385223388672,HIGH,READ,18,SUCCESS
1790802408.9232416,1790802411.0370803,2113.8386726379395,HIGH,UPDATE,14,SUCCESS
1790802413.6538217,1790802415.964215,2310.3933334350586,HIGH,READ,12,SUCCESS
1790802418.5260897,1790802420.637935,2111.8452548980713,HIGH,READ,14,SUCCESS
1790802420.581134,1790802422.5460384,1964.9043083190918,HIGH,READ,6,SUCCESS
1790802424.1610627,1790802426.3042293,2143.1665420532227,HIGH,READ,14,SUCCESS
1790802429.6097376,1790802431.7242506,2114.5129203796387,HIGH,UPDATE,14,SUCCESS
1790802431.2238154,1790802433.2952561,2071.4406967163086,HIGH,READ,14,SUCCESS
1790802456.0665176,1790802458.4461448,2379.627227783203,HIGH,READ,12,SUCCESS
1790802457.3010106,1790802461.668617,4367.606401443481,HIGH,READ,18,SUCCESS
1790802463.7149687,1790802468.3375854,4622.616767883301,HIGH,READ,18,SUCCESS
1790802466.6808934,1790802469.820141,3139.2476558685303,HIGH,READ,6,SUCCESS
1790802466.4668565,1790802475.8328521,9365.995645523071,HIGH,READ,1,SUCCESS
1790802481.70168,1790802483.8089995,2107.3195934295654,HIGH,READ,6,SUCCESS
1790802484.6354156,1790802487.6265852,2991.1696910858154,HIGH,READ,3,SUCCESS
1790802489.9591305,1790802492.2365034,2277.3728370666504,HIGH,READ,14,SUCCESS
1790802496.0418718,1790802498.4576778,2415.8060550689697,HIGH,UPDATE,14,SUCCESS
1790802496.8631253,1790802499.2426891,2379.563808441162,HIGH,READ,6,SUCCESS
1790802512.5220833,1790802516.9928963,4470.813035964966,HIGH,READ,18,SUCCESS
1790802537.6950986,1790802539.937068,2241.969347000122,HIGH,READ,12,SUCCESS
1790802542.483292,1790802544.8144958,2331.2036991119385,HIGH,READ,12,SUCCESS
1790802554.075411,1790802556.7091115,2633.700370788574,HIGH,UPDATE,14,SUCCESS
1790802549.810573,1790802558.4359465,8625.373363494873,HIGH,READ,1,SUCCESS
1790802563.3194706,1790802565.6999986,2380.527973175049,HIGH,READ,12,SUCCESS
1790802568.9725883,1790802571.0680172,2095.428943634033,HIGH,UPDATE,14,SUCCESS
1790802571.5790396,1790802573.6475801,2068.540573120117,HIGH,READ,14,SUCCESS
1790802577.9213986,1790802580.0164802,2095.081567764282,HIGH,UPDATE,14,SUCCESS
1790802581.604449,1790802583.695593,2091.14408493042,HIGH,READ,14,SUCCESS
1790802586.146291,1790802588.2178166,2071.5255737304688,HIGH,UPDATE,14,SUCCESS
1790802592.0320292,1790802594.0305245,1998.49534034729,HIGH,READ,6,SUCCESS
1790802612.2663329,1790802614.827964,2561.631202697754,HIGH,READ,14,SUCCESS
1790802607.19905,1790802615.655332,8456.282138824463,HIGH,READ,1,SUCCESS
1790802628.844809,1790802630.9283488,2083.5397243499756,HIGH,READ,14,SUCCESS
1790802630.9805038,1790802633.1355097,2155.005931854248,HIGH,READ,14,SUCCESS
1790802632.2836473,1790802634.726889,2443.241596221924,HIGH,READ,12,SUCCESS
1790802633.3241107,1790802635.6142848,2290.1740074157715,HIGH,READ,14,SUCCESS
1790802636.315081,1790802638.2706277,1955.5468559265137,HIGH,READ,6,SUCCESS
1790802646.861633,1790802648.9561436,2094.510555267334,HIGH,UPDATE,14,SUCCESS
1790802649.7984436,1790802651.954148,2155.7044982910156,HIGH,READ,14,SUCCESS
1790802672.0267444,1790802676.3044515,4277.707099914551,HIGH,READ,18,SUCCESS
1790802683.329014,1790802685.4479823,2118.9682483673096,MODERATE,UPDATE,14,SUCCESS
1790802746.2958438,1790802748.24072,1944.8761940002441,MODERATE,READ,6,SUCCESS
1790802794.4641018,1790802796.5470982,2082.996368408203,MODERATE,READ,14,SUCCESS
1790802888.786686,1790802890.7564456,1969.7597026824951,MODERATE,READ,6,SUCCESS
1790802892.8306668,1790802895.3084128,2477.74600982666,MODERATE,UPDATE,14,SUCCESS
1790802892.745752,1790802895.3097744,2564.0223026275635,MODERATE,READ,12,SUCCESS
1790802982.7218087,1790802984.8110054,2089.1966819763184,MODERATE,UPDATE,14,SUCCESS
1790802988.360806,1790802991.1418886,2781.0826301574707,MODERATE,READ,3,SUCCESS
1790803014.449375,1790803016.5490737,2099.698781967163,MODERATE,UPDATE,14,SUCCESS
1790803027.460671,1790803030.1223488,2661.677837371826,MODERATE,READ,3,SUCCESS
1790803031.5311317,1790803033.862235,2331.1033248901367,MODERATE,READ,12,SUCCESS
1790803042.7444139,1790803044.8234472,2079.033374786377,MODERATE,READ,14,SUCCESS
1790803057.3679252,1790803059.4256122,2057.6870441436768,MODERATE,UPDATE,14,SUCCESS
1790803076.2591157,1790803078.3038065,2044.6908473968506,MODERATE,READ,14,SUCCESS
1790803096.7343721,1790803099.416239,2681.8668842315674,MODERATE,UPDATE,14,SUCCESS
1790803096.3764246,1790803101.291806,4915.38143157959,MODERATE,READ,18,SUCCESS
1790803098.5911267,1790803107.8078961,9216.769456863403,MODERATE,READ,1,SUCCESS
1790803141.3481407,1790803143.455337,2107.19633102417,MODERATE,UPDATE,14,SUCCESS
1790803312.7282467,1790803315.0189333,2290.68660736084,LOW,READ,14,SUCCESS
1790803318.3153214,1790803323.1020894,4786.767959594727,LOW,READ,18,SUCCESS
1790803417.5692155,1790803420.469614,2900.3984928131104,LOW,READ,3,SUCCESS
1790803466.8936515,1790803469.1990764,2305.424928665161,LOW,UPDATE,14,SUCCESS
1790803487.8901002,1790803496.1678636,8277.763366699219,LOW,READ,1,SUCCESS
1790803686.4318228,1790803688.8831456,2451.3227939605713,LOW,READ,12,SUCCESS
1790803693.452725,1790803696.5428698,3090.1448726654053,MODERATE,READ,3,SUCCESS
1790803706.092244,1790803708.2060204,2113.776445388794,MODERATE,READ,6,SUCCESS
1790803713.5600786,1790803715.7987936,2238.7149333953857,MODERATE,READ,14,SUCCESS
1790803724.4848268,1790803726.7835855,2298.7587451934814,MODERATE,UPDATE,14,SUCCESS
1790803729.8305035,1790803734.400702,4570.198535919189,MODERATE,READ,18,SUCCESS
1790803740.8657324,1790803749.2252052,8359.472751617432,MODERATE,READ,1,SUCCESS
1790803750.443096,1790803753.3860304,2942.934513092041,MODERATE,READ,3,SUCCESS
1790803759.1818185,1790803763.725008,4543.189525604248,MODERATE,READ,18,SUCCESS
1790803787.2171683,1790803789.4828508,2265.6824588775635,MODERATE,UPDATE,14,SUCCESS
1790803796.836348,1790803801.3710818,4534.733772277832,MODERATE,READ,18,SUCCESS
1790803811.4802454,1790803815.925838,4445.592641830444,MODERATE,READ,18,SUCCESS
1790803819.1092598,1790803821.4384782,2329.2183876037598,MODERATE,READ,12,SUCCESS
1790803835.7876399,1790803840.0888631,4301.223278045654,MODERATE,READ,18,SUCCESS
1790803844.2129805,1790803846.3341193,2121.13881111145,MODERATE,READ,14,SUCCESS
1790803854.9530756,1790803857.0281181,2075.042486190796,MODERATE,UPDATE,14,SUCCESS
1790803864.3786583,1790803866.8142521,2435.593843460083,MODERATE,READ,12,SUCCESS
1790803871.0178275,1790803873.13789,2120.0625896453857,MODERATE,UPDATE,14,SUCCESS
1790803880.3105865,1790803882.4187071,2108.1206798553467,MODERATE,UPDATE,14,SUCCESS
1790803893.5409408,1790803895.8388143,2297.8734970092773,MODERATE,READ,12,SUCCESS
1790803906.2145343,1790803909.0158975,2801.363229751587,MODERATE,READ,3,SUCCESS
1790803907.8968928,1790803910.2208464,2323.953628540039,MODERATE,READ,12,SUCCESS
1790803917.1862876,1790803920.5753114,3389.023780822754,MODERATE,READ,3,SUCCESS
1790803912.4236534,1790803921.340477,8916.823625564575,MODERATE,READ,1,SUCCESS
1790803934.299426,1790803936.415343,2115.916967391968,MODERATE,UPDATE,14,SUCCESS
1790803958.4977822,1790803960.5908825,2093.1003093719482,MODERATE,UPDATE,14,SUCCESS
1790803984.257,1790803986.217732,1960.7319831848145,MODERATE,READ,6,SUCCESS
1790803988.3365796,1790803990.5723028,2235.7232570648193,MODERATE,UPDATE,14,SUCCESS
1790803989.6173952,1790803991.8317032,2214.308023452759,MODERATE,READ,14,SUCCESS
1790803996.9746838,1790803999.2556574,2280.9736728668213,MODERATE,READ,12,SUCCESS
1790803999.899822,1790804008.4243774,8524.555444717407,MODERATE,READ,1,SUCCESS
1790804006.4682524,1790804008.7974184,2329.1659355163574,MODERATE,UPDATE,14,SUCCESS
1790804027.9716506,1790804029.9354703,1963.8197422027588,MODERATE,READ,6,SUCCESS
1790804073.0533705,1790804075.2072225,2153.8519859313965,MODERATE,UPDATE,14,SUCCESS
1790804080.411506,1790804082.489061,2077.5551795959473,LOW,UPDATE,14,SUCCESS
1790804120.5814264,1790804122.6520445,2070.618152618408,LOW,UPDATE,14,SUCCESS
1790804214.6482346,1790804222.7737372,8125.502586364746,LOW,READ,1,SUCCESS
1790804614.7115796,1790804616.661456,1949.8765468597412,LOW,READ,6,SUCCESS
1790804638.6140203,1790804640.620511,2006.490707397461,LOW,READ,6,SUCCESS
1790804825.9421499,1790804834.2404964,8298.346519470215,LOW,READ,1,SUCCESS
1790804856.0778337,1790804864.27977,8201.9362449646,MODERATE,READ,1,SUCCESS
1790804891.1588047,1790804893.3857958,2226.9911766052246,MODERATE,UPDATE,14,SUCCESS
1790804892.1566694,1790804896.5592,4402.530670166016,MODERATE,READ,18,SUCCESS
1790804911.5343263,1790804913.7047162,2170.3898906707764,MODERATE,UPDATE,14,SUCCESS
1790804912.6219141,1790804914.85728,2235.365867614746,MODERATE,UPDATE,14,SUCCESS
1790804915.3752522,1790804919.7123048,4337.052583694458,MODERATE,READ,18,SUCCESS
1790804936.336822,1790804938.3020153,1965.193271636963,MODERATE,READ,6,SUCCESS
1790804969.4181592,1790804974.508497,5090.337753295898,MODERATE,READ,18,SUCCESS
1790804976.266406,1790804980.9475205,4681.114435195923,MODERATE,READ,18,SUCCESS
1790804999.323262,1790805001.799165,2475.903034210205,MODERATE,READ,12,SUCCESS
