Phenomenon,Status,Constraint,Can_Measure
Persistent Iceberg State,Ready,None,Yes
Evolving Fragmentation,Ready,Depends on Workload Write Intensity,Yes
Continuous Query Arrivals,Ready,Managed by NHPP simulator,Yes
Workload Transitions,Ready,Regimes will cycle multiple times over 4-8h,Yes
Real Spark Telemetry,Ready,Needs robust REST API parsing in global daemon,Yes
Real Compaction Events,Ready,Requires programmatic trigger threshold,Yes
Overlap (Interference),Ready,Requires queries to be queued/running during compaction,Yes
Unified Timestamps,Ready,Time.time() epoch in Python Daemon,Yes
Hardware Cache State,Cannot Measure,OS level caches (page cache) are unobservable directly,No
Network Latency Fluctuations,Cannot Measure,Not instrumented in daemon,No
