column,category,type,description
timestamp,CLOCK,float,Global synchronized clock epoch (seconds)
num_files,TABLE STATE,int,Total data files in Iceberg table
avg_file_size_mb,TABLE STATE,float,Average size of data files
total_table_size_mb,TABLE STATE,float,Total size of table
fragmentation_level,TABLE STATE,float,Ratio of small files to total files
files_created_since_prev,TABLE STATE,int,Files added in last dt
maintenance_debt,TABLE STATE,float,Estimated compaction work required
time_since_last_compaction_s,TABLE STATE,float,Seconds since last compaction ended
query_arrival_rate_hz,WORKLOAD STATE,float,Arrivals per second in dt
queries_started,WORKLOAD STATE,int,Queries launched in dt
queries_completed,WORKLOAD STATE,int,Queries finished in dt
active_queries,WORKLOAD STATE,int,Queries running at end of dt
queued_queries,WORKLOAD STATE,int,Queries waiting for admission
read_queries,WORKLOAD STATE,int,Number of read queries active
write_update_queries,WORKLOAD STATE,int,Number of update queries active
workload_intensity,WORKLOAD STATE,float,Normalized intensity metric (0.0 - 1.0)
cpu_utilization_pct,SYSTEM STATE,float,Global CPU utilization
memory_utilization_pct,SYSTEM STATE,float,Global RAM utilization
active_spark_tasks,SYSTEM STATE,int,Spark tasks actively computing
queued_spark_tasks,SYSTEM STATE,int,Spark tasks pending resources
compaction_active,MAINTENANCE STATE,int,"Boolean: 1 if compaction is running, else 0"
compaction_elapsed_time_s,MAINTENANCE STATE,float,Time since current compaction started
files_being_compacted,MAINTENANCE STATE,int,Number of files targeted by active compaction
rolling_query_rate_k,TEMPORAL FEATURES,float,Average query arrival over lookback k
workload_acceleration_k,TEMPORAL FEATURES,float,Derivative of query rate over k
recent_fragmentation_growth_k,TEMPORAL FEATURES,float,Growth rate of small files over k
target_y1_future_qir_h,TARGETS,float,Avg Query Interference Ratio over horizon h
target_y5_interference_cost,TARGETS,float,Total latency penalty over horizon h
