timestamp,num_files,avg_file_size_mb,total_table_size_mb,fragmentation_level,files_created_since_prev,maintenance_debt,time_since_last_compaction_s,query_arrival_rate_hz,queries_started,queries_completed,active_queries,queued_queries,read_queries,write_update_queries,workload_intensity,cpu_utilization_pct,memory_utilization_pct,active_spark_tasks,queued_spark_tasks,compaction_active,compaction_elapsed_time_s,files_being_compacted
1790659966.6973433,500,12.5,6250.0,0.8,2,40.0,120.0,0.6999326662733847,2,1,4,0,3,1,0.4,39.0734889658446,60.0,16,2,0,0.0,0
1790659971.6973433,500,12.5,6250.0,0.8,2,40.0,120.0,0.5122436998925377,2,1,4,0,3,1,0.4,48.66429760027106,60.0,16,2,0,0.0,0
1790659976.6973433,500,12.5,6250.0,0.8,2,40.0,120.0,0.5443482722685195,2,1,4,0,3,1,0.4,41.425070472993454,60.0,16,2,0,0.0,0
1790659981.6973433,500,12.5,6250.0,0.8,2,40.0,120.0,0.6979312193863336,2,1,4,0,3,1,0.4,48.09356746690613,60.0,16,2,0,0.0,0
1790659986.6973433,500,12.5,6250.0,0.8,2,40.0,120.0,0.6405789046510693,2,1,4,0,3,1,0.4,43.44896684561589,60.0,16,2,0,0.0,0
1790659991.6973433,500,12.5,6250.0,0.8,2,40.0,120.0,0.4166584278015443,2,1,4,0,3,1,0.4,36.17429712598408,60.0,16,2,0,0.0,0
1790659996.6973433,500,12.5,6250.0,0.8,2,40.0,120.0,0.4438314637678662,2,1,4,0,3,1,0.4,46.723094914858805,60.0,16,2,0,0.0,0
1790660001.6973433,500,12.5,6250.0,0.8,2,40.0,120.0,0.5213387271871206,2,1,4,0,3,1,0.4,53.82691407643447,60.0,16,2,0,0.0,0
1790660006.6973433,500,12.5,6250.0,0.8,2,40.0,120.0,0.5943004385711814,2,1,4,0,3,1,0.4,45.43434195337467,60.0,16,2,0,0.0,0
1790660011.6973433,500,12.5,6250.0,0.8,2,40.0,120.0,0.37079343276679716,2,1,4,0,3,1,0.4,49.73305659001507,60.0,16,2,0,0.0,0
1790660016.6973433,500,12.5,6250.0,0.8,2,40.0,120.0,0.48560484458400216,2,1,4,0,3,1,0.4,48.105934071227416,60.0,16,2,0,0.0,0
1790660021.6973433,500,12.5,6250.0,0.8,2,40.0,120.0,0.5620169200904128,2,1,4,0,3,1,0.4,50.108465213018206,60.0,16,2,0,0.0,0
1790660026.6973433,500,12.5,6250.0,0.8,2,40.0,120.0,0.3491728078611882,2,1,4,0,3,1,0.4,36.04759149742103,60.0,16,2,0,0.0,0
1790660031.6973433,500,12.5,6250.0,0.8,2,40.0,120.0,0.6478558289249332,2,1,4,0,3,1,0.4,50.73482028695399,60.0,16,2,0,0.0,0
1790660036.6973433,500,12.5,6250.0,0.8,2,40.0,120.0,0.6806695624183995,2,1,4,0,3,1,0.4,45.21342304448268,60.0,16,2,0,0.0,0
1790660041.6973433,500,12.5,6250.0,0.8,2,40.0,120.0,0.6025596587649182,2,1,4,0,3,1,0.4,51.79592203257354,60.0,16,2,0,0.0,0
1790660046.6973433,500,12.5,6250.0,0.8,2,40.0,120.0,0.6320901101827854,2,1,4,0,3,1,0.4,45.446653255461655,60.0,16,2,0,0.0,0
1790660051.6973433,500,12.5,6250.0,0.8,2,40.0,120.0,0.4439509615935752,2,1,4,0,3,1,0.4,46.89729943749439,60.0,16,2,0,0.0,0
1790660056.6973433,500,12.5,6250.0,0.8,2,40.0,120.0,0.6951409292031918,2,1,4,0,3,1,0.4,49.37361913780737,60.0,16,2,0,0.0,0
1790660061.6973433,500,12.5,6250.0,0.8,2,40.0,120.0,0.40161681012516365,2,1,4,0,3,1,0.4,54.01045007499064,60.0,16,2,0,0.0,0
1790660066.6973433,500,12.5,6250.0,0.8,2,40.0,120.0,0.6317915665624663,2,1,4,0,3,1,0.4,50.24458256331764,60.0,16,2,0,0.0,0
1790660071.6973433,500,12.5,6250.0,0.8,2,40.0,120.0,0.4912799845934847,2,1,4,0,3,1,0.4,45.460957421877,60.0,16,2,0,0.0,0
1790660076.6973433,500,12.5,6250.0,0.8,2,40.0,120.0,0.6776348829318191,2,1,4,0,3,1,0.4,45.559881315520265,60.0,16,2,0,0.0,0
1790660081.6973433,500,12.5,6250.0,0.8,2,40.0,120.0,0.36109631661013897,2,1,4,0,3,1,0.4,45.18149590122597,60.0,16,2,0,0.0,0
1790660086.6973433,500,12.5,6250.0,0.8,2,40.0,120.0,0.5447894111823905,2,1,4,0,3,1,0.4,41.41973965469673,60.0,16,2,0,0.0,0
1790660091.6973433,500,12.5,6250.0,0.8,2,40.0,120.0,0.5641493733635804,2,1,4,0,3,1,0.4,54.58666470139343,60.0,16,2,0,0.0,0
1790660096.6973433,500,12.5,6250.0,0.8,2,40.0,120.0,0.6821812989296108,2,1,4,0,3,1,0.4,48.685888478522465,60.0,16,2,0,0.0,0
1790660101.6973433,500,12.5,6250.0,0.8,2,40.0,120.0,0.5566268321953138,2,1,4,0,3,1,0.4,51.22742071901585,60.0,16,2,0,0.0,0
1790660106.6973433,500,12.5,6250.0,0.8,2,40.0,120.0,0.6928114718351457,2,1,4,0,3,1,0.4,35.53908339593512,60.0,16,2,0,0.0,0
1790660111.6973433,500,12.5,6250.0,0.8,2,40.0,120.0,0.34190246759561793,2,1,4,0,3,1,0.4,46.54160699477093,60.0,16,2,0,0.0,0
1790660116.6973433,500,12.5,6250.0,0.8,2,40.0,120.0,0.6948703293432464,2,1,4,0,3,1,0.4,48.287353239797255,60.0,16,2,0,0.0,0
1790660121.6973433,500,12.5,6250.0,0.8,2,40.0,120.0,0.5703406220260494,2,1,4,0,3,1,0.4,48.568991904048104,60.0,16,2,0,0.0,0
1790660126.6973433,500,12.5,6250.0,0.8,2,40.0,120.0,0.5395739270468048,2,1,4,0,3,1,0.4,45.067861392272775,60.0,16,2,0,0.0,0
1790660131.6973433,500,12.5,6250.0,0.8,2,40.0,120.0,0.41334523586285926,2,1,4,0,3,1,0.4,48.979083455468,60.0,16,2,0,0.0,0
1790660136.6973433,500,12.5,6250.0,0.8,2,40.0,120.0,0.6851582324520165,2,1,4,0,3,1,0.4,49.353847720481525,60.0,16,2,0,0.0,0
1790660141.6973433,500,12.5,6250.0,0.8,2,40.0,120.0,0.3269235536731634,2,1,4,0,3,1,0.4,50.51062545842521,60.0,16,2,0,0.0,0
1790660146.6973433,500,12.5,6250.0,0.8,2,40.0,120.0,0.5162730801162873,2,1,4,0,3,1,0.4,54.07828583444593,60.0,16,2,0,0.0,0
1790660151.6973433,500,12.5,6250.0,0.8,2,40.0,120.0,0.5630984557086939,2,1,4,0,3,1,0.4,36.23999863602205,60.0,16,2,0,0.0,0
1790660156.6973433,500,12.5,6250.0,0.8,2,40.0,120.0,0.5782642636744636,2,1,4,0,3,1,0.4,40.90335359937152,60.0,16,2,0,0.0,0
1790660161.6973433,500,12.5,6250.0,0.8,2,40.0,120.0,0.3251749522776741,2,1,4,0,3,1,0.4,46.32994908628585,60.0,16,2,0,0.0,0
1790660166.6973433,500,12.5,6250.0,0.8,2,40.0,120.0,0.6669451329289463,2,1,4,0,3,1,0.4,35.35034170253639,60.0,16,2,0,0.0,0
1790660171.6973433,500,12.5,6250.0,0.8,2,40.0,120.0,0.37119306366682286,2,1,4,0,3,1,0.4,53.01892889090698,60.0,16,2,0,0.0,0
1790660176.6973433,500,12.5,6250.0,0.8,2,40.0,120.0,0.5646879869505179,2,1,4,0,3,1,0.4,49.592686382194614,60.0,16,2,0,0.0,0
1790660181.6973433,500,12.5,6250.0,0.8,2,40.0,120.0,0.3163197896902547,2,1,4,0,3,1,0.4,41.434905865161824,60.0,16,2,0,0.0,0
1790660186.6973433,500,12.5,6250.0,0.8,2,40.0,120.0,0.5979254656843441,2,1,4,0,3,1,0.4,39.15118579714542,60.0,16,2,0,0.0,0
1790660191.6973433,500,12.5,6250.0,0.8,2,40.0,120.0,0.5273051545499157,2,1,4,0,3,1,0.4,52.1373246746558,60.0,16,2,0,0.0,0
1790660196.6973433,500,12.5,6250.0,0.8,2,40.0,120.0,0.5580101159502624,2,1,4,0,3,1,0.4,38.20477807828001,60.0,16,2,0,0.0,0
1790660201.6973433,500,12.5,6250.0,0.8,2,40.0,120.0,0.6556380907472577,2,1,4,0,3,1,0.4,50.887379030783535,60.0,16,2,0,0.0,0
1790660206.6973433,500,12.5,6250.0,0.8,2,40.0,120.0,0.6671777929688811,2,1,4,0,3,1,0.4,48.6792494306068,60.0,16,2,0,0.0,0
1790660211.6973433,500,12.5,6250.0,0.8,2,40.0,120.0,0.3511468804497683,2,1,4,0,3,1,0.4,51.41205384556912,60.0,16,2,0,0.0,0
1790660216.6973433,500,12.5,6250.0,0.8,2,40.0,120.0,0.6137246716316289,2,1,4,0,3,1,0.4,48.24684402681747,60.0,16,2,0,0.0,0
1790660221.6973433,500,12.5,6250.0,0.8,2,40.0,120.0,0.4601273459002068,2,1,4,0,3,1,0.4,38.83437796912968,60.0,16,2,0,0.0,0
1790660226.6973433,500,12.5,6250.0,0.8,2,40.0,120.0,0.4359038925529714,2,1,4,0,3,1,0.4,36.418545093021436,60.0,16,2,0,0.0,0
1790660231.6973433,500,12.5,6250.0,0.8,2,40.0,120.0,0.4866790479514174,2,1,4,0,3,1,0.4,46.78604167251832,60.0,16,2,0,0.0,0
1790660236.6973433,500,12.5,6250.0,0.8,2,40.0,120.0,0.5612657592516492,2,1,4,0,3,1,0.4,53.73442828552983,60.0,16,2,0,0.0,0
1790660241.6973433,500,12.5,6250.0,0.8,2,40.0,120.0,0.5742547373869186,2,1,4,0,3,1,0.4,51.50588514995642,60.0,16,2,0,0.0,0
1790660246.6973433,500,12.5,6250.0,0.8,2,40.0,120.0,0.6315175488129565,2,1,4,0,3,1,0.4,53.272803244022654,60.0,16,2,0,0.0,0
1790660251.6973433,500,12.5,6250.0,0.8,2,40.0,120.0,0.5752327465577045,2,1,4,0,3,1,0.4,48.48167304599272,60.0,16,2,0,0.0,0
1790660256.6973433,500,12.5,6250.0,0.8,2,40.0,120.0,0.40409554636360545,2,1,4,0,3,1,0.4,53.22085567152433,60.0,16,2,0,0.0,0
1790660261.6973433,500,12.5,6250.0,0.8,2,40.0,120.0,0.6607937874530169,2,1,4,0,3,1,0.4,46.761989066560886,60.0,16,2,0,0.0,0
1790660266.6973433,500,12.5,6250.0,0.8,2,40.0,120.0,0.4801867910473078,2,1,4,0,3,1,0.4,36.246696547821095,60.0,16,2,0,0.0,0
1790660271.6973433,500,12.5,6250.0,0.8,2,40.0,120.0,0.34595743284784586,2,1,4,0,3,1,0.4,41.165518980279316,60.0,16,2,0,0.0,0
1790660276.6973433,500,12.5,6250.0,0.8,2,40.0,120.0,0.3501480998812534,2,1,4,0,3,1,0.4,41.924760010633385,60.0,16,2,0,0.0,0
1790660281.6973433,500,12.5,6250.0,0.8,2,40.0,120.0,0.3590742752282078,2,1,4,0,3,1,0.4,53.275518105871654,60.0,16,2,0,0.0,0
1790660286.6973433,500,12.5,6250.0,0.8,2,40.0,120.0,0.6107162907162367,2,1,4,0,3,1,0.4,40.1338813352253,60.0,16,2,0,0.0,0
1790660291.6973433,500,12.5,6250.0,0.8,2,40.0,120.0,0.4103626751039011,2,1,4,0,3,1,0.4,46.876601551731405,60.0,16,2,0,0.0,0
1790660296.6973433,500,12.5,6250.0,0.8,2,40.0,120.0,0.642723339234365,2,1,4,0,3,1,0.4,37.490793265246765,60.0,16,2,0,0.0,0
1790660301.6973433,500,12.5,6250.0,0.8,2,40.0,120.0,0.6753369492059893,2,1,4,0,3,1,0.4,47.34075845575342,60.0,16,2,0,0.0,0
1790660306.6973433,500,12.5,6250.0,0.8,2,40.0,120.0,0.3263931866065485,2,1,4,0,3,1,0.4,35.53866526619094,60.0,16,2,0,0.0,0
1790660311.6973433,500,12.5,6250.0,0.8,2,40.0,120.0,0.4148058853187852,2,1,4,0,3,1,0.4,39.72859486861789,60.0,16,2,0,0.0,0
1790660316.6973433,500,12.5,6250.0,0.8,2,40.0,120.0,0.48590209201169937,2,1,4,0,3,1,0.4,53.94264339042222,60.0,16,2,0,0.0,0
1790660321.6973433,500,12.5,6250.0,0.8,2,40.0,120.0,0.4515565839501628,2,1,4,0,3,1,0.4,53.486427237325245,60.0,16,2,0,0.0,0
1790660326.6973433,500,12.5,6250.0,0.8,2,40.0,120.0,0.6137808209294673,2,1,4,0,3,1,0.4,40.25656684610693,60.0,16,2,0,0.0,0
1790660331.6973433,500,12.5,6250.0,0.8,2,40.0,120.0,0.4113276837871997,2,1,4,0,3,1,0.4,40.579269183606485,60.0,16,2,0,0.0,0
1790660336.6973433,500,12.5,6250.0,0.8,2,40.0,120.0,0.3105894546945642,2,1,4,0,3,1,0.4,40.89299033751554,60.0,16,2,0,0.0,0
1790660341.6973433,500,12.5,6250.0,0.8,2,40.0,120.0,0.544686785757339,2,1,4,0,3,1,0.4,50.954893219052785,60.0,16,2,0,0.0,0
1790660346.6973433,500,12.5,6250.0,0.8,2,40.0,120.0,0.4908406043688003,2,1,4,0,3,1,0.4,38.31352449881664,60.0,16,2,0,0.0,0
1790660351.6973433,500,12.5,6250.0,0.8,2,40.0,120.0,0.6709148898406361,2,1,4,0,3,1,0.4,46.29471245311657,60.0,16,2,0,0.0,0
1790660356.6973433,500,12.5,6250.0,0.8,2,40.0,120.0,0.5432752326714246,2,1,4,0,3,1,0.4,35.83602817144541,60.0,16,2,0,0.0,0
1790660361.6973433,500,12.5,6250.0,0.8,2,40.0,120.0,0.30527162469310654,2,1,4,0,3,1,0.4,50.138844776532366,60.0,16,2,0,0.0,0
1790660366.6973433,500,12.5,6250.0,0.8,2,40.0,120.0,0.376821001806738,2,1,4,0,3,1,0.4,54.76699859429739,60.0,16,2,0,0.0,0
1790660371.6973433,500,12.5,6250.0,0.8,2,40.0,120.0,0.5882205263037398,2,1,4,0,3,1,0.4,46.68731329767026,60.0,16,2,0,0.0,0
1790660376.6973433,500,12.5,6250.0,0.8,2,40.0,120.0,0.551600219033964,2,1,4,0,3,1,0.4,47.9173540893526,60.0,16,2,0,0.0,0
1790660381.6973433,500,12.5,6250.0,0.8,2,40.0,120.0,0.5724594189482253,2,1,4,0,3,1,0.4,35.76457311652942,60.0,16,2,0,0.0,0
1790660386.6973433,500,12.5,6250.0,0.8,2,40.0,120.0,0.31793811966362584,2,1,4,0,3,1,0.4,54.81511361391133,60.0,16,2,0,0.0,0
1790660391.6973433,500,12.5,6250.0,0.8,2,40.0,120.0,0.3971432724928809,2,1,4,0,3,1,0.4,40.43004632828803,60.0,16,2,0,0.0,0
1790660396.6973433,500,12.5,6250.0,0.8,2,40.0,120.0,0.6247602126772096,2,1,4,0,3,1,0.4,37.99520065646243,60.0,16,2,0,0.0,0
1790660401.6973433,500,12.5,6250.0,0.8,2,40.0,120.0,0.31851954120424003,2,1,4,0,3,1,0.4,36.4680738887495,60.0,16,2,0,0.0,0
1790660406.6973433,500,12.5,6250.0,0.8,2,40.0,120.0,0.45399970671107237,2,1,4,0,3,1,0.4,46.43408149513577,60.0,16,2,0,0.0,0
1790660411.6973433,500,12.5,6250.0,0.8,2,40.0,120.0,0.672333257173551,2,1,4,0,3,1,0.4,46.694219816456524,60.0,16,2,0,0.0,0
1790660416.6973433,500,12.5,6250.0,0.8,2,40.0,120.0,0.663921802370004,2,1,4,0,3,1,0.4,43.58512992201886,60.0,16,2,0,0.0,0
1790660421.6973433,500,12.5,6250.0,0.8,2,40.0,120.0,0.6077472910918353,2,1,4,0,3,1,0.4,53.92808133872808,60.0,16,2,0,0.0,0
1790660426.6973433,500,12.5,6250.0,0.8,2,40.0,120.0,0.5645739902028968,2,1,4,0,3,1,0.4,51.989514891220054,60.0,16,2,0,0.0,0
1790660431.6973433,500,12.5,6250.0,0.8,2,40.0,120.0,0.3145665140507292,2,1,4,0,3,1,0.4,38.15866919689372,60.0,16,2,0,0.0,0
1790660436.6973433,500,12.5,6250.0,0.8,2,40.0,120.0,0.5321826380099256,2,1,4,0,3,1,0.4,40.52164914894598,60.0,16,2,0,0.0,0
1790660441.6973433,500,12.5,6250.0,0.8,2,40.0,120.0,0.5226092913244935,2,1,4,0,3,1,0.4,35.07153669989164,60.0,16,2,0,0.0,0
1790660446.6973433,500,12.5,6250.0,0.8,2,40.0,120.0,0.6403065335924136,2,1,4,0,3,1,0.4,41.78065046034342,60.0,16,2,0,0.0,0
1790660451.6973433,500,12.5,6250.0,0.8,2,40.0,120.0,0.43801370869855305,2,1,4,0,3,1,0.4,46.60729333871115,60.0,16,2,0,0.0,0
1790660456.6973433,500,12.5,6250.0,0.8,2,40.0,120.0,0.39182316088513847,2,1,4,0,3,1,0.4,48.63855208236093,60.0,16,2,0,0.0,0
1790660461.6973433,500,12.5,6250.0,0.8,2,40.0,120.0,0.39983188088733923,2,1,4,0,3,1,0.4,40.398838070954675,60.0,16,2,0,0.0,0
1790660466.6973433,500,12.5,6250.0,0.8,2,40.0,120.0,0.6988466401486197,2,1,4,0,3,1,0.4,47.56620252401825,60.0,16,2,0,0.0,0
1790660471.6973433,500,12.5,6250.0,0.8,2,40.0,120.0,0.30068373500288736,2,1,4,0,3,1,0.4,44.015902845694846,60.0,16,2,0,0.0,0
1790660476.6973433,500,12.5,6250.0,0.8,2,40.0,120.0,0.6147399943576863,2,1,4,0,3,1,0.4,39.50157034891025,60.0,16,2,0,0.0,0
1790660481.6973433,500,12.5,6250.0,0.8,2,40.0,120.0,0.3750848355055295,2,1,4,0,3,1,0.4,44.462668916529125,60.0,16,2,0,0.0,0
1790660486.6973433,500,12.5,6250.0,0.8,2,40.0,120.0,0.6060082723154814,2,1,4,0,3,1,0.4,35.19505981252981,60.0,16,2,0,0.0,0
1790660491.6973433,500,12.5,6250.0,0.8,2,40.0,120.0,0.351954360962654,2,1,4,0,3,1,0.4,45.66688844189656,60.0,16,2,0,0.0,0
1790660496.6973433,500,12.5,6250.0,0.8,2,40.0,120.0,0.3787382565281337,2,1,4,0,3,1,0.4,47.0366875138226,60.0,16,2,0,0.0,0
1790660501.6973433,500,12.5,6250.0,0.8,2,40.0,120.0,0.5648495211426348,2,1,4,0,3,1,0.4,49.98086220240404,60.0,16,2,0,0.0,0
1790660506.6973433,500,12.5,6250.0,0.8,2,40.0,120.0,0.6922681602135934,2,1,4,0,3,1,0.4,40.617499249710306,60.0,16,2,0,0.0,0
1790660511.6973433,500,12.5,6250.0,0.8,2,40.0,120.0,0.6611922123540381,2,1,4,0,3,1,0.4,51.324151427334314,60.0,16,2,0,0.0,0
1790660516.6973433,500,12.5,6250.0,0.8,2,40.0,120.0,0.41174249173275623,2,1,4,0,3,1,0.4,54.27031145689674,60.0,16,2,0,0.0,0
1790660521.6973433,500,12.5,6250.0,0.8,2,40.0,120.0,0.3742400968228957,2,1,4,0,3,1,0.4,54.32038441700861,60.0,16,2,0,0.0,0
1790660526.6973433,500,12.5,6250.0,0.8,2,40.0,120.0,0.3230471196125663,2,1,4,0,3,1,0.4,54.17614055255732,60.0,16,2,0,0.0,0
1790660531.6973433,500,12.5,6250.0,0.8,2,40.0,120.0,0.500007005838608,2,1,4,0,3,1,0.4,52.47053985045969,60.0,16,2,0,0.0,0
1790660536.6973433,500,12.5,6250.0,0.8,2,40.0,120.0,0.6759729629521762,2,1,4,0,3,1,0.4,43.565646736296436,60.0,16,2,0,0.0,0
1790660541.6973433,500,12.5,6250.0,0.8,2,40.0,120.0,0.6199198774543546,2,1,4,0,3,1,0.4,44.957696835322146,60.0,16,2,0,0.0,0
1790660546.6973433,500,12.5,6250.0,0.8,2,40.0,120.0,0.41176608276306703,2,1,4,0,3,1,0.4,51.57608654795531,60.0,16,2,0,0.0,0
1790660551.6973433,500,12.5,6250.0,0.8,2,40.0,120.0,0.5488246130097877,2,1,4,0,3,1,0.4,45.43727048361547,60.0,16,2,0,0.0,0
1790660556.6973433,500,12.5,6250.0,0.8,2,40.0,120.0,0.5290818166017007,2,1,4,0,3,1,0.4,46.5997441989216,60.0,16,2,0,0.0,0
1790660561.6973433,500,12.5,6250.0,0.8,2,40.0,120.0,0.6476482795170622,2,1,4,0,3,1,0.4,36.320833691671,60.0,16,2,0,0.0,0
1790660566.6973433,500,12.5,6250.0,0.8,2,40.0,120.0,0.4502663889380961,2,1,4,0,3,1,0.4,39.04942047552873,60.0,16,2,0,0.0,0
1790660571.6973433,500,12.5,6250.0,0.8,2,40.0,120.0,0.6086459056955411,2,1,4,0,3,1,0.4,53.09614517773012,60.0,16,2,0,0.0,0
1790660576.6973433,500,12.5,6250.0,0.8,2,40.0,120.0,0.6105870931598056,2,1,4,0,3,1,0.4,36.96414739495372,60.0,16,2,0,0.0,0
1790660581.6973433,500,12.5,6250.0,0.8,2,40.0,120.0,0.6033732050081002,2,1,4,0,3,1,0.4,37.94289332104954,60.0,16,2,0,0.0,0
1790660586.6973433,500,12.5,6250.0,0.8,2,40.0,120.0,0.5125326927015619,2,1,4,0,3,1,0.4,36.40793675790558,60.0,16,2,0,0.0,0
1790660591.6973433,500,12.5,6250.0,0.8,2,40.0,120.0,0.5157990622618014,2,1,4,0,3,1,0.4,35.77162030249296,60.0,16,2,0,0.0,0
1790660596.6973433,500,12.5,6250.0,0.8,2,40.0,120.0,0.44831439933171113,2,1,4,0,3,1,0.4,36.06652610784941,60.0,16,2,0,0.0,0
1790660601.6973433,500,12.5,6250.0,0.8,2,40.0,120.0,0.3949762198879099,2,1,4,0,3,1,0.4,44.964919905062054,60.0,16,2,0,0.0,0
1790660606.6973433,500,12.5,6250.0,0.8,2,40.0,120.0,0.5964243425374294,2,1,4,0,3,1,0.4,53.300227501199025,60.0,16,2,0,0.0,0
1790660611.6973433,500,12.5,6250.0,0.8,2,40.0,120.0,0.39320812292018353,2,1,4,0,3,1,0.4,35.59409921834005,60.0,16,2,0,0.0,0
1790660616.6973433,500,12.5,6250.0,0.8,2,40.0,120.0,0.6861603607067485,2,1,4,0,3,1,0.4,35.38093294794922,60.0,16,2,0,0.0,0
1790660621.6973433,500,12.5,6250.0,0.8,2,40.0,120.0,0.5725014418216097,2,1,4,0,3,1,0.4,53.10922883197804,60.0,16,2,0,0.0,0
1790660626.6973433,500,12.5,6250.0,0.8,2,40.0,120.0,0.5119613539192602,2,1,4,0,3,1,0.4,47.134271606309625,60.0,16,2,0,0.0,0
1790660631.6973433,500,12.5,6250.0,0.8,2,40.0,120.0,0.48222466390703894,2,1,4,0,3,1,0.4,47.92154898098076,60.0,16,2,0,0.0,0
1790660636.6973433,500,12.5,6250.0,0.8,2,40.0,120.0,0.5755658223534872,2,1,4,0,3,1,0.4,54.5393806475963,60.0,16,2,0,0.0,0
1790660641.6973433,500,12.5,6250.0,0.8,2,40.0,120.0,0.526069029017154,2,1,4,0,3,1,0.4,44.98706174530149,60.0,16,2,0,0.0,0
1790660646.6973433,500,12.5,6250.0,0.8,2,40.0,120.0,0.6476055701995287,2,1,4,0,3,1,0.4,37.29653938936362,60.0,16,2,0,0.0,0
1790660651.6973433,500,12.5,6250.0,0.8,2,40.0,120.0,0.5049587810062045,2,1,4,0,3,1,0.4,48.85207079458188,60.0,16,2,0,0.0,0
1790660656.6973433,500,12.5,6250.0,0.8,2,40.0,120.0,0.5671220938032022,2,1,4,0,3,1,0.4,48.66972426787875,60.0,16,2,0,0.0,0
1790660661.6973433,500,12.5,6250.0,0.8,2,40.0,120.0,0.6074518915703895,2,1,4,0,3,1,0.4,41.68851537429661,60.0,16,2,0,0.0,0
1790660666.6973433,500,12.5,6250.0,0.8,2,40.0,120.0,0.43792967691291773,2,1,4,0,3,1,0.4,51.34368113984257,60.0,16,2,0,0.0,0
1790660671.6973433,500,12.5,6250.0,0.8,2,40.0,120.0,0.5395321627723195,2,1,4,0,3,1,0.4,38.32423186068101,60.0,16,2,0,0.0,0
1790660676.6973433,500,12.5,6250.0,0.8,2,40.0,120.0,0.4556289933621359,2,1,4,0,3,1,0.4,39.774484390102366,60.0,16,2,0,0.0,0
1790660681.6973433,500,12.5,6250.0,0.8,2,40.0,120.0,0.33855270255427217,2,1,4,0,3,1,0.4,35.05048285647018,60.0,16,2,0,0.0,0
1790660686.6973433,500,12.5,6250.0,0.8,2,40.0,120.0,0.429397710006721,2,1,4,0,3,1,0.4,45.744639621434715,60.0,16,2,0,0.0,0
1790660691.6973433,500,12.5,6250.0,0.8,2,40.0,120.0,0.3342762366746206,2,1,4,0,3,1,0.4,49.919053541853756,60.0,16,2,0,0.0,0
1790660696.6973433,500,12.5,6250.0,0.8,2,40.0,120.0,0.3472453011403822,2,1,4,0,3,1,0.4,50.520438429659585,60.0,16,2,0,0.0,0
1790660701.6973433,500,12.5,6250.0,0.8,2,40.0,120.0,0.3536926234818637,2,1,4,0,3,1,0.4,38.66597412276751,60.0,16,2,0,0.0,0
1790660706.6973433,500,12.5,6250.0,0.8,2,40.0,120.0,0.4421848305951441,2,1,4,0,3,1,0.4,41.78126252702694,60.0,16,2,0,0.0,0
1790660711.6973433,500,12.5,6250.0,0.8,2,40.0,120.0,0.6694230635568351,2,1,4,0,3,1,0.4,35.46045878774697,60.0,16,2,0,0.0,0
1790660716.6973433,500,12.5,6250.0,0.8,2,40.0,120.0,0.5846993289306831,2,1,4,0,3,1,0.4,39.40702251449767,60.0,16,2,0,0.0,0
1790660721.6973433,500,12.5,6250.0,0.8,2,40.0,120.0,0.34176440794047996,2,1,4,0,3,1,0.4,36.62140452736253,60.0,16,2,0,0.0,0
1790660726.6973433,500,12.5,6250.0,0.8,2,40.0,120.0,0.639216437531323,2,1,4,0,3,1,0.4,51.3696627202035,60.0,16,2,0,0.0,0
1790660731.6973433,500,12.5,6250.0,0.8,2,40.0,120.0,0.46918343356520253,2,1,4,0,3,1,0.4,37.51420156038886,60.0,16,2,0,0.0,0
1790660736.6973433,500,12.5,6250.0,0.8,2,40.0,120.0,0.6686069210827832,2,1,4,0,3,1,0.4,37.83272536130025,60.0,16,2,0,0.0,0
1790660741.6973433,500,12.5,6250.0,0.8,2,40.0,120.0,0.3791847155149423,2,1,4,0,3,1,0.4,43.94394480590214,60.0,16,2,0,0.0,0
1790660746.6973433,500,12.5,6250.0,0.8,2,40.0,120.0,0.6868784558170986,2,1,4,0,3,1,0.4,50.08896506896232,60.0,16,2,0,0.0,0
1790660751.6973433,500,12.5,6250.0,0.8,2,40.0,120.0,0.38462454524487394,2,1,4,0,3,1,0.4,42.94699022296944,60.0,16,2,0,0.0,0
1790660756.6973433,500,12.5,6250.0,0.8,2,40.0,120.0,0.5705027396603537,2,1,4,0,3,1,0.4,35.247757119568455,60.0,16,2,0,0.0,0
1790660761.6973433,500,12.5,6250.0,0.8,2,40.0,120.0,0.4684962222177857,2,1,4,0,3,1,0.4,39.02145412843856,60.0,16,2,0,0.0,0
1790660766.6973433,500,12.5,6250.0,0.8,2,40.0,120.0,0.44322203879796007,2,1,4,0,3,1,0.4,53.804114535927994,60.0,16,2,0,0.0,0
1790660771.6973433,500,12.5,6250.0,0.8,2,40.0,120.0,0.5954746703251652,2,1,4,0,3,1,0.4,43.562148923368916,60.0,16,2,0,0.0,0
1790660776.6973433,500,12.5,6250.0,0.8,2,40.0,120.0,0.3601842894622598,2,1,4,0,3,1,0.4,36.350574024623214,60.0,16,2,0,0.0,0
1790660781.6973433,500,12.5,6250.0,0.8,2,40.0,120.0,0.6946143299436958,2,1,4,0,3,1,0.4,37.620565894291325,60.0,16,2,0,0.0,0
1790660786.6973433,500,12.5,6250.0,0.8,2,40.0,120.0,0.6014693158277983,2,1,4,0,3,1,0.4,47.20000194820831,60.0,16,2,0,0.0,0
1790660791.6973433,500,12.5,6250.0,0.8,2,40.0,120.0,0.36647536108296574,2,1,4,0,3,1,0.4,37.34832108479332,60.0,16,2,0,0.0,0
1790660796.6973433,500,12.5,6250.0,0.8,2,40.0,120.0,0.3254638419286914,2,1,4,0,3,1,0.4,40.73502327777276,60.0,16,2,0,0.0,0
1790660801.6973433,500,12.5,6250.0,0.8,2,40.0,120.0,0.6249453646579909,2,1,4,0,3,1,0.4,44.5634090826477,60.0,16,2,0,0.0,0
1790660806.6973433,500,12.5,6250.0,0.8,2,40.0,120.0,0.6980121421344936,2,1,4,0,3,1,0.4,46.075700960355746,60.0,16,2,0,0.0,0
1790660811.6973433,500,12.5,6250.0,0.8,2,40.0,120.0,0.610676225064072,2,1,4,0,3,1,0.4,42.56347953428266,60.0,16,2,0,0.0,0
1790660816.6973433,500,12.5,6250.0,0.8,2,40.0,120.0,0.452752042989137,2,1,4,0,3,1,0.4,43.41389974620885,60.0,16,2,0,0.0,0
1790660821.6973433,500,12.5,6250.0,0.8,2,40.0,120.0,0.4318835359782832,2,1,4,0,3,1,0.4,40.70517607333925,60.0,16,2,0,0.0,0
1790660826.6973433,500,12.5,6250.0,0.8,2,40.0,120.0,0.6852289646581888,2,1,4,0,3,1,0.4,51.38319494068591,60.0,16,2,0,0.0,0
1790660831.6973433,500,12.5,6250.0,0.8,2,40.0,120.0,0.40116951818852614,2,1,4,0,3,1,0.4,40.089788855895875,60.0,16,2,0,0.0,0
1790660836.6973433,500,12.5,6250.0,0.8,2,40.0,120.0,0.3475192416096856,2,1,4,0,3,1,0.4,48.105660416257166,60.0,16,2,0,0.0,0
1790660841.6973433,500,12.5,6250.0,0.8,2,40.0,120.0,0.6585309440725897,2,1,4,0,3,1,0.4,39.485612794403806,60.0,16,2,0,0.0,0
1790660846.6973433,500,12.5,6250.0,0.8,2,40.0,120.0,0.41846616196426084,2,1,4,0,3,1,0.4,47.932886648406125,60.0,16,2,0,0.0,0
1790660851.6973433,500,12.5,6250.0,0.8,2,40.0,120.0,0.5520889934547862,2,1,4,0,3,1,0.4,38.071198754002666,60.0,16,2,0,0.0,0
1790660856.6973433,500,12.5,6250.0,0.8,2,40.0,120.0,0.6006908166382727,2,1,4,0,3,1,0.4,37.06101349170906,60.0,16,2,0,0.0,0
1790660861.6973433,500,12.5,6250.0,0.8,2,40.0,120.0,0.6278474601043832,2,1,4,0,3,1,0.4,43.945548016191985,60.0,16,2,0,0.0,0
1790660866.6973433,500,12.5,6250.0,0.8,2,40.0,120.0,0.4402735332492808,2,1,4,0,3,1,0.4,43.288621683741624,60.0,16,2,0,0.0,0
1790660871.6973433,500,12.5,6250.0,0.8,2,40.0,120.0,0.397095323716508,2,1,4,0,3,1,0.4,36.25897841886882,60.0,16,2,0,0.0,0
1790660876.6973433,500,12.5,6250.0,0.8,2,40.0,120.0,0.6171012959887283,2,1,4,0,3,1,0.4,41.12123274564524,60.0,16,2,0,0.0,0
1790660881.6973433,500,12.5,6250.0,0.8,2,40.0,120.0,0.3406484902337029,2,1,4,0,3,1,0.4,38.12518880228724,60.0,16,2,0,0.0,0
1790660886.6973433,500,12.5,6250.0,0.8,2,40.0,120.0,0.3550474070258371,2,1,4,0,3,1,0.4,46.44049783775797,60.0,16,2,0,0.0,0
1790660891.6973433,500,12.5,6250.0,0.8,2,40.0,120.0,0.37690554435693285,2,1,4,0,3,1,0.4,35.38479089418053,60.0,16,2,0,0.0,0
1790660896.6973433,500,12.5,6250.0,0.8,2,40.0,120.0,0.5603455418549153,2,1,4,0,3,1,0.4,36.97382586782095,60.0,16,2,0,0.0,0
1790660901.6973433,500,12.5,6250.0,0.8,2,40.0,120.0,0.6608343880388322,2,1,4,0,3,1,0.4,49.6783679801797,60.0,16,2,0,0.0,0
1790660906.6973433,500,12.5,6250.0,0.8,2,40.0,120.0,0.4173615979989918,2,1,4,0,3,1,0.4,39.982414206809445,60.0,16,2,0,0.0,0
1790660911.6973433,500,12.5,6250.0,0.8,2,40.0,120.0,0.4691373318072482,2,1,4,0,3,1,0.4,48.328859735652145,60.0,16,2,0,0.0,0
1790660916.6973433,500,12.5,6250.0,0.8,2,40.0,120.0,0.49389373912827833,2,1,4,0,3,1,0.4,48.28283283830222,60.0,16,2,0,0.0,0
1790660921.6973433,500,12.5,6250.0,0.8,2,40.0,120.0,0.5006891396613914,2,1,4,0,3,1,0.4,45.27296106428036,60.0,16,2,0,0.0,0
1790660926.6973433,500,12.5,6250.0,0.8,2,40.0,120.0,0.35197725006012026,2,1,4,0,3,1,0.4,52.28204960234451,60.0,16,2,0,0.0,0
1790660931.6973433,500,12.5,6250.0,0.8,2,40.0,120.0,0.39482825043796654,2,1,4,0,3,1,0.4,49.40660443816388,60.0,16,2,0,0.0,0
1790660936.6973433,500,12.5,6250.0,0.8,2,40.0,120.0,0.352001008412798,2,1,4,0,3,1,0.4,42.650094561473836,60.0,16,2,0,0.0,0
1790660941.6973433,500,12.5,6250.0,0.8,2,40.0,120.0,0.48013030439880106,2,1,4,0,3,1,0.4,42.81786868901746,60.0,16,2,0,0.0,0
1790660946.6973433,500,12.5,6250.0,0.8,2,40.0,120.0,0.33042175653182426,2,1,4,0,3,1,0.4,50.77954234599214,60.0,16,2,0,0.0,0
1790660951.6973433,500,12.5,6250.0,0.8,2,40.0,120.0,0.405716463253597,2,1,4,0,3,1,0.4,38.1576116372404,60.0,16,2,0,0.0,0
1790660956.6973433,500,12.5,6250.0,0.8,2,40.0,120.0,0.31629129197318373,2,1,4,0,3,1,0.4,36.35827465365783,60.0,16,2,0,0.0,0
1790660961.6973433,500,12.5,6250.0,0.8,2,40.0,120.0,0.6391629012838256,2,1,4,0,3,1,0.4,35.09568560914604,60.0,16,2,0,0.0,0
1790660966.6973433,500,12.5,6250.0,0.8,2,40.0,120.0,0.4038326154563273,2,1,4,0,3,1,0.4,47.21194912618208,60.0,16,2,0,0.0,0
1790660971.6973433,500,12.5,6250.0,0.8,2,40.0,120.0,0.3442080269280101,2,1,4,0,3,1,0.4,80.85180280658687,60.0,16,2,1,5.0,0
1790660976.6973433,500,12.5,6250.0,0.8,2,40.0,120.0,0.690284478984631,2,1,4,0,3,1,0.4,70.10802498674275,60.0,16,2,1,10.0,0
1790660981.6973433,500,12.5,6250.0,0.8,2,40.0,120.0,0.6636342250629588,2,1,4,0,3,1,0.4,77.5360614661358,60.0,16,2,1,15.0,0
1790660986.6973433,500,12.5,6250.0,0.8,2,40.0,120.0,0.6731088614441125,2,1,4,0,3,1,0.4,70.44389994838893,60.0,16,2,1,20.0,0
1790660991.6973433,500,12.5,6250.0,0.8,2,40.0,120.0,0.30380692779343094,2,1,4,0,3,1,0.4,80.2370919143986,60.0,16,2,1,25.0,0
1790660996.6973433,500,12.5,6250.0,0.8,2,40.0,120.0,0.5284203696180945,2,1,4,0,3,1,0.4,83.65015676765535,60.0,16,2,1,30.0,0
1790661001.6973433,500,12.5,6250.0,0.8,2,40.0,120.0,0.43534461228202503,2,1,4,0,3,1,0.4,77.71964714198404,60.0,16,2,1,35.0,0
1790661006.6973433,500,12.5,6250.0,0.8,2,40.0,120.0,0.3995026461779242,2,1,4,0,3,1,0.4,79.98605363505004,60.0,16,2,1,40.0,0
1790661011.6973433,500,12.5,6250.0,0.8,2,40.0,120.0,0.35843980675905396,2,1,4,0,3,1,0.4,81.88470174146869,60.0,16,2,1,45.0,0
1790661016.6973433,500,12.5,6250.0,0.8,2,40.0,120.0,0.5692841378926781,2,1,4,0,3,1,0.4,72.36703845163515,60.0,16,2,1,50.0,0
1790661021.6973433,500,12.5,6250.0,0.8,2,40.0,120.0,0.5457642139706713,2,1,4,0,3,1,0.4,84.60972912561695,60.0,16,2,1,55.0,0
1790661026.6973433,500,12.5,6250.0,0.8,2,40.0,120.0,0.30517576357014903,2,1,4,0,3,1,0.4,65.86826039328173,60.0,16,2,1,60.0,0
1790661031.6973433,500,12.5,6250.0,0.8,2,40.0,120.0,0.6322262305187558,2,1,4,0,3,1,0.4,76.30461408484516,60.0,16,2,1,65.0,0
1790661036.6973433,500,12.5,6250.0,0.8,2,40.0,120.0,0.5617268377110589,2,1,4,0,3,1,0.4,80.25565668337121,60.0,16,2,1,70.0,0
1790661041.6973433,500,12.5,6250.0,0.8,2,40.0,120.0,0.5005407320046495,2,1,4,0,3,1,0.4,66.425095705973,60.0,16,2,1,75.0,0
1790661046.6973433,500,12.5,6250.0,0.8,2,40.0,120.0,0.4156146549256599,2,1,4,0,3,1,0.4,69.51741617745081,60.0,16,2,1,80.0,0
1790661051.6973433,500,12.5,6250.0,0.8,2,40.0,120.0,0.5575953976479162,2,1,4,0,3,1,0.4,69.57926857254955,60.0,16,2,1,85.0,0
1790661056.6973433,500,12.5,6250.0,0.8,2,40.0,120.0,0.6122515035921744,2,1,4,0,3,1,0.4,72.29513254436108,60.0,16,2,1,90.0,0
1790661061.6973433,500,12.5,6250.0,0.8,2,40.0,120.0,0.6471442669790105,2,1,4,0,3,1,0.4,79.17641616204565,60.0,16,2,1,95.0,0
1790661066.6973433,500,12.5,6250.0,0.8,2,40.0,120.0,0.6074569330430197,2,1,4,0,3,1,0.4,79.13065744172931,60.0,16,2,1,100.0,0
1790661071.6973433,500,12.5,6250.0,0.8,2,40.0,120.0,0.5311096294418975,2,1,4,0,3,1,0.4,80.02405684904508,60.0,16,2,1,105.0,0
1790661076.6973433,500,12.5,6250.0,0.8,2,40.0,120.0,0.45912542172227294,2,1,4,0,3,1,0.4,68.62629965114081,60.0,16,2,1,110.0,0
1790661081.6973433,500,12.5,6250.0,0.8,2,40.0,120.0,0.6135620885266333,2,1,4,0,3,1,0.4,82.8463276467739,60.0,16,2,1,115.0,0
1790661086.6973433,500,12.5,6250.0,0.8,2,40.0,120.0,0.31927996979539164,2,1,4,0,3,1,0.4,77.28035352618407,60.0,16,2,1,120.0,0
1790661091.6973433,500,12.5,6250.0,0.8,2,40.0,120.0,0.5726673503025903,2,1,4,0,3,1,0.4,65.73352626121451,60.0,16,2,1,125.0,0
1790661096.6973433,500,12.5,6250.0,0.8,2,40.0,120.0,0.6839530989194053,2,1,4,0,3,1,0.4,73.43557193289044,60.0,16,2,1,130.0,0
1790661101.6973433,500,12.5,6250.0,0.8,2,40.0,120.0,0.5343925145464408,2,1,4,0,3,1,0.4,78.75568128968368,60.0,16,2,1,135.0,0
1790661106.6973433,500,12.5,6250.0,0.8,2,40.0,120.0,0.48778663004892003,2,1,4,0,3,1,0.4,70.92525997087313,60.0,16,2,1,140.0,0
1790661111.6973433,500,12.5,6250.0,0.8,2,40.0,120.0,0.3025740085668644,2,1,4,0,3,1,0.4,69.41856762095557,60.0,16,2,1,145.0,0
1790661116.6973433,500,12.5,6250.0,0.8,2,40.0,120.0,0.6555977687237167,2,1,4,0,3,1,0.4,81.84773337163236,60.0,16,2,1,150.0,0
1790661121.6973433,500,12.5,6250.0,0.8,2,40.0,120.0,0.5312871865536217,2,1,4,0,3,1,0.4,65.2991164730562,60.0,16,2,1,155.0,0
1790661126.6973433,500,12.5,6250.0,0.8,2,40.0,120.0,0.4549331428635142,2,1,4,0,3,1,0.4,65.22047501421538,60.0,16,2,1,160.0,0
1790661131.6973433,500,12.5,6250.0,0.8,2,40.0,120.0,0.3806621595920464,2,1,4,0,3,1,0.4,72.76163033733971,60.0,16,2,1,165.0,0
1790661136.6973433,500,12.5,6250.0,0.8,2,40.0,120.0,0.5518245662928034,2,1,4,0,3,1,0.4,74.00632758654993,60.0,16,2,1,170.0,0
1790661141.6973433,500,12.5,6250.0,0.8,2,40.0,120.0,0.5569022368026255,2,1,4,0,3,1,0.4,70.84111194964521,60.0,16,2,1,175.0,0
1790661146.6973433,500,12.5,6250.0,0.8,2,40.0,120.0,0.5392530060733769,2,1,4,0,3,1,0.4,76.16468833895942,60.0,16,2,1,180.0,0
1790661151.6973433,500,12.5,6250.0,0.8,2,40.0,120.0,0.45513626426075826,2,1,4,0,3,1,0.4,83.85876555221991,60.0,16,2,1,185.0,0
1790661156.6973433,500,12.5,6250.0,0.8,2,40.0,120.0,0.6577047811574444,2,1,4,0,3,1,0.4,79.22645793813436,60.0,16,2,1,190.0,0
1790661161.6973433,500,12.5,6250.0,0.8,2,40.0,120.0,0.3427028954217892,2,1,4,0,3,1,0.4,77.60096916144593,60.0,16,2,1,195.0,0
1790661166.6973433,500,12.5,6250.0,0.8,2,40.0,120.0,0.5877157078523589,2,1,4,0,3,1,0.4,73.02660165609694,60.0,16,2,1,200.0,0
1790661171.6973433,500,12.5,6250.0,0.8,2,40.0,120.0,0.5875842115763539,2,1,4,0,3,1,0.4,75.08477394930537,60.0,16,2,1,205.0,0
1790661176.6973433,500,12.5,6250.0,0.8,2,40.0,120.0,0.4318701285441955,2,1,4,0,3,1,0.4,74.16118993053087,60.0,16,2,1,210.0,0
1790661181.6973433,500,12.5,6250.0,0.8,2,40.0,120.0,0.3557099336969385,2,1,4,0,3,1,0.4,78.53621246654825,60.0,16,2,1,215.0,0
1790661186.6973433,500,12.5,6250.0,0.8,2,40.0,120.0,0.32799344129471386,2,1,4,0,3,1,0.4,65.89142830166145,60.0,16,2,1,220.0,0
1790661191.6973433,500,12.5,6250.0,0.8,2,40.0,120.0,0.5256386229940018,2,1,4,0,3,1,0.4,81.86688859246344,60.0,16,2,1,225.0,0
1790661196.6973433,500,12.5,6250.0,0.8,2,40.0,120.0,0.3287471787706382,2,1,4,0,3,1,0.4,73.95229543781815,60.0,16,2,1,230.0,0
1790661201.6973433,500,12.5,6250.0,0.8,2,40.0,120.0,0.6144884215145836,2,1,4,0,3,1,0.4,68.04283042878458,60.0,16,2,1,235.0,0
1790661206.6973433,500,12.5,6250.0,0.8,2,40.0,120.0,0.6438090660899654,2,1,4,0,3,1,0.4,72.09572594274843,60.0,16,2,1,240.0,0
1790661211.6973433,500,12.5,6250.0,0.8,2,40.0,120.0,0.4042484174488027,2,1,4,0,3,1,0.4,81.18042796614661,60.0,16,2,1,245.0,0
1790661216.6973433,500,12.5,6250.0,0.8,2,40.0,120.0,0.3231782301621612,2,1,4,0,3,1,0.4,46.56862657836699,60.0,16,2,0,0.0,0
1790661221.6973433,500,12.5,6250.0,0.8,2,40.0,120.0,0.4505969457774837,2,1,4,0,3,1,0.4,37.21652661567001,60.0,16,2,0,0.0,0
1790661226.6973433,500,12.5,6250.0,0.8,2,40.0,120.0,0.6560304818302474,2,1,4,0,3,1,0.4,45.425827534572,60.0,16,2,0,0.0,0
1790661231.6973433,500,12.5,6250.0,0.8,2,40.0,120.0,0.483991230333001,2,1,4,0,3,1,0.4,53.29427964489993,60.0,16,2,0,0.0,0
1790661236.6973433,500,12.5,6250.0,0.8,2,40.0,120.0,0.38666343031142136,2,1,4,0,3,1,0.4,39.232120122486826,60.0,16,2,0,0.0,0
1790661241.6973433,500,12.5,6250.0,0.8,2,40.0,120.0,0.4837906368319112,2,1,4,0,3,1,0.4,36.100887799142214,60.0,16,2,0,0.0,0
1790661246.6973433,500,12.5,6250.0,0.8,2,40.0,120.0,0.6621614152947493,2,1,4,0,3,1,0.4,45.42538714602553,60.0,16,2,0,0.0,0
1790661251.6973433,500,12.5,6250.0,0.8,2,40.0,120.0,0.35720988748259797,2,1,4,0,3,1,0.4,42.251622071052516,60.0,16,2,0,0.0,0
1790661256.6973433,500,12.5,6250.0,0.8,2,40.0,120.0,0.5283878986424265,2,1,4,0,3,1,0.4,43.5733794925509,60.0,16,2,0,0.0,0
1790661261.6973433,500,12.5,6250.0,0.8,2,40.0,120.0,0.39758552708833383,2,1,4,0,3,1,0.4,50.913031813784144,60.0,16,2,0,0.0,0
1790661266.6973433,500,12.5,6250.0,0.8,2,40.0,120.0,0.6008776477347915,2,1,4,0,3,1,0.4,43.57906352174181,60.0,16,2,0,0.0,0
1790661271.6973433,500,12.5,6250.0,0.8,2,40.0,120.0,0.6544890517790344,2,1,4,0,3,1,0.4,42.232830512526924,60.0,16,2,0,0.0,0
1790661276.6973433,500,12.5,6250.0,0.8,2,40.0,120.0,0.5199924900980382,2,1,4,0,3,1,0.4,37.394874092035046,60.0,16,2,0,0.0,0
1790661281.6973433,500,12.5,6250.0,0.8,2,40.0,120.0,0.6386906600487159,2,1,4,0,3,1,0.4,53.58464875946583,60.0,16,2,0,0.0,0
1790661286.6973433,500,12.5,6250.0,0.8,2,40.0,120.0,0.6341878667728971,2,1,4,0,3,1,0.4,53.82214470354707,60.0,16,2,0,0.0,0
1790661291.6973433,500,12.5,6250.0,0.8,2,40.0,120.0,0.3410432387072792,2,1,4,0,3,1,0.4,46.14112673733992,60.0,16,2,0,0.0,0
1790661296.6973433,500,12.5,6250.0,0.8,2,40.0,120.0,0.5960941571927761,2,1,4,0,3,1,0.4,37.32709606708153,60.0,16,2,0,0.0,0
1790661301.6973433,500,12.5,6250.0,0.8,2,40.0,120.0,0.5657234796009811,2,1,4,0,3,1,0.4,39.897264287949326,60.0,16,2,0,0.0,0
1790661306.6973433,500,12.5,6250.0,0.8,2,40.0,120.0,0.4613667371179117,2,1,4,0,3,1,0.4,48.089325608035445,60.0,16,2,0,0.0,0
1790661311.6973433,500,12.5,6250.0,0.8,2,40.0,120.0,0.4509294650589274,2,1,4,0,3,1,0.4,52.818787435473496,60.0,16,2,0,0.0,0
1790661316.6973433,500,12.5,6250.0,0.8,2,40.0,120.0,0.36386677469037,2,1,4,0,3,1,0.4,46.193252710244906,60.0,16,2,0,0.0,0
1790661321.6973433,500,12.5,6250.0,0.8,2,40.0,120.0,0.40598298370658065,2,1,4,0,3,1,0.4,43.84955631434227,60.0,16,2,0,0.0,0
1790661326.6973433,500,12.5,6250.0,0.8,2,40.0,120.0,0.5432542240065654,2,1,4,0,3,1,0.4,47.49096544271343,60.0,16,2,0,0.0,0
1790661331.6973433,500,12.5,6250.0,0.8,2,40.0,120.0,0.3497302870881921,2,1,4,0,3,1,0.4,51.8533821403497,60.0,16,2,0,0.0,0
1790661336.6973433,500,12.5,6250.0,0.8,2,40.0,120.0,0.493999664304464,2,1,4,0,3,1,0.4,46.994413455335156,60.0,16,2,0,0.0,0
1790661341.6973433,500,12.5,6250.0,0.8,2,40.0,120.0,0.4519255275196946,2,1,4,0,3,1,0.4,48.864246387146935,60.0,16,2,0,0.0,0
1790661346.6973433,500,12.5,6250.0,0.8,2,40.0,120.0,0.5366210481186776,2,1,4,0,3,1,0.4,51.09847035581806,60.0,16,2,0,0.0,0
1790661351.6973433,500,12.5,6250.0,0.8,2,40.0,120.0,0.5379932226005528,2,1,4,0,3,1,0.4,45.35280086847985,60.0,16,2,0,0.0,0
1790661356.6973433,500,12.5,6250.0,0.8,2,40.0,120.0,0.39109639150920106,2,1,4,0,3,1,0.4,49.61425185275867,60.0,16,2,0,0.0,0
1790661361.6973433,500,12.5,6250.0,0.8,2,40.0,120.0,0.4059938226044417,2,1,4,0,3,1,0.4,36.04211459001742,60.0,16,2,0,0.0,0
1790661366.6973433,500,12.5,6250.0,0.8,2,40.0,120.0,0.6114000018633461,2,1,4,0,3,1,0.4,54.27992127130889,60.0,16,2,0,0.0,0
1790661371.6973433,500,12.5,6250.0,0.8,2,40.0,120.0,0.6004562114654426,2,1,4,0,3,1,0.4,36.71627230969916,60.0,16,2,0,0.0,0
1790661376.6973433,500,12.5,6250.0,0.8,2,40.0,120.0,0.4976396627286881,2,1,4,0,3,1,0.4,50.07181977130019,60.0,16,2,0,0.0,0
1790661381.6973433,500,12.5,6250.0,0.8,2,40.0,120.0,0.5836116955079976,2,1,4,0,3,1,0.4,40.48761760025479,60.0,16,2,0,0.0,0
1790661386.6973433,500,12.5,6250.0,0.8,2,40.0,120.0,0.3268579026293534,2,1,4,0,3,1,0.4,53.71460391462645,60.0,16,2,0,0.0,0
1790661391.6973433,500,12.5,6250.0,0.8,2,40.0,120.0,0.36276811793003577,2,1,4,0,3,1,0.4,52.70670849311588,60.0,16,2,0,0.0,0
1790661396.6973433,500,12.5,6250.0,0.8,2,40.0,120.0,0.4440073338539705,2,1,4,0,3,1,0.4,35.06256224406397,60.0,16,2,0,0.0,0
1790661401.6973433,500,12.5,6250.0,0.8,2,40.0,120.0,0.599778150555268,2,1,4,0,3,1,0.4,46.329561365012324,60.0,16,2,0,0.0,0
1790661406.6973433,500,12.5,6250.0,0.8,2,40.0,120.0,0.37896013882225177,2,1,4,0,3,1,0.4,43.61169079356863,60.0,16,2,0,0.0,0
1790661411.6973433,500,12.5,6250.0,0.8,2,40.0,120.0,0.5176393694857718,2,1,4,0,3,1,0.4,41.958741134070635,60.0,16,2,0,0.0,0
1790661416.6973433,500,12.5,6250.0,0.8,2,40.0,120.0,0.36840791318774774,2,1,4,0,3,1,0.4,53.87145090258834,60.0,16,2,0,0.0,0
1790661421.6973433,500,12.5,6250.0,0.8,2,40.0,120.0,0.6660411580147776,2,1,4,0,3,1,0.4,43.6908381212464,60.0,16,2,0,0.0,0
1790661426.6973433,500,12.5,6250.0,0.8,2,40.0,120.0,0.6000883401036767,2,1,4,0,3,1,0.4,44.489059912747706,60.0,16,2,0,0.0,0
1790661431.6973433,500,12.5,6250.0,0.8,2,40.0,120.0,0.5709717775306635,2,1,4,0,3,1,0.4,36.976262795326974,60.0,16,2,0,0.0,0
1790661436.6973433,500,12.5,6250.0,0.8,2,40.0,120.0,0.4044230371797421,2,1,4,0,3,1,0.4,51.61657132612588,60.0,16,2,0,0.0,0
1790661441.6973433,500,12.5,6250.0,0.8,2,40.0,120.0,0.32359609008954215,2,1,4,0,3,1,0.4,48.79333451266208,60.0,16,2,0,0.0,0
1790661446.6973433,500,12.5,6250.0,0.8,2,40.0,120.0,0.5378413962038721,2,1,4,0,3,1,0.4,48.771399596512666,60.0,16,2,0,0.0,0
1790661451.6973433,500,12.5,6250.0,0.8,2,40.0,120.0,0.391313304130991,2,1,4,0,3,1,0.4,53.352127502949585,60.0,16,2,0,0.0,0
1790661456.6973433,500,12.5,6250.0,0.8,2,40.0,120.0,0.31231956950583506,2,1,4,0,3,1,0.4,40.81701988056096,60.0,16,2,0,0.0,0
1790661461.6973433,500,12.5,6250.0,0.8,2,40.0,120.0,0.5163663311621549,2,1,4,0,3,1,0.4,35.46678382150465,60.0,16,2,0,0.0,0
1790661466.6973433,500,12.5,6250.0,0.8,2,40.0,120.0,0.47429672639993314,2,1,4,0,3,1,0.4,49.48602946581266,60.0,16,2,0,0.0,0
1790661471.6973433,500,12.5,6250.0,0.8,2,40.0,120.0,0.6530299416141114,2,1,4,0,3,1,0.4,39.817802795918595,60.0,16,2,0,0.0,0
1790661476.6973433,500,12.5,6250.0,0.8,2,40.0,120.0,0.5963995157137392,2,1,4,0,3,1,0.4,43.49145044808643,60.0,16,2,0,0.0,0
1790661481.6973433,500,12.5,6250.0,0.8,2,40.0,120.0,0.4665160918821519,2,1,4,0,3,1,0.4,45.40289094606373,60.0,16,2,0,0.0,0
1790661486.6973433,500,12.5,6250.0,0.8,2,40.0,120.0,0.6477565224129456,2,1,4,0,3,1,0.4,39.63516446290239,60.0,16,2,0,0.0,0
1790661491.6973433,500,12.5,6250.0,0.8,2,40.0,120.0,0.30218429291005533,2,1,4,0,3,1,0.4,52.048325604507944,60.0,16,2,0,0.0,0
1790661496.6973433,500,12.5,6250.0,0.8,2,40.0,120.0,0.5192997998797113,2,1,4,0,3,1,0.4,37.4396459725526,60.0,16,2,0,0.0,0
1790661501.6973433,500,12.5,6250.0,0.8,2,40.0,120.0,0.6498632841279186,2,1,4,0,3,1,0.4,39.51069651381942,60.0,16,2,0,0.0,0
1790661506.6973433,500,12.5,6250.0,0.8,2,40.0,120.0,0.6083798518581429,2,1,4,0,3,1,0.4,42.22351017310892,60.0,16,2,0,0.0,0
1790661511.6973433,500,12.5,6250.0,0.8,2,40.0,120.0,0.4009705310233594,2,1,4,0,3,1,0.4,36.6375500205942,60.0,16,2,0,0.0,0
1790661516.6973433,500,12.5,6250.0,0.8,2,40.0,120.0,0.36321616587478883,2,1,4,0,3,1,0.4,35.48722191176857,60.0,16,2,0,0.0,0
1790661521.6973433,500,12.5,6250.0,0.8,2,40.0,120.0,0.5850718715160355,2,1,4,0,3,1,0.4,44.009828425636044,60.0,16,2,0,0.0,0
1790661526.6973433,500,12.5,6250.0,0.8,2,40.0,120.0,0.4346656330391378,2,1,4,0,3,1,0.4,52.88434559822496,60.0,16,2,0,0.0,0
1790661531.6973433,500,12.5,6250.0,0.8,2,40.0,120.0,0.5740187947366201,2,1,4,0,3,1,0.4,38.047674146638236,60.0,16,2,0,0.0,0
1790661536.6973433,500,12.5,6250.0,0.8,2,40.0,120.0,0.3634482889437446,2,1,4,0,3,1,0.4,48.989742881867315,60.0,16,2,0,0.0,0
1790661541.6973433,500,12.5,6250.0,0.8,2,40.0,120.0,0.38183180921563376,2,1,4,0,3,1,0.4,42.43822050107228,60.0,16,2,0,0.0,0
1790661546.6973433,500,12.5,6250.0,0.8,2,40.0,120.0,0.513708825505674,2,1,4,0,3,1,0.4,49.50445728547422,60.0,16,2,0,0.0,0
1790661551.6973433,500,12.5,6250.0,0.8,2,40.0,120.0,0.42683436281499754,2,1,4,0,3,1,0.4,45.653009970024726,60.0,16,2,0,0.0,0
1790661556.6973433,500,12.5,6250.0,0.8,2,40.0,120.0,0.35816544674731343,2,1,4,0,3,1,0.4,52.06229176579755,60.0,16,2,0,0.0,0
1790661561.6973433,500,12.5,6250.0,0.8,2,40.0,120.0,0.5250413366012032,2,1,4,0,3,1,0.4,43.72686135716061,60.0,16,2,0,0.0,0
1790661566.6973433,500,12.5,6250.0,0.8,2,40.0,120.0,0.6148798428306057,2,1,4,0,3,1,0.4,43.51411392661305,60.0,16,2,0,0.0,0
1790661571.6973433,500,12.5,6250.0,0.8,2,40.0,120.0,0.6937742778402725,2,1,4,0,3,1,0.4,53.25717242939636,60.0,16,2,0,0.0,0
1790661576.6973433,500,12.5,6250.0,0.8,2,40.0,120.0,0.32337125731441485,2,1,4,0,3,1,0.4,36.42701316534981,60.0,16,2,0,0.0,0
1790661581.6973433,500,12.5,6250.0,0.8,2,40.0,120.0,0.6024552860849217,2,1,4,0,3,1,0.4,38.17578896171845,60.0,16,2,0,0.0,0
1790661586.6973433,500,12.5,6250.0,0.8,2,40.0,120.0,0.4701930163708266,2,1,4,0,3,1,0.4,38.96817831699989,60.0,16,2,0,0.0,0
1790661591.6973433,500,12.5,6250.0,0.8,2,40.0,120.0,0.3171160762737638,2,1,4,0,3,1,0.4,52.043354630770345,60.0,16,2,0,0.0,0
1790661596.6973433,500,12.5,6250.0,0.8,2,40.0,120.0,0.35812515771943343,2,1,4,0,3,1,0.4,37.82999925839396,60.0,16,2,0,0.0,0
1790661601.6973433,500,12.5,6250.0,0.8,2,40.0,120.0,0.3693247326245925,2,1,4,0,3,1,0.4,39.03224906422863,60.0,16,2,0,0.0,0
1790661606.6973433,500,12.5,6250.0,0.8,2,40.0,120.0,0.39434279410517653,2,1,4,0,3,1,0.4,46.632442379882946,60.0,16,2,0,0.0,0
1790661611.6973433,500,12.5,6250.0,0.8,2,40.0,120.0,0.32655011918678717,2,1,4,0,3,1,0.4,47.39568436478157,60.0,16,2,0,0.0,0
1790661616.6973433,500,12.5,6250.0,0.8,2,40.0,120.0,0.5223141397060985,2,1,4,0,3,1,0.4,48.18536379995116,60.0,16,2,0,0.0,0
1790661621.6973433,500,12.5,6250.0,0.8,2,40.0,120.0,0.3143062111924547,2,1,4,0,3,1,0.4,50.182197653084785,60.0,16,2,0,0.0,0
1790661626.6973433,500,12.5,6250.0,0.8,2,40.0,120.0,0.5862601622025452,2,1,4,0,3,1,0.4,53.393543852438995,60.0,16,2,0,0.0,0
1790661631.6973433,500,12.5,6250.0,0.8,2,40.0,120.0,0.6110773097829472,2,1,4,0,3,1,0.4,52.3779332372846,60.0,16,2,0,0.0,0
1790661636.6973433,500,12.5,6250.0,0.8,2,40.0,120.0,0.5739681987927236,2,1,4,0,3,1,0.4,45.938901201299394,60.0,16,2,0,0.0,0
1790661641.6973433,500,12.5,6250.0,0.8,2,40.0,120.0,0.617086830293082,2,1,4,0,3,1,0.4,48.369936033887214,60.0,16,2,0,0.0,0
1790661646.6973433,500,12.5,6250.0,0.8,2,40.0,120.0,0.49298562830547227,2,1,4,0,3,1,0.4,44.71848958720555,60.0,16,2,0,0.0,0
1790661651.6973433,500,12.5,6250.0,0.8,2,40.0,120.0,0.5767467354509495,2,1,4,0,3,1,0.4,52.85502455546084,60.0,16,2,0,0.0,0
1790661656.6973433,500,12.5,6250.0,0.8,2,40.0,120.0,0.6524591994127087,2,1,4,0,3,1,0.4,42.17245530554829,60.0,16,2,0,0.0,0
1790661661.6973433,500,12.5,6250.0,0.8,2,40.0,120.0,0.32958959843302543,2,1,4,0,3,1,0.4,44.213335939991744,60.0,16,2,0,0.0,0
1790661666.6973433,500,12.5,6250.0,0.8,2,40.0,120.0,0.5896752283586775,2,1,4,0,3,1,0.4,39.960873303050846,60.0,16,2,0,0.0,0
1790661671.6973433,500,12.5,6250.0,0.8,2,40.0,120.0,0.6112879752897784,2,1,4,0,3,1,0.4,36.622306074712995,60.0,16,2,0,0.0,0
1790661676.6973433,500,12.5,6250.0,0.8,2,40.0,120.0,0.5865637974986646,2,1,4,0,3,1,0.4,48.715890447846114,60.0,16,2,0,0.0,0
1790661681.6973433,500,12.5,6250.0,0.8,2,40.0,120.0,0.680750943576297,2,1,4,0,3,1,0.4,43.52043160960954,60.0,16,2,0,0.0,0
1790661686.6973433,500,12.5,6250.0,0.8,2,40.0,120.0,0.6030088539285546,2,1,4,0,3,1,0.4,48.960817047111036,60.0,16,2,0,0.0,0
1790661691.6973433,500,12.5,6250.0,0.8,2,40.0,120.0,0.4667877231617549,2,1,4,0,3,1,0.4,38.327144906180536,60.0,16,2,0,0.0,0
1790661696.6973433,500,12.5,6250.0,0.8,2,40.0,120.0,0.31221518103339374,2,1,4,0,3,1,0.4,52.712742097514145,60.0,16,2,0,0.0,0
1790661701.6973433,500,12.5,6250.0,0.8,2,40.0,120.0,0.4715364998930111,2,1,4,0,3,1,0.4,38.272599766740925,60.0,16,2,0,0.0,0
1790661706.6973433,500,12.5,6250.0,0.8,2,40.0,120.0,0.3833647699195072,2,1,4,0,3,1,0.4,39.384160045446215,60.0,16,2,0,0.0,0
1790661711.6973433,500,12.5,6250.0,0.8,2,40.0,120.0,0.44967573905354363,2,1,4,0,3,1,0.4,51.42160580507627,60.0,16,2,0,0.0,0
1790661716.6973433,500,12.5,6250.0,0.8,2,40.0,120.0,0.5917102077787204,2,1,4,0,3,1,0.4,39.57434914796963,60.0,16,2,0,0.0,0
1790661721.6973433,500,12.5,6250.0,0.8,2,40.0,120.0,0.5018933216500678,2,1,4,0,3,1,0.4,41.18101412228058,60.0,16,2,0,0.0,0
1790661726.6973433,500,12.5,6250.0,0.8,2,40.0,120.0,0.40682791557867953,2,1,4,0,3,1,0.4,53.93084064298553,60.0,16,2,0,0.0,0
1790661731.6973433,500,12.5,6250.0,0.8,2,40.0,120.0,0.42776551180156386,2,1,4,0,3,1,0.4,46.37529237210639,60.0,16,2,0,0.0,0
1790661736.6973433,500,12.5,6250.0,0.8,2,40.0,120.0,0.3622575115381489,2,1,4,0,3,1,0.4,50.96514202547344,60.0,16,2,0,0.0,0
1790661741.6973433,500,12.5,6250.0,0.8,2,40.0,120.0,0.6857083123798204,2,1,4,0,3,1,0.4,53.59381819768903,60.0,16,2,0,0.0,0
1790661746.6973433,500,12.5,6250.0,0.8,2,40.0,120.0,0.37349193662644675,2,1,4,0,3,1,0.4,43.73309362649724,60.0,16,2,0,0.0,0
1790661751.6973433,500,12.5,6250.0,0.8,2,40.0,120.0,0.3803227367875806,2,1,4,0,3,1,0.4,48.98850572174664,60.0,16,2,0,0.0,0
1790661756.6973433,500,12.5,6250.0,0.8,2,40.0,120.0,0.6886385761893143,2,1,4,0,3,1,0.4,52.861134008821715,60.0,16,2,0,0.0,0
1790661761.6973433,500,12.5,6250.0,0.8,2,40.0,120.0,0.31160270045319993,2,1,4,0,3,1,0.4,43.722226180191186,60.0,16,2,0,0.0,0
1790661766.6973433,500,12.5,6250.0,0.8,2,40.0,120.0,0.6329486311796371,2,1,4,0,3,1,0.4,35.99019840065055,60.0,16,2,0,0.0,0
1790661771.6973433,500,12.5,6250.0,0.8,2,40.0,120.0,0.4420109247485263,2,1,4,0,3,1,0.4,47.57308808529545,60.0,16,2,0,0.0,0
1790661776.6973433,500,12.5,6250.0,0.8,2,40.0,120.0,0.4761044989373838,2,1,4,0,3,1,0.4,40.51665092157046,60.0,16,2,0,0.0,0
1790661781.6973433,500,12.5,6250.0,0.8,2,40.0,120.0,0.5990851805611268,2,1,4,0,3,1,0.4,36.566561134284434,60.0,16,2,0,0.0,0
1790661786.6973433,500,12.5,6250.0,0.8,2,40.0,120.0,0.6270374815221105,2,1,4,0,3,1,0.4,52.017721397352915,60.0,16,2,0,0.0,0
1790661791.6973433,500,12.5,6250.0,0.8,2,40.0,120.0,0.6475686238876289,2,1,4,0,3,1,0.4,35.60174544872252,60.0,16,2,0,0.0,0
1790661796.6973433,500,12.5,6250.0,0.8,2,40.0,120.0,0.5926128044620197,2,1,4,0,3,1,0.4,52.184505985549016,60.0,16,2,0,0.0,0
1790661801.6973433,500,12.5,6250.0,0.8,2,40.0,120.0,0.3270988088050024,2,1,4,0,3,1,0.4,40.72424562299642,60.0,16,2,0,0.0,0
1790661806.6973433,500,12.5,6250.0,0.8,2,40.0,120.0,0.34479116116006825,2,1,4,0,3,1,0.4,37.585683383252494,60.0,16,2,0,0.0,0
1790661811.6973433,500,12.5,6250.0,0.8,2,40.0,120.0,0.5092191868303134,2,1,4,0,3,1,0.4,37.769548141559255,60.0,16,2,0,0.0,0
1790661816.6973433,500,12.5,6250.0,0.8,2,40.0,120.0,0.361358389668307,2,1,4,0,3,1,0.4,46.320453507763666,60.0,16,2,0,0.0,0
1790661821.6973433,500,12.5,6250.0,0.8,2,40.0,120.0,0.5423530525664625,2,1,4,0,3,1,0.4,50.49086716601608,60.0,16,2,0,0.0,0
1790661826.6973433,500,12.5,6250.0,0.8,2,40.0,120.0,0.6463242083550822,2,1,4,0,3,1,0.4,49.8653807271205,60.0,16,2,0,0.0,0
1790661831.6973433,500,12.5,6250.0,0.8,2,40.0,120.0,0.6853156082677266,2,1,4,0,3,1,0.4,51.129504072832084,60.0,16,2,0,0.0,0
1790661836.6973433,500,12.5,6250.0,0.8,2,40.0,120.0,0.39610970953284785,2,1,4,0,3,1,0.4,43.175782649175275,60.0,16,2,0,0.0,0
1790661841.6973433,500,12.5,6250.0,0.8,2,40.0,120.0,0.3278989107834045,2,1,4,0,3,1,0.4,37.59091965095218,60.0,16,2,0,0.0,0
1790661846.6973433,500,12.5,6250.0,0.8,2,40.0,120.0,0.30756146698478276,2,1,4,0,3,1,0.4,43.24295268104482,60.0,16,2,0,0.0,0
1790661851.6973433,500,12.5,6250.0,0.8,2,40.0,120.0,0.6185156925808745,2,1,4,0,3,1,0.4,46.269515783530025,60.0,16,2,0,0.0,0
1790661856.6973433,500,12.5,6250.0,0.8,2,40.0,120.0,0.3220556300188484,2,1,4,0,3,1,0.4,40.550414242658356,60.0,16,2,0,0.0,0
1790661861.6973433,500,12.5,6250.0,0.8,2,40.0,120.0,0.680417623486417,2,1,4,0,3,1,0.4,35.976106562555785,60.0,16,2,0,0.0,0
1790661866.6973433,500,12.5,6250.0,0.8,2,40.0,120.0,0.6789599972933027,2,1,4,0,3,1,0.4,49.610230429937744,60.0,16,2,0,0.0,0
1790661871.6973433,500,12.5,6250.0,0.8,2,40.0,120.0,0.32712214885901947,2,1,4,0,3,1,0.4,47.4290794291422,60.0,16,2,0,0.0,0
1790661876.6973433,500,12.5,6250.0,0.8,2,40.0,120.0,0.6273559934164805,2,1,4,0,3,1,0.4,38.90230919527436,60.0,16,2,0,0.0,0
1790661881.6973433,500,12.5,6250.0,0.8,2,40.0,120.0,0.6286615511541571,2,1,4,0,3,1,0.4,52.92212651143964,60.0,16,2,0,0.0,0
1790661886.6973433,500,12.5,6250.0,0.8,2,40.0,120.0,0.41715199282365517,2,1,4,0,3,1,0.4,54.26970447846007,60.0,16,2,0,0.0,0
1790661891.6973433,500,12.5,6250.0,0.8,2,40.0,120.0,0.5093196866794358,2,1,4,0,3,1,0.4,53.94417711340021,60.0,16,2,0,0.0,0
1790661896.6973433,500,12.5,6250.0,0.8,2,40.0,120.0,0.6610539862201505,2,1,4,0,3,1,0.4,45.978826483506104,60.0,16,2,0,0.0,0
1790661901.6973433,500,12.5,6250.0,0.8,2,40.0,120.0,0.5010128338119265,2,1,4,0,3,1,0.4,40.5791719456516,60.0,16,2,0,0.0,0
1790661906.6973433,500,12.5,6250.0,0.8,2,40.0,120.0,0.5265482457369661,2,1,4,0,3,1,0.4,37.4693965855667,60.0,16,2,0,0.0,0
1790661911.6973433,500,12.5,6250.0,0.8,2,40.0,120.0,0.4048160863876714,2,1,4,0,3,1,0.4,38.51243000689208,60.0,16,2,0,0.0,0
1790661916.6973433,500,12.5,6250.0,0.8,2,40.0,120.0,0.3700505535960369,2,1,4,0,3,1,0.4,40.559948389891446,60.0,16,2,0,0.0,0
1790661921.6973433,500,12.5,6250.0,0.8,2,40.0,120.0,0.34706993612305825,2,1,4,0,3,1,0.4,38.149598829989195,60.0,16,2,0,0.0,0
1790661926.6973433,500,12.5,6250.0,0.8,2,40.0,120.0,0.5144246561282668,2,1,4,0,3,1,0.4,41.4976305176427,60.0,16,2,0,0.0,0
1790661931.6973433,500,12.5,6250.0,0.8,2,40.0,120.0,0.48511606136770885,2,1,4,0,3,1,0.4,46.77898568394357,60.0,16,2,0,0.0,0
1790661936.6973433,500,12.5,6250.0,0.8,2,40.0,120.0,0.6820287873828206,2,1,4,0,3,1,0.4,43.31068948944682,60.0,16,2,0,0.0,0
1790661941.6973433,500,12.5,6250.0,0.8,2,40.0,120.0,0.34805755139301614,2,1,4,0,3,1,0.4,54.00375892530431,60.0,16,2,0,0.0,0
1790661946.6973433,500,12.5,6250.0,0.8,2,40.0,120.0,0.6438046801336168,2,1,4,0,3,1,0.4,45.391196649115535,60.0,16,2,0,0.0,0
1790661951.6973433,500,12.5,6250.0,0.8,2,40.0,120.0,0.5530073741712248,2,1,4,0,3,1,0.4,48.932284934780114,60.0,16,2,0,0.0,0
1790661956.6973433,500,12.5,6250.0,0.8,2,40.0,120.0,0.6563217161121948,2,1,4,0,3,1,0.4,41.96398547203717,60.0,16,2,0,0.0,0
1790661961.6973433,500,12.5,6250.0,0.8,2,40.0,120.0,0.4677186372267298,2,1,4,0,3,1,0.4,40.398983840434354,60.0,16,2,0,0.0,0
1790661966.6973433,500,12.5,6250.0,0.8,2,40.0,120.0,0.6215917585366965,2,1,4,0,3,1,0.4,45.34448902912839,60.0,16,2,0,0.0,0
1790661971.6973433,500,12.5,6250.0,0.8,2,40.0,120.0,0.651135406142044,2,1,4,0,3,1,0.4,50.61497265023527,60.0,16,2,0,0.0,0
1790661976.6973433,500,12.5,6250.0,0.8,2,40.0,120.0,0.34708760008905326,2,1,4,0,3,1,0.4,43.14648643269426,60.0,16,2,0,0.0,0
1790661981.6973433,500,12.5,6250.0,0.8,2,40.0,120.0,0.5146041062066588,2,1,4,0,3,1,0.4,41.93793846833755,60.0,16,2,0,0.0,0
1790661986.6973433,500,12.5,6250.0,0.8,2,40.0,120.0,0.5819387480976554,2,1,4,0,3,1,0.4,38.84967059476912,60.0,16,2,0,0.0,0
1790661991.6973433,500,12.5,6250.0,0.8,2,40.0,120.0,0.32762474677844444,2,1,4,0,3,1,0.4,35.91916099867123,60.0,16,2,0,0.0,0
1790661996.6973433,500,12.5,6250.0,0.8,2,40.0,120.0,0.582726920133138,2,1,4,0,3,1,0.4,35.92557116263366,60.0,16,2,0,0.0,0
1790662001.6973433,500,12.5,6250.0,0.8,2,40.0,120.0,0.3703941357374368,2,1,4,0,3,1,0.4,43.03466078025538,60.0,16,2,0,0.0,0
1790662006.6973433,500,12.5,6250.0,0.8,2,40.0,120.0,0.6188985516796079,2,1,4,0,3,1,0.4,48.86450371052009,60.0,16,2,0,0.0,0
1790662011.6973433,500,12.5,6250.0,0.8,2,40.0,120.0,0.5691734816234866,2,1,4,0,3,1,0.4,52.87318398029332,60.0,16,2,0,0.0,0
1790662016.6973433,500,12.5,6250.0,0.8,2,40.0,120.0,0.6020793023230027,2,1,4,0,3,1,0.4,41.668046755872496,60.0,16,2,0,0.0,0
1790662021.6973433,500,12.5,6250.0,0.8,2,40.0,120.0,0.45719334827923835,2,1,4,0,3,1,0.4,44.815839135867435,60.0,16,2,0,0.0,0
1790662026.6973433,500,12.5,6250.0,0.8,2,40.0,120.0,0.584966300779329,2,1,4,0,3,1,0.4,35.327221423427794,60.0,16,2,0,0.0,0
1790662031.6973433,500,12.5,6250.0,0.8,2,40.0,120.0,0.4609885584184277,2,1,4,0,3,1,0.4,43.06872586073715,60.0,16,2,0,0.0,0
1790662036.6973433,500,12.5,6250.0,0.8,2,40.0,120.0,0.34268310423064785,2,1,4,0,3,1,0.4,38.87299108839357,60.0,16,2,0,0.0,0
1790662041.6973433,500,12.5,6250.0,0.8,2,40.0,120.0,0.3179214909961763,2,1,4,0,3,1,0.4,47.26320608315423,60.0,16,2,0,0.0,0
1790662046.6973433,500,12.5,6250.0,0.8,2,40.0,120.0,0.35747717627614967,2,1,4,0,3,1,0.4,53.7813675217505,60.0,16,2,0,0.0,0
1790662051.6973433,500,12.5,6250.0,0.8,2,40.0,120.0,0.4694528411447834,2,1,4,0,3,1,0.4,41.82308721985894,60.0,16,2,0,0.0,0
1790662056.6973433,500,12.5,6250.0,0.8,2,40.0,120.0,0.3174733575863217,2,1,4,0,3,1,0.4,36.16654129907403,60.0,16,2,0,0.0,0
1790662061.6973433,500,12.5,6250.0,0.8,2,40.0,120.0,0.4348460988068891,2,1,4,0,3,1,0.4,54.18670859138759,60.0,16,2,0,0.0,0
1790662066.6973433,500,12.5,6250.0,0.8,2,40.0,120.0,0.5769692066810677,2,1,4,0,3,1,0.4,35.911917809031735,60.0,16,2,0,0.0,0
1790662071.6973433,500,12.5,6250.0,0.8,2,40.0,120.0,0.631550142598807,2,1,4,0,3,1,0.4,42.90316590645188,60.0,16,2,0,0.0,0
1790662076.6973433,500,12.5,6250.0,0.8,2,40.0,120.0,0.5785316057482923,2,1,4,0,3,1,0.4,43.7331248424753,60.0,16,2,0,0.0,0
1790662081.6973433,500,12.5,6250.0,0.8,2,40.0,120.0,0.3139757508748139,2,1,4,0,3,1,0.4,53.99526017432363,60.0,16,2,0,0.0,0
1790662086.6973433,500,12.5,6250.0,0.8,2,40.0,120.0,0.5990592530864833,2,1,4,0,3,1,0.4,43.74825185770296,60.0,16,2,0,0.0,0
1790662091.6973433,500,12.5,6250.0,0.8,2,40.0,120.0,0.39790736402578053,2,1,4,0,3,1,0.4,43.63518158883288,60.0,16,2,0,0.0,0
1790662096.6973433,500,12.5,6250.0,0.8,2,40.0,120.0,0.6197429537359898,2,1,4,0,3,1,0.4,38.44750895602209,60.0,16,2,0,0.0,0
1790662101.6973433,500,12.5,6250.0,0.8,2,40.0,120.0,0.3783117945785056,2,1,4,0,3,1,0.4,46.586258379345175,60.0,16,2,0,0.0,0
1790662106.6973433,500,12.5,6250.0,0.8,2,40.0,120.0,0.43955502911473643,2,1,4,0,3,1,0.4,38.3175339712461,60.0,16,2,0,0.0,0
1790662111.6973433,500,12.5,6250.0,0.8,2,40.0,120.0,0.625550468978914,2,1,4,0,3,1,0.4,52.89862327719263,60.0,16,2,0,0.0,0
1790662116.6973433,500,12.5,6250.0,0.8,2,40.0,120.0,0.6867769008266086,2,1,4,0,3,1,0.4,47.47464545160332,60.0,16,2,0,0.0,0
1790662121.6973433,500,12.5,6250.0,0.8,2,40.0,120.0,0.40672767035423096,2,1,4,0,3,1,0.4,50.55053761871197,60.0,16,2,0,0.0,0
1790662126.6973433,500,12.5,6250.0,0.8,2,40.0,120.0,0.38454535937635065,2,1,4,0,3,1,0.4,40.305767339874464,60.0,16,2,0,0.0,0
1790662131.6973433,500,12.5,6250.0,0.8,2,40.0,120.0,0.6318493184068446,2,1,4,0,3,1,0.4,44.0436161070877,60.0,16,2,0,0.0,0
1790662136.6973433,500,12.5,6250.0,0.8,2,40.0,120.0,0.45618280678305173,2,1,4,0,3,1,0.4,52.17035764329354,60.0,16,2,0,0.0,0
1790662141.6973433,500,12.5,6250.0,0.8,2,40.0,120.0,0.49057553559132694,2,1,4,0,3,1,0.4,48.843943331166635,60.0,16,2,0,0.0,0
1790662146.6973433,500,12.5,6250.0,0.8,2,40.0,120.0,0.43098402581799433,2,1,4,0,3,1,0.4,44.46980126841015,60.0,16,2,0,0.0,0
1790662151.6973433,500,12.5,6250.0,0.8,2,40.0,120.0,0.380519374256351,2,1,4,0,3,1,0.4,48.734170667967945,60.0,16,2,0,0.0,0
1790662156.6973433,500,12.5,6250.0,0.8,2,40.0,120.0,0.6430708635970956,2,1,4,0,3,1,0.4,54.408176217139854,60.0,16,2,0,0.0,0
1790662161.6973433,500,12.5,6250.0,0.8,2,40.0,120.0,0.6909281062892667,2,1,4,0,3,1,0.4,53.13623921658028,60.0,16,2,0,0.0,0
1790662166.6973433,500,12.5,6250.0,0.8,2,40.0,120.0,0.5524419739343561,2,1,4,0,3,1,0.4,53.99547011232011,60.0,16,2,0,0.0,0
1790662171.6973433,500,12.5,6250.0,0.8,2,40.0,120.0,0.30626086598565927,2,1,4,0,3,1,0.4,42.1119609780625,60.0,16,2,0,0.0,0
1790662176.6973433,500,12.5,6250.0,0.8,2,40.0,120.0,0.4032156850128205,2,1,4,0,3,1,0.4,51.881737681522125,60.0,16,2,0,0.0,0
1790662181.6973433,500,12.5,6250.0,0.8,2,40.0,120.0,0.4314180021934908,2,1,4,0,3,1,0.4,39.004385590270935,60.0,16,2,0,0.0,0
1790662186.6973433,500,12.5,6250.0,0.8,2,40.0,120.0,0.6006658128844746,2,1,4,0,3,1,0.4,39.07782254268271,60.0,16,2,0,0.0,0
1790662191.6973433,500,12.5,6250.0,0.8,2,40.0,120.0,0.3336098305010503,2,1,4,0,3,1,0.4,41.90361805992947,60.0,16,2,0,0.0,0
1790662196.6973433,500,12.5,6250.0,0.8,2,40.0,120.0,0.45909026239563827,2,1,4,0,3,1,0.4,42.82678321209066,60.0,16,2,0,0.0,0
1790662201.6973433,500,12.5,6250.0,0.8,2,40.0,120.0,0.6083634314399535,2,1,4,0,3,1,0.4,51.79205674963495,60.0,16,2,0,0.0,0
1790662206.6973433,500,12.5,6250.0,0.8,2,40.0,120.0,0.4588619916721554,2,1,4,0,3,1,0.4,45.365473033652165,60.0,16,2,0,0.0,0
1790662211.6973433,500,12.5,6250.0,0.8,2,40.0,120.0,0.4401744211967299,2,1,4,0,3,1,0.4,47.23787995611753,60.0,16,2,0,0.0,0
1790662216.6973433,500,12.5,6250.0,0.8,2,40.0,120.0,0.4291475655568675,2,1,4,0,3,1,0.4,36.37948674613578,60.0,16,2,0,0.0,0
1790662221.6973433,500,12.5,6250.0,0.8,2,40.0,120.0,0.6353114184692057,2,1,4,0,3,1,0.4,51.60804969628484,60.0,16,2,0,0.0,0
1790662226.6973433,500,12.5,6250.0,0.8,2,40.0,120.0,0.3315703172209419,2,1,4,0,3,1,0.4,54.466597832788686,60.0,16,2,0,0.0,0
1790662231.6973433,500,12.5,6250.0,0.8,2,40.0,120.0,0.39305749415640867,2,1,4,0,3,1,0.4,53.10636015667782,60.0,16,2,0,0.0,0
1790662236.6973433,500,12.5,6250.0,0.8,2,40.0,120.0,0.5413211086075053,2,1,4,0,3,1,0.4,41.3895444812036,60.0,16,2,0,0.0,0
1790662241.6973433,500,12.5,6250.0,0.8,2,40.0,120.0,0.6251994262142306,2,1,4,0,3,1,0.4,43.2760223415777,60.0,16,2,0,0.0,0
1790662246.6973433,500,12.5,6250.0,0.8,2,40.0,120.0,0.5068481643996767,2,1,4,0,3,1,0.4,41.260149985744334,60.0,16,2,0,0.0,0
1790662251.6973433,500,12.5,6250.0,0.8,2,40.0,120.0,0.39946879924787204,2,1,4,0,3,1,0.4,41.53805156329169,60.0,16,2,0,0.0,0
1790662256.6973433,500,12.5,6250.0,0.8,2,40.0,120.0,0.48082754220628715,2,1,4,0,3,1,0.4,38.29864262737314,60.0,16,2,0,0.0,0
1790662261.6973433,500,12.5,6250.0,0.8,2,40.0,120.0,0.6203289536766108,2,1,4,0,3,1,0.4,46.42373852577135,60.0,16,2,0,0.0,0
1790662266.6973433,500,12.5,6250.0,0.8,2,40.0,120.0,0.6111276623446764,2,1,4,0,3,1,0.4,43.164435481777176,60.0,16,2,0,0.0,0
1790662271.6973433,500,12.5,6250.0,0.8,2,40.0,120.0,0.6683947530159511,2,1,4,0,3,1,0.4,49.16181292042788,60.0,16,2,0,0.0,0
1790662276.6973433,500,12.5,6250.0,0.8,2,40.0,120.0,0.6152405415395333,2,1,4,0,3,1,0.4,44.023726267665495,60.0,16,2,0,0.0,0
1790662281.6973433,500,12.5,6250.0,0.8,2,40.0,120.0,0.6001175453675747,2,1,4,0,3,1,0.4,51.74554354621475,60.0,16,2,0,0.0,0
1790662286.6973433,500,12.5,6250.0,0.8,2,40.0,120.0,0.5392971985403876,2,1,4,0,3,1,0.4,49.39133095542825,60.0,16,2,0,0.0,0
1790662291.6973433,500,12.5,6250.0,0.8,2,40.0,120.0,0.3113884777305095,2,1,4,0,3,1,0.4,35.42003054743804,60.0,16,2,0,0.0,0
1790662296.6973433,500,12.5,6250.0,0.8,2,40.0,120.0,0.4208973512886188,2,1,4,0,3,1,0.4,45.69304946602159,60.0,16,2,0,0.0,0
1790662301.6973433,500,12.5,6250.0,0.8,2,40.0,120.0,0.41133141697585385,2,1,4,0,3,1,0.4,40.67626049709821,60.0,16,2,0,0.0,0
1790662306.6973433,500,12.5,6250.0,0.8,2,40.0,120.0,0.5150179657498832,2,1,4,0,3,1,0.4,49.7533122860863,60.0,16,2,0,0.0,0
1790662311.6973433,500,12.5,6250.0,0.8,2,40.0,120.0,0.3230496591652121,2,1,4,0,3,1,0.4,37.520660142028255,60.0,16,2,0,0.0,0
1790662316.6973433,500,12.5,6250.0,0.8,2,40.0,120.0,0.5807799930274885,2,1,4,0,3,1,0.4,50.22485884231614,60.0,16,2,0,0.0,0
1790662321.6973433,500,12.5,6250.0,0.8,2,40.0,120.0,0.45614615932982944,2,1,4,0,3,1,0.4,54.757511725488015,60.0,16,2,0,0.0,0
1790662326.6973433,500,12.5,6250.0,0.8,2,40.0,120.0,0.4454161747093629,2,1,4,0,3,1,0.4,48.8698818652184,60.0,16,2,0,0.0,0
1790662331.6973433,500,12.5,6250.0,0.8,2,40.0,120.0,0.5810008065551071,2,1,4,0,3,1,0.4,53.57502823901659,60.0,16,2,0,0.0,0
1790662336.6973433,500,12.5,6250.0,0.8,2,40.0,120.0,0.6455514059834653,2,1,4,0,3,1,0.4,37.9115565068078,60.0,16,2,0,0.0,0
1790662341.6973433,500,12.5,6250.0,0.8,2,40.0,120.0,0.5756921120070335,2,1,4,0,3,1,0.4,52.24441943965256,60.0,16,2,0,0.0,0
1790662346.6973433,500,12.5,6250.0,0.8,2,40.0,120.0,0.3368005977212031,2,1,4,0,3,1,0.4,35.65570800116447,60.0,16,2,0,0.0,0
1790662351.6973433,500,12.5,6250.0,0.8,2,40.0,120.0,0.4135812192445236,2,1,4,0,3,1,0.4,37.44649779937844,60.0,16,2,0,0.0,0
1790662356.6973433,500,12.5,6250.0,0.8,2,40.0,120.0,0.6723937779104174,2,1,4,0,3,1,0.4,54.596911375616926,60.0,16,2,0,0.0,0
1790662361.6973433,500,12.5,6250.0,0.8,2,40.0,120.0,0.516727248809711,2,1,4,0,3,1,0.4,41.2912351992083,60.0,16,2,0,0.0,0
1790662366.6973433,500,12.5,6250.0,0.8,2,40.0,120.0,0.6754810822511159,2,1,4,0,3,1,0.4,47.894510685001535,60.0,16,2,0,0.0,0
1790662371.6973433,500,12.5,6250.0,0.8,2,40.0,120.0,0.595024605501085,2,1,4,0,3,1,0.4,43.5367847050039,60.0,16,2,0,0.0,0
1790662376.6973433,500,12.5,6250.0,0.8,2,40.0,120.0,0.4633553473753727,2,1,4,0,3,1,0.4,46.90264209337457,60.0,16,2,0,0.0,0
1790662381.6973433,500,12.5,6250.0,0.8,2,40.0,120.0,0.5368152481719572,2,1,4,0,3,1,0.4,47.0301198430315,60.0,16,2,0,0.0,0
1790662386.6973433,500,12.5,6250.0,0.8,2,40.0,120.0,0.47970038250427405,2,1,4,0,3,1,0.4,37.179132242670256,60.0,16,2,0,0.0,0
1790662391.6973433,500,12.5,6250.0,0.8,2,40.0,120.0,0.366175210091524,2,1,4,0,3,1,0.4,47.22534116950652,60.0,16,2,0,0.0,0
1790662396.6973433,500,12.5,6250.0,0.8,2,40.0,120.0,0.5526439368863796,2,1,4,0,3,1,0.4,48.71337786177182,60.0,16,2,0,0.0,0
1790662401.6973433,500,12.5,6250.0,0.8,2,40.0,120.0,0.4380217590896437,2,1,4,0,3,1,0.4,45.266018941835924,60.0,16,2,0,0.0,0
1790662406.6973433,500,12.5,6250.0,0.8,2,40.0,120.0,0.5308592167367483,2,1,4,0,3,1,0.4,38.85491048438147,60.0,16,2,0,0.0,0
1790662411.6973433,500,12.5,6250.0,0.8,2,40.0,120.0,0.681372468763421,2,1,4,0,3,1,0.4,35.35163488026188,60.0,16,2,0,0.0,0
1790662416.6973433,500,12.5,6250.0,0.8,2,40.0,120.0,0.3537963069928046,2,1,4,0,3,1,0.4,51.431489007123886,60.0,16,2,0,0.0,0
1790662421.6973433,500,12.5,6250.0,0.8,2,40.0,120.0,0.48280365922365354,2,1,4,0,3,1,0.4,49.55649811497862,60.0,16,2,0,0.0,0
1790662426.6973433,500,12.5,6250.0,0.8,2,40.0,120.0,0.3200261795826712,2,1,4,0,3,1,0.4,45.37437114272049,60.0,16,2,0,0.0,0
1790662431.6973433,500,12.5,6250.0,0.8,2,40.0,120.0,0.3501838816778779,2,1,4,0,3,1,0.4,53.83033783297098,60.0,16,2,0,0.0,0
1790662436.6973433,500,12.5,6250.0,0.8,2,40.0,120.0,0.5081291626504957,2,1,4,0,3,1,0.4,37.80497119877545,60.0,16,2,0,0.0,0
1790662441.6973433,500,12.5,6250.0,0.8,2,40.0,120.0,0.6619134404739899,2,1,4,0,3,1,0.4,50.3579397489538,60.0,16,2,0,0.0,0
1790662446.6973433,500,12.5,6250.0,0.8,2,40.0,120.0,0.5999609337375631,2,1,4,0,3,1,0.4,54.532984812092465,60.0,16,2,0,0.0,0
1790662451.6973433,500,12.5,6250.0,0.8,2,40.0,120.0,0.48801250804395485,2,1,4,0,3,1,0.4,42.25189691965242,60.0,16,2,0,0.0,0
1790662456.6973433,500,12.5,6250.0,0.8,2,40.0,120.0,0.5761810699883277,2,1,4,0,3,1,0.4,46.90500585363174,60.0,16,2,0,0.0,0
1790662461.6973433,500,12.5,6250.0,0.8,2,40.0,120.0,0.5419395524662487,2,1,4,0,3,1,0.4,48.19243052971165,60.0,16,2,0,0.0,0
1790662466.6973433,500,12.5,6250.0,0.8,2,40.0,120.0,0.6678387716100396,2,1,4,0,3,1,0.4,41.33393288419256,60.0,16,2,0,0.0,0
1790662471.6973433,500,12.5,6250.0,0.8,2,40.0,120.0,0.44149896301265035,2,1,4,0,3,1,0.4,48.595721742970596,60.0,16,2,0,0.0,0
1790662476.6973433,500,12.5,6250.0,0.8,2,40.0,120.0,0.3169022241762502,2,1,4,0,3,1,0.4,47.050737266051975,60.0,16,2,0,0.0,0
1790662481.6973433,500,12.5,6250.0,0.8,2,40.0,120.0,0.3729518407652031,2,1,4,0,3,1,0.4,36.10740607462397,60.0,16,2,0,0.0,0
1790662486.6973433,500,12.5,6250.0,0.8,2,40.0,120.0,0.461435778282166,2,1,4,0,3,1,0.4,52.526123372121376,60.0,16,2,0,0.0,0
1790662491.6973433,500,12.5,6250.0,0.8,2,40.0,120.0,0.5875742395298157,2,1,4,0,3,1,0.4,48.56884002857576,60.0,16,2,0,0.0,0
1790662496.6973433,500,12.5,6250.0,0.8,2,40.0,120.0,0.3841076840059105,2,1,4,0,3,1,0.4,44.45636485754178,60.0,16,2,0,0.0,0
1790662501.6973433,500,12.5,6250.0,0.8,2,40.0,120.0,0.30718817530410925,2,1,4,0,3,1,0.4,48.524463375995666,60.0,16,2,0,0.0,0
1790662506.6973433,500,12.5,6250.0,0.8,2,40.0,120.0,0.678193618162162,2,1,4,0,3,1,0.4,42.37774029533273,60.0,16,2,0,0.0,0
1790662511.6973433,500,12.5,6250.0,0.8,2,40.0,120.0,0.5361998699220025,2,1,4,0,3,1,0.4,44.54280664736345,60.0,16,2,0,0.0,0
1790662516.6973433,500,12.5,6250.0,0.8,2,40.0,120.0,0.512770927545186,2,1,4,0,3,1,0.4,47.654636207649574,60.0,16,2,0,0.0,0
1790662521.6973433,500,12.5,6250.0,0.8,2,40.0,120.0,0.37426328150866983,2,1,4,0,3,1,0.4,37.86524013290545,60.0,16,2,0,0.0,0
1790662526.6973433,500,12.5,6250.0,0.8,2,40.0,120.0,0.6581945873669546,2,1,4,0,3,1,0.4,52.9216181863598,60.0,16,2,0,0.0,0
1790662531.6973433,500,12.5,6250.0,0.8,2,40.0,120.0,0.3673525885531301,2,1,4,0,3,1,0.4,35.10201429080449,60.0,16,2,0,0.0,0
1790662536.6973433,500,12.5,6250.0,0.8,2,40.0,120.0,0.6644514010738796,2,1,4,0,3,1,0.4,53.50603459031444,60.0,16,2,0,0.0,0
1790662541.6973433,500,12.5,6250.0,0.8,2,40.0,120.0,0.31474479232855124,2,1,4,0,3,1,0.4,51.61352248001775,60.0,16,2,0,0.0,0
1790662546.6973433,500,12.5,6250.0,0.8,2,40.0,120.0,0.5477414195696225,2,1,4,0,3,1,0.4,47.72703488760609,60.0,16,2,0,0.0,0
1790662551.6973433,500,12.5,6250.0,0.8,2,40.0,120.0,0.3932248719571624,2,1,4,0,3,1,0.4,49.471777725109305,60.0,16,2,0,0.0,0
1790662556.6973433,500,12.5,6250.0,0.8,2,40.0,120.0,0.5285198446381362,2,1,4,0,3,1,0.4,35.76245407716545,60.0,16,2,0,0.0,0
1790662561.6973433,500,12.5,6250.0,0.8,2,40.0,120.0,0.37744847397681647,2,1,4,0,3,1,0.4,49.6443403123338,60.0,16,2,0,0.0,0
1790662566.6973433,500,12.5,6250.0,0.8,2,40.0,120.0,0.5594752826263256,2,1,4,0,3,1,0.4,43.15054992843349,60.0,16,2,0,0.0,0
1790662571.6973433,500,12.5,6250.0,0.8,2,40.0,120.0,0.5730925684608549,2,1,4,0,3,1,0.4,54.402893555170756,60.0,16,2,0,0.0,0
1790662576.6973433,500,12.5,6250.0,0.8,2,40.0,120.0,0.43930960393519125,2,1,4,0,3,1,0.4,40.623563604665826,60.0,16,2,0,0.0,0
1790662581.6973433,500,12.5,6250.0,0.8,2,40.0,120.0,0.6492380647543274,2,1,4,0,3,1,0.4,54.25476063044518,60.0,16,2,0,0.0,0
1790662586.6973433,500,12.5,6250.0,0.8,2,40.0,120.0,0.43828411656215244,2,1,4,0,3,1,0.4,50.11514104465772,60.0,16,2,0,0.0,0
1790662591.6973433,500,12.5,6250.0,0.8,2,40.0,120.0,0.6071330548512018,2,1,4,0,3,1,0.4,41.99386346435369,60.0,16,2,0,0.0,0
1790662596.6973433,500,12.5,6250.0,0.8,2,40.0,120.0,0.3675166732365483,2,1,4,0,3,1,0.4,42.98730049470596,60.0,16,2,0,0.0,0
1790662601.6973433,500,12.5,6250.0,0.8,2,40.0,120.0,0.5086517334984266,2,1,4,0,3,1,0.4,37.861675667609795,60.0,16,2,0,0.0,0
1790662606.6973433,500,12.5,6250.0,0.8,2,40.0,120.0,0.4069652895500836,2,1,4,0,3,1,0.4,50.77645045225498,60.0,16,2,0,0.0,0
1790662611.6973433,500,12.5,6250.0,0.8,2,40.0,120.0,0.5036041156618509,2,1,4,0,3,1,0.4,43.98964135185867,60.0,16,2,0,0.0,0
1790662616.6973433,500,12.5,6250.0,0.8,2,40.0,120.0,0.6043859265688437,2,1,4,0,3,1,0.4,47.78576924100767,60.0,16,2,0,0.0,0
1790662621.6973433,500,12.5,6250.0,0.8,2,40.0,120.0,0.6419447015840685,2,1,4,0,3,1,0.4,37.931273089578106,60.0,16,2,0,0.0,0
1790662626.6973433,500,12.5,6250.0,0.8,2,40.0,120.0,0.6106712841545668,2,1,4,0,3,1,0.4,42.190008094640525,60.0,16,2,0,0.0,0
1790662631.6973433,500,12.5,6250.0,0.8,2,40.0,120.0,0.6144191633696705,2,1,4,0,3,1,0.4,35.57644959141404,60.0,16,2,0,0.0,0
1790662636.6973433,500,12.5,6250.0,0.8,2,40.0,120.0,0.6042954691072095,2,1,4,0,3,1,0.4,37.965862155047915,60.0,16,2,0,0.0,0
1790662641.6973433,500,12.5,6250.0,0.8,2,40.0,120.0,0.6816224917535786,2,1,4,0,3,1,0.4,35.56345747423754,60.0,16,2,0,0.0,0
1790662646.6973433,500,12.5,6250.0,0.8,2,40.0,120.0,0.585046837746432,2,1,4,0,3,1,0.4,40.72250506935412,60.0,16,2,0,0.0,0
1790662651.6973433,500,12.5,6250.0,0.8,2,40.0,120.0,0.6003712905161505,2,1,4,0,3,1,0.4,47.74178140175413,60.0,16,2,0,0.0,0
1790662656.6973433,500,12.5,6250.0,0.8,2,40.0,120.0,0.6212149642954894,2,1,4,0,3,1,0.4,46.292107642055775,60.0,16,2,0,0.0,0
1790662661.6973433,500,12.5,6250.0,0.8,2,40.0,120.0,0.6556506579891052,2,1,4,0,3,1,0.4,52.48409721990848,60.0,16,2,0,0.0,0
1790662666.6973433,500,12.5,6250.0,0.8,2,40.0,120.0,0.37443920832323724,2,1,4,0,3,1,0.4,40.29431982676621,60.0,16,2,0,0.0,0
1790662671.6973433,500,12.5,6250.0,0.8,2,40.0,120.0,0.31539223428987584,2,1,4,0,3,1,0.4,48.88359481391651,60.0,16,2,0,0.0,0
1790662676.6973433,500,12.5,6250.0,0.8,2,40.0,120.0,0.44539812466635115,2,1,4,0,3,1,0.4,36.405242321347345,60.0,16,2,0,0.0,0
1790662681.6973433,500,12.5,6250.0,0.8,2,40.0,120.0,0.46700358095473804,2,1,4,0,3,1,0.4,49.3889583112319,60.0,16,2,0,0.0,0
1790662686.6973433,500,12.5,6250.0,0.8,2,40.0,120.0,0.3370142968475595,2,1,4,0,3,1,0.4,43.5161279911825,60.0,16,2,0,0.0,0
1790662691.6973433,500,12.5,6250.0,0.8,2,40.0,120.0,0.5579969641887068,2,1,4,0,3,1,0.4,45.21179873256162,60.0,16,2,0,0.0,0
1790662696.6973433,500,12.5,6250.0,0.8,2,40.0,120.0,0.6281687797300015,2,1,4,0,3,1,0.4,43.1903880916032,60.0,16,2,0,0.0,0
1790662701.6973433,500,12.5,6250.0,0.8,2,40.0,120.0,0.6697634462099215,2,1,4,0,3,1,0.4,39.46622714076633,60.0,16,2,0,0.0,0
1790662706.6973433,500,12.5,6250.0,0.8,2,40.0,120.0,0.42540116257206195,2,1,4,0,3,1,0.4,38.11131561108202,60.0,16,2,0,0.0,0
1790662711.6973433,500,12.5,6250.0,0.8,2,40.0,120.0,0.679051895647891,2,1,4,0,3,1,0.4,45.22458478592416,60.0,16,2,0,0.0,0
1790662716.6973433,500,12.5,6250.0,0.8,2,40.0,120.0,0.4679561056736349,2,1,4,0,3,1,0.4,47.8628892541434,60.0,16,2,0,0.0,0
1790662721.6973433,500,12.5,6250.0,0.8,2,40.0,120.0,0.42282949393111735,2,1,4,0,3,1,0.4,52.78774699659135,60.0,16,2,0,0.0,0
1790662726.6973433,500,12.5,6250.0,0.8,2,40.0,120.0,0.4034684368921879,2,1,4,0,3,1,0.4,54.581646088846156,60.0,16,2,0,0.0,0
1790662731.6973433,500,12.5,6250.0,0.8,2,40.0,120.0,0.34012720296328436,2,1,4,0,3,1,0.4,40.458218305284106,60.0,16,2,0,0.0,0
1790662736.6973433,500,12.5,6250.0,0.8,2,40.0,120.0,0.6354248495523831,2,1,4,0,3,1,0.4,42.67441800626517,60.0,16,2,0,0.0,0
1790662741.6973433,500,12.5,6250.0,0.8,2,40.0,120.0,0.49936302389859305,2,1,4,0,3,1,0.4,52.72432457955736,60.0,16,2,0,0.0,0
1790662746.6973433,500,12.5,6250.0,0.8,2,40.0,120.0,0.49093511128166767,2,1,4,0,3,1,0.4,52.362100081466735,60.0,16,2,0,0.0,0
1790662751.6973433,500,12.5,6250.0,0.8,2,40.0,120.0,0.3477545117047929,2,1,4,0,3,1,0.4,51.66965057660649,60.0,16,2,0,0.0,0
1790662756.6973433,500,12.5,6250.0,0.8,2,40.0,120.0,0.3294533327074076,2,1,4,0,3,1,0.4,46.246022531726254,60.0,16,2,0,0.0,0
1790662761.6973433,500,12.5,6250.0,0.8,2,40.0,120.0,0.4431051722066854,2,1,4,0,3,1,0.4,54.58630222853125,60.0,16,2,0,0.0,0
1790662766.6973433,500,12.5,6250.0,0.8,2,40.0,120.0,0.48511678222132615,2,1,4,0,3,1,0.4,52.69145900320915,60.0,16,2,0,0.0,0
1790662771.6973433,500,12.5,6250.0,0.8,2,40.0,120.0,0.4123666847952916,2,1,4,0,3,1,0.4,35.7726226923042,60.0,16,2,0,0.0,0
1790662776.6973433,500,12.5,6250.0,0.8,2,40.0,120.0,0.4329856903472896,2,1,4,0,3,1,0.4,42.05827845898809,60.0,16,2,0,0.0,0
1790662781.6973433,500,12.5,6250.0,0.8,2,40.0,120.0,0.5834651462827667,2,1,4,0,3,1,0.4,39.669205238386006,60.0,16,2,0,0.0,0
1790662786.6973433,500,12.5,6250.0,0.8,2,40.0,120.0,0.5858132290209546,2,1,4,0,3,1,0.4,38.817019752566495,60.0,16,2,0,0.0,0
1790662791.6973433,500,12.5,6250.0,0.8,2,40.0,120.0,0.45124939055212926,2,1,4,0,3,1,0.4,39.95790268934169,60.0,16,2,0,0.0,0
1790662796.6973433,500,12.5,6250.0,0.8,2,40.0,120.0,0.5460158165152852,2,1,4,0,3,1,0.4,36.970317009357295,60.0,16,2,0,0.0,0
1790662801.6973433,500,12.5,6250.0,0.8,2,40.0,120.0,0.5295202533267482,2,1,4,0,3,1,0.4,49.43044725842881,60.0,16,2,0,0.0,0
1790662806.6973433,500,12.5,6250.0,0.8,2,40.0,120.0,0.4422532997994737,2,1,4,0,3,1,0.4,35.438777525586175,60.0,16,2,0,0.0,0
1790662811.6973433,500,12.5,6250.0,0.8,2,40.0,120.0,0.5756847721272627,2,1,4,0,3,1,0.4,51.499222449880776,60.0,16,2,0,0.0,0
1790662816.6973433,500,12.5,6250.0,0.8,2,40.0,120.0,0.6066445596854861,2,1,4,0,3,1,0.4,39.947420176765334,60.0,16,2,0,0.0,0
1790662821.6973433,500,12.5,6250.0,0.8,2,40.0,120.0,0.43704721337270325,2,1,4,0,3,1,0.4,37.86514031994831,60.0,16,2,0,0.0,0
1790662826.6973433,500,12.5,6250.0,0.8,2,40.0,120.0,0.5765285476024167,2,1,4,0,3,1,0.4,53.98072915324656,60.0,16,2,0,0.0,0
1790662831.6973433,500,12.5,6250.0,0.8,2,40.0,120.0,0.6244699832515586,2,1,4,0,3,1,0.4,47.33387395345382,60.0,16,2,0,0.0,0
1790662836.6973433,500,12.5,6250.0,0.8,2,40.0,120.0,0.6808012659832463,2,1,4,0,3,1,0.4,52.51742757566063,60.0,16,2,0,0.0,0
1790662841.6973433,500,12.5,6250.0,0.8,2,40.0,120.0,0.6551956613763985,2,1,4,0,3,1,0.4,45.543536840853314,60.0,16,2,0,0.0,0
1790662846.6973433,500,12.5,6250.0,0.8,2,40.0,120.0,0.30719414368529696,2,1,4,0,3,1,0.4,40.00800306428431,60.0,16,2,0,0.0,0
1790662851.6973433,500,12.5,6250.0,0.8,2,40.0,120.0,0.4232055308902387,2,1,4,0,3,1,0.4,51.552320689498714,60.0,16,2,0,0.0,0
1790662856.6973433,500,12.5,6250.0,0.8,2,40.0,120.0,0.5195869878592441,2,1,4,0,3,1,0.4,37.982037449075754,60.0,16,2,0,0.0,0
1790662861.6973433,500,12.5,6250.0,0.8,2,40.0,120.0,0.3860356011554762,2,1,4,0,3,1,0.4,53.857128030295286,60.0,16,2,0,0.0,0
1790662866.6973433,500,12.5,6250.0,0.8,2,40.0,120.0,0.5363488755391026,2,1,4,0,3,1,0.4,37.25069590552786,60.0,16,2,0,0.0,0
1790662871.6973433,500,12.5,6250.0,0.8,2,40.0,120.0,0.562159407201886,2,1,4,0,3,1,0.4,42.636516958091946,60.0,16,2,0,0.0,0
1790662876.6973433,500,12.5,6250.0,0.8,2,40.0,120.0,0.681015059384471,2,1,4,0,3,1,0.4,47.653543663873464,60.0,16,2,0,0.0,0
1790662881.6973433,500,12.5,6250.0,0.8,2,40.0,120.0,0.38250273260350826,2,1,4,0,3,1,0.4,42.6350309746896,60.0,16,2,0,0.0,0
1790662886.6973433,500,12.5,6250.0,0.8,2,40.0,120.0,0.5912902489587184,2,1,4,0,3,1,0.4,54.53174035784487,60.0,16,2,0,0.0,0
1790662891.6973433,500,12.5,6250.0,0.8,2,40.0,120.0,0.6651660232431935,2,1,4,0,3,1,0.4,45.50269118833068,60.0,16,2,0,0.0,0
1790662896.6973433,500,12.5,6250.0,0.8,2,40.0,120.0,0.553954575263604,2,1,4,0,3,1,0.4,39.61116055889207,60.0,16,2,0,0.0,0
1790662901.6973433,500,12.5,6250.0,0.8,2,40.0,120.0,0.5783715089777219,2,1,4,0,3,1,0.4,35.9460469926267,60.0,16,2,0,0.0,0
1790662906.6973433,500,12.5,6250.0,0.8,2,40.0,120.0,0.4234190552218283,2,1,4,0,3,1,0.4,44.48622789104372,60.0,16,2,0,0.0,0
1790662911.6973433,500,12.5,6250.0,0.8,2,40.0,120.0,0.41754591981742334,2,1,4,0,3,1,0.4,47.772469856269275,60.0,16,2,0,0.0,0
1790662916.6973433,500,12.5,6250.0,0.8,2,40.0,120.0,0.6401680864278629,2,1,4,0,3,1,0.4,52.122377359731445,60.0,16,2,0,0.0,0
1790662921.6973433,500,12.5,6250.0,0.8,2,40.0,120.0,0.3389025938097161,2,1,4,0,3,1,0.4,37.45978302057817,60.0,16,2,0,0.0,0
1790662926.6973433,500,12.5,6250.0,0.8,2,40.0,120.0,0.6869420918951884,2,1,4,0,3,1,0.4,41.49656940943946,60.0,16,2,0,0.0,0
1790662931.6973433,500,12.5,6250.0,0.8,2,40.0,120.0,0.5989681473296053,2,1,4,0,3,1,0.4,53.64195461812537,60.0,16,2,0,0.0,0
1790662936.6973433,500,12.5,6250.0,0.8,2,40.0,120.0,0.3052072472050688,2,1,4,0,3,1,0.4,42.73955161438307,60.0,16,2,0,0.0,0
1790662941.6973433,500,12.5,6250.0,0.8,2,40.0,120.0,0.6351275792798097,2,1,4,0,3,1,0.4,36.423957977114185,60.0,16,2,0,0.0,0
1790662946.6973433,500,12.5,6250.0,0.8,2,40.0,120.0,0.6992881008212065,2,1,4,0,3,1,0.4,51.176626376055296,60.0,16,2,0,0.0,0
1790662951.6973433,500,12.5,6250.0,0.8,2,40.0,120.0,0.4625785668769168,2,1,4,0,3,1,0.4,46.62886193065332,60.0,16,2,0,0.0,0
1790662956.6973433,500,12.5,6250.0,0.8,2,40.0,120.0,0.6496039590893679,2,1,4,0,3,1,0.4,52.46077468397012,60.0,16,2,0,0.0,0
1790662961.6973433,500,12.5,6250.0,0.8,2,40.0,120.0,0.46140889262479745,2,1,4,0,3,1,0.4,54.87638615030043,60.0,16,2,0,0.0,0
