scheduler_mode,repetition,run_type,query,client_start_time,client_end_time,client_duration_ms,overlap_type
FIFO,0,baseline,Q1,1788166837.613358,1788166849.5321517,11918.793678283691,none
FIFO,0,baseline,Q3,1788166849.5331213,1788166853.4858859,3952.7645111083984,none
FIFO,0,baseline,Q6,1788166853.4864235,1788166855.978659,2492.2354221343994,none
FIFO,0,baseline,Q12,1788166855.9854312,1788166859.2513075,3265.876293182373,none
FIFO,0,baseline,Q14,1788166859.2521064,1788166861.600062,2347.9554653167725,none
FIFO,0,baseline,Q18,1788166861.6006796,1788166868.4650946,6864.414930343628,none
FIFO,0,concurrent,Q1,1788166901.9864569,1788166907.9988844,6012.427568435669,concurrent
FIFO,0,concurrent,Q3,1788166908.0021412,1788166910.8848734,2882.732152938843,concurrent
FIFO,0,concurrent,Q6,1788166910.8856325,1788166912.8998735,2014.2409801483154,concurrent
FIFO,0,concurrent,Q12,1788166912.9009519,1788166915.6765501,2775.5982875823975,concurrent
FIFO,0,concurrent,Q14,1788166915.6773133,1788166918.1731691,2495.8558082580566,concurrent
FIFO,0,concurrent,Q18,1788166918.1746676,1788166923.9075973,5732.929706573486,concurrent
FIFO,1,concurrent,Q1,1788167133.8106592,1788167139.3941212,5583.4619998931885,concurrent
FIFO,1,concurrent,Q3,1788167139.3993099,1788167142.5637133,3164.4034385681152,concurrent
FIFO,1,concurrent,Q6,1788167142.5645247,1788167144.624116,2059.591293334961,concurrent
FIFO,1,concurrent,Q12,1788167144.630794,1788167147.3961525,2765.3584480285645,concurrent
FIFO,1,concurrent,Q14,1788167147.3968992,1788167149.9551008,2558.201551437378,concurrent
FIFO,1,concurrent,Q18,1788167149.955919,1788167155.7349944,5779.075384140015,concurrent
FIFO,1,baseline,Q1,1788167187.834177,1788167193.0852175,5251.040458679199,none
FIFO,1,baseline,Q3,1788167193.085842,1788167195.5558016,2469.9597358703613,none
FIFO,1,baseline,Q6,1788167195.556527,1788167197.7562733,2199.7463703155518,none
FIFO,1,baseline,Q12,1788167197.756871,1788167200.2558935,2499.0224838256836,none
FIFO,1,baseline,Q14,1788167200.2565749,1788167202.6633468,2406.7718982696533,none
FIFO,1,baseline,Q18,1788167202.6642718,1788167207.7169454,5052.673578262329,none
FIFO,2,baseline,Q1,1788167242.7629013,1788167249.1750126,6412.111282348633,none
FIFO,2,baseline,Q3,1788167249.1766505,1788167253.8781314,4701.480865478516,none
FIFO,2,baseline,Q6,1788167253.8790493,1788167256.479703,2600.653648376465,none
FIFO,2,baseline,Q12,1788167256.4828322,1788167259.4275894,2944.7572231292725,none
FIFO,2,baseline,Q14,1788167259.4281595,1788167261.9027638,2474.604368209839,none
FIFO,2,baseline,Q18,1788167261.9048593,1788167267.884731,5979.87174987793,none
FIFO,2,concurrent,Q1,1788167433.203486,1788167438.9909754,5787.489414215088,concurrent
FIFO,2,concurrent,Q3,1788167438.9918299,1788167441.7654228,2773.592948913574,concurrent
FIFO,2,concurrent,Q6,1788167441.7666078,1788167444.1104472,2343.839406967163,concurrent
FIFO,2,concurrent,Q12,1788167444.1113186,1788167446.6458302,2534.5115661621094,concurrent
FIFO,2,concurrent,Q14,1788167446.6466973,1788167449.1815052,2534.8079204559326,concurrent
FIFO,2,concurrent,Q18,1788167449.1824844,1788167454.6499922,5467.507839202881,concurrent
FIFO,3,concurrent,Q1,1788167491.8882127,1788167496.9996266,5111.413955688477,concurrent
FIFO,3,concurrent,Q3,1788167497.0066667,1788167499.9771442,2970.47758102417,concurrent
FIFO,3,concurrent,Q6,1788167499.9780471,1788167502.126367,2148.319959640503,concurrent
FIFO,3,concurrent,Q12,1788167502.1274228,1788167504.6098452,2482.422351837158,concurrent
FIFO,3,concurrent,Q14,1788167504.6107721,1788167507.1614182,2550.6460666656494,concurrent
FIFO,3,concurrent,Q18,1788167507.1624215,1788167512.065205,4902.783632278442,concurrent
FIFO,3,baseline,Q1,1788167540.7032044,1788167545.2828684,4579.663991928101,none
FIFO,3,baseline,Q3,1788167545.2835655,1788167547.6858451,2402.2796154022217,none
FIFO,3,baseline,Q6,1788167547.686654,1788167549.4780357,1791.381597518921,none
FIFO,3,baseline,Q12,1788167549.478495,1788167551.9310226,2452.5277614593506,none
FIFO,3,baseline,Q14,1788167551.931771,1788167553.824404,1892.6329612731934,none
FIFO,3,baseline,Q18,1788167553.8318386,1788167558.4206703,4588.831663131714,none
FIFO,4,baseline,Q1,1788167586.8162742,1788167591.263837,4447.56293296814,none
FIFO,4,baseline,Q3,1788167591.2644262,1788167593.44938,2184.9536895751953,none
FIFO,4,baseline,Q6,1788167593.4504633,1788167595.2047317,1754.2684078216553,none
FIFO,4,baseline,Q12,1788167595.2055066,1788167597.486256,2280.7493209838867,none
FIFO,4,baseline,Q14,1788167597.4868867,1788167599.2860503,1799.163579940796,none
FIFO,4,baseline,Q18,1788167599.2867775,1788167603.806938,4520.160436630249,none
FIFO,4,concurrent,Q1,1788167634.3765693,1788167638.8097703,4433.20107460022,concurrent
FIFO,4,concurrent,Q3,1788167638.8127651,1788167640.9849813,2172.2161769866943,concurrent
FIFO,4,concurrent,Q6,1788167640.9857118,1788167642.6565998,1670.8879470825195,concurrent
FIFO,4,concurrent,Q12,1788167642.657302,1788167645.0928168,2435.5149269104004,concurrent
FIFO,4,concurrent,Q14,1788167645.0935643,1788167647.1910708,2097.506523132324,concurrent
FIFO,4,concurrent,Q18,1788167647.1918948,1788167652.2522035,5060.3086948394775,concurrent
FIFO,5,concurrent,Q1,1788167683.0763776,1788167687.9963272,4919.949531555176,concurrent
FIFO,5,concurrent,Q3,1788167687.997291,1788167690.565046,2567.7549839019775,concurrent
FIFO,5,concurrent,Q6,1788167690.5658514,1788167693.0567086,2490.8571243286133,concurrent
FIFO,5,concurrent,Q12,1788167693.0577457,1788167695.9044137,2846.668004989624,concurrent
FIFO,5,concurrent,Q14,1788167695.9050653,1788167698.5015955,2596.5301990509033,concurrent
FIFO,5,concurrent,Q18,1788167698.5025206,1788167703.696119,5193.598508834839,concurrent
FIFO,5,baseline,Q1,1788167733.6321175,1788167738.1049666,4472.849130630493,none
FIFO,5,baseline,Q3,1788167738.105606,1788167740.5024593,2396.85320854187,none
FIFO,5,baseline,Q6,1788167740.5031335,1788167742.149654,1646.5203762054443,none
FIFO,5,baseline,Q12,1788167742.1521618,1788167744.50467,2352.508068084717,none
FIFO,5,baseline,Q14,1788167744.5053637,1788167746.4618738,1956.510066986084,none
FIFO,5,baseline,Q18,1788167746.462555,1788167751.1152904,4652.735471725464,none
FIFO,6,baseline,Q1,1788167781.5071132,1788167786.507662,5000.548839569092,none
FIFO,6,baseline,Q3,1788167786.5087786,1788167788.6823723,2173.593759536743,none
FIFO,6,baseline,Q6,1788167788.683248,1788167790.3989985,1715.7504558563232,none
FIFO,6,baseline,Q12,1788167790.4017649,1788167792.8009715,2399.2066383361816,none
FIFO,6,baseline,Q14,1788167792.8015954,1788167794.5743785,1772.7830410003662,none
FIFO,6,baseline,Q18,1788167794.5752056,1788167799.078656,4503.450393676758,none
FIFO,6,concurrent,Q1,1788167830.694203,1788167835.72839,5034.187078475952,concurrent
FIFO,6,concurrent,Q3,1788167835.7295415,1788167838.1220775,2392.535924911499,concurrent
FIFO,6,concurrent,Q6,1788167838.1227255,1788167840.224373,2101.6476154327393,concurrent
FIFO,6,concurrent,Q12,1788167840.2311602,1788167842.4741848,2243.0245876312256,concurrent
FIFO,6,concurrent,Q14,1788167842.4747639,1788167844.8436334,2368.8695430755615,concurrent
FIFO,6,concurrent,Q18,1788167844.8447661,1788167849.894018,5049.2517948150635,concurrent
FIFO,7,concurrent,Q1,1788167881.3132074,1788167886.4077175,5094.510078430176,concurrent
FIFO,7,concurrent,Q3,1788167886.410164,1788167888.811423,2401.258945465088,concurrent
FIFO,7,concurrent,Q6,1788167888.812321,1788167891.0654967,2253.175735473633,concurrent
FIFO,7,concurrent,Q12,1788167891.0721812,1788167893.4195178,2347.336530685425,concurrent
FIFO,7,concurrent,Q14,1788167893.4201872,1788167895.8021977,2382.0104598999023,concurrent
FIFO,7,concurrent,Q18,1788167895.803042,1788167900.7094157,4906.373739242554,concurrent
FIFO,7,baseline,Q1,1788167931.462969,1788167935.525386,4062.4170303344727,none
FIFO,7,baseline,Q3,1788167935.5265286,1788167937.6626804,2136.1517906188965,none
FIFO,7,baseline,Q6,1788167937.6632152,1788167939.2682106,1604.9954891204834,none
FIFO,7,baseline,Q12,1788167939.2756567,1788167941.47691,2201.2534141540527,none
FIFO,7,baseline,Q14,1788167941.4775257,1788167943.204901,1727.3752689361572,none
FIFO,7,baseline,Q18,1788167943.2073889,1788167947.3336306,4126.241683959961,none
FIFO,8,baseline,Q1,1788167975.005522,1788167979.2951682,4289.646148681641,none
FIFO,8,baseline,Q3,1788167979.3018575,1788167981.3862226,2084.365129470825,none
FIFO,8,baseline,Q6,1788167981.386986,1788167983.0664096,1679.4235706329346,none
FIFO,8,baseline,Q12,1788167983.0671937,1788167985.3030589,2235.8651161193848,none
FIFO,8,baseline,Q14,1788167985.3035953,1788167987.078133,1774.5378017425537,none
FIFO,8,baseline,Q18,1788167987.078883,1788167991.3397799,4260.896921157837,none
FIFO,8,concurrent,Q1,1788168020.2174754,1788168024.7459073,4528.4318923950195,concurrent
FIFO,8,concurrent,Q3,1788168024.746611,1788168026.9081342,2161.5231037139893,concurrent
FIFO,8,concurrent,Q6,1788168026.9088202,1788168028.8913815,1982.5613498687744,concurrent
FIFO,8,concurrent,Q12,1788168028.8920455,1788168031.0190825,2127.0370483398438,concurrent
FIFO,8,concurrent,Q14,1788168031.019816,1788168032.9309423,1911.1263751983643,concurrent
FIFO,8,concurrent,Q18,1788168032.9317775,1788168037.5535777,4621.800184249878,concurrent
FIFO,9,concurrent,Q1,1788168068.2649028,1788168073.2381737,4973.270893096924,concurrent
FIFO,9,concurrent,Q3,1788168073.2394965,1788168075.5343983,2294.9018478393555,concurrent
FIFO,9,concurrent,Q6,1788168075.5355809,1788168077.5608356,2025.254726409912,concurrent
FIFO,9,concurrent,Q12,1788168077.5620136,1788168079.8059695,2243.9558506011963,concurrent
FIFO,9,concurrent,Q14,1788168079.8067863,1788168082.037046,2230.259656906128,concurrent
FIFO,9,concurrent,Q18,1788168082.0394754,1788168086.804782,4765.30647277832,concurrent
FIFO,9,baseline,Q1,1788168115.9618123,1788168120.1192713,4157.459020614624,none
FIFO,9,baseline,Q3,1788168120.1215339,1788168122.1195297,1997.9958534240723,none
FIFO,9,baseline,Q6,1788168122.1202955,1788168123.7357273,1615.431785583496,none
FIFO,9,baseline,Q12,1788168123.7381642,1788168126.019313,2281.148910522461,none
FIFO,9,baseline,Q14,1788168126.020128,1788168127.861252,1841.1240577697754,none
FIFO,9,baseline,Q18,1788168127.8620229,1788168132.218268,4356.245040893555,none
FIFO,10,baseline,Q1,1788168161.207378,1788168165.8005755,4593.197584152222,none
FIFO,10,baseline,Q3,1788168165.8140404,1788168167.9081452,2094.104766845703,none
FIFO,10,baseline,Q6,1788168167.9088326,1788168169.5529938,1644.1612243652344,none
FIFO,10,baseline,Q12,1788168169.5554602,1788168171.8167865,2261.326313018799,none
FIFO,10,baseline,Q14,1788168171.8177197,1788168173.684176,1866.4562702178955,none
FIFO,10,baseline,Q18,1788168173.6849537,1788168178.3903425,4705.388784408569,none
FIFO,10,concurrent,Q1,1788168208.456054,1788168213.8896344,5433.58039855957,concurrent
FIFO,10,concurrent,Q3,1788168213.8906007,1788168216.7482083,2857.60760307312,concurrent
FIFO,10,concurrent,Q6,1788168216.7505698,1788168218.7567232,2006.1533451080322,concurrent
FIFO,10,concurrent,Q12,1788168218.7577524,1788168221.160759,2403.0065536499023,concurrent
FIFO,10,concurrent,Q14,1788168221.1615238,1788168223.393509,2231.985092163086,concurrent
FIFO,10,concurrent,Q18,1788168223.3942525,1788168228.5090907,5114.838123321533,concurrent
FIFO,11,concurrent,Q1,1788168260.8027968,1788168265.7601836,4957.38673210144,concurrent
FIFO,11,concurrent,Q3,1788168265.7614212,1788168268.0439653,2282.5441360473633,concurrent
FIFO,11,concurrent,Q6,1788168268.0445154,1788168269.990466,1945.9507465362549,concurrent
FIFO,11,concurrent,Q12,1788168269.991407,1788168272.1963658,2204.958915710449,concurrent
FIFO,11,concurrent,Q14,1788168272.197226,1788168274.2802327,2083.0066204071045,concurrent
FIFO,11,concurrent,Q18,1788168274.2810395,1788168280.065222,5784.182548522949,concurrent
FIFO,11,baseline,Q1,1788168310.6333408,1788168315.3878136,4754.472732543945,none
FIFO,11,baseline,Q3,1788168315.394717,1788168317.5992684,2204.5514583587646,none
FIFO,11,baseline,Q6,1788168317.5998445,1788168319.2610993,1661.2548828125,none
FIFO,11,baseline,Q12,1788168319.2635403,1788168321.5899913,2326.451063156128,none
FIFO,11,baseline,Q14,1788168321.5905747,1788168323.5211341,1930.5593967437744,none
FIFO,11,baseline,Q18,1788168323.523496,1788168328.179859,4656.363010406494,none
FIFO,12,baseline,Q1,1788168358.1686537,1788168362.7205591,4551.905393600464,none
FIFO,12,baseline,Q3,1788168362.7229517,1788168365.0968912,2373.9395141601562,none
FIFO,12,baseline,Q6,1788168365.0977657,1788168366.8232672,1725.501537322998,none
FIFO,12,baseline,Q12,1788168366.8448987,1788168368.8874621,2042.5634384155273,none
FIFO,12,baseline,Q14,1788168368.8882773,1788168370.9613333,2073.0559825897217,none
FIFO,12,baseline,Q18,1788168370.9620743,1788168375.3594182,4397.343873977661,none
FIFO,12,concurrent,Q1,1788168407.262808,1788168412.2347498,4971.941709518433,concurrent
FIFO,12,concurrent,Q3,1788168412.2357771,1788168415.031983,2796.205759048462,concurrent
FIFO,12,concurrent,Q6,1788168415.0328221,1788168416.8712988,1838.4766578674316,concurrent
FIFO,12,concurrent,Q12,1788168416.8736281,1788168419.2141836,2340.555429458618,concurrent
FIFO,12,concurrent,Q14,1788168419.2154274,1788168421.487015,2271.587610244751,concurrent
FIFO,12,concurrent,Q18,1788168421.48837,1788168426.7334745,5245.104551315308,concurrent
FIFO,13,concurrent,Q1,1788168459.0398715,1788168464.1986167,5158.745288848877,concurrent
FIFO,13,concurrent,Q3,1788168464.2014577,1788168466.7869258,2585.468053817749,concurrent
FIFO,13,concurrent,Q6,1788168466.7882216,1788168468.5462193,1757.997751235962,concurrent
FIFO,13,concurrent,Q12,1788168468.5486808,1788168470.8796475,2330.9667110443115,concurrent
FIFO,13,concurrent,Q14,1788168470.880315,1788168473.2906013,2410.2861881256104,concurrent
FIFO,13,concurrent,Q18,1788168473.2918422,1788168478.5171204,5225.27813911438,concurrent
FIFO,13,baseline,Q1,1788168508.5163915,1788168513.0293598,4512.968301773071,none
FIFO,13,baseline,Q3,1788168513.0334938,1788168515.3528726,2319.3788528442383,none
FIFO,13,baseline,Q6,1788168515.3602858,1788168517.0436337,1683.3479404449463,none
FIFO,13,baseline,Q12,1788168517.046023,1788168519.41551,2369.4870471954346,none
FIFO,13,baseline,Q14,1788168519.416066,1788168521.1767042,1760.6382369995117,none
FIFO,13,baseline,Q18,1788168521.1774924,1788168526.0430741,4865.581750869751,none
FIFO,14,baseline,Q1,1788168555.570224,1788168560.2269907,4656.766653060913,none
FIFO,14,baseline,Q3,1788168560.2293386,1788168562.539624,2310.2853298187256,none
FIFO,14,baseline,Q6,1788168562.540389,1788168564.2110178,1670.6287860870361,none
FIFO,14,baseline,Q12,1788168564.2135522,1788168566.476398,2262.845754623413,none
FIFO,14,baseline,Q14,1788168566.477026,1788168568.3517323,1874.7062683105469,none
FIFO,14,baseline,Q18,1788168568.3526416,1788168573.150982,4798.340320587158,none
FIFO,14,concurrent,Q1,1788168605.5963788,1788168611.320746,5724.367141723633,concurrent
FIFO,14,concurrent,Q3,1788168611.3275666,1788168613.9408467,2613.2800579071045,concurrent
FIFO,14,concurrent,Q6,1788168613.941457,1788168615.8035147,1862.0576858520508,concurrent
FIFO,14,concurrent,Q12,1788168615.8102558,1788168618.1947975,2384.5417499542236,concurrent
FIFO,14,concurrent,Q14,1788168618.1967337,1788168620.3358126,2139.0788555145264,concurrent
FIFO,14,concurrent,Q18,1788168620.3367136,1788168625.72643,5389.716386795044,concurrent
FIFO,15,concurrent,Q1,1788168656.9540741,1788168662.0175877,5063.513517379761,concurrent
FIFO,15,concurrent,Q3,1788168662.0183349,1788168664.554703,2536.3681316375732,concurrent
FIFO,15,concurrent,Q6,1788168664.562131,1788168666.7825794,2220.4484939575195,concurrent
FIFO,15,concurrent,Q12,1788168666.783165,1788168669.1621,2378.9350986480713,concurrent
FIFO,15,concurrent,Q14,1788168669.16271,1788168671.4942975,2331.587553024292,concurrent
FIFO,15,concurrent,Q18,1788168671.4952085,1788168676.7722502,5277.041673660278,concurrent
FIFO,15,baseline,Q1,1788168705.1149886,1788168709.9106493,4795.660734176636,none
FIFO,15,baseline,Q3,1788168709.911127,1788168712.0082111,2097.0840454101562,none
FIFO,15,baseline,Q6,1788168712.00891,1788168713.7290604,1720.1504707336426,none
FIFO,15,baseline,Q12,1788168713.7299547,1788168716.135663,2405.7083129882812,none
FIFO,15,baseline,Q14,1788168716.1469927,1788168718.0585809,1911.588191986084,none
FIFO,15,baseline,Q18,1788168718.0595126,1788168722.764439,4704.926490783691,none
FIFO,16,baseline,Q1,1788168751.0463083,1788168755.559263,4512.9547119140625,none
FIFO,16,baseline,Q3,1788168755.560005,1788168757.7596638,2199.6588706970215,none
FIFO,16,baseline,Q6,1788168757.7602618,1788168759.4405086,1680.2468299865723,none
FIFO,16,baseline,Q12,1788168759.441572,1788168761.7954214,2353.849411010742,none
FIFO,16,baseline,Q14,1788168761.7961533,1788168763.535951,1739.797592163086,none
FIFO,16,baseline,Q18,1788168763.5367084,1788168768.3924325,4855.724096298218,none
FIFO,16,concurrent,Q1,1788168798.415651,1788168803.2848647,4869.213581085205,concurrent
FIFO,16,concurrent,Q3,1788168803.285563,1788168805.6773582,2391.7951583862305,concurrent
FIFO,16,concurrent,Q6,1788168805.678119,1788168807.8403401,2162.2211933135986,concurrent
FIFO,16,concurrent,Q12,1788168807.841074,1788168810.0859885,2244.9145317077637,concurrent
FIFO,16,concurrent,Q14,1788168810.086799,1788168812.5041602,2417.361259460449,concurrent
FIFO,16,concurrent,Q18,1788168812.505228,1788168817.4833684,4978.140354156494,concurrent
FIFO,17,concurrent,Q1,1788168847.6036065,1788168852.4228654,4819.25892829895,concurrent
FIFO,17,concurrent,Q3,1788168852.4252214,1788168854.6778557,2252.634286880493,concurrent
FIFO,17,concurrent,Q6,1788168854.6785867,1788168856.8909883,2212.4016284942627,concurrent
FIFO,17,concurrent,Q12,1788168856.8918495,1788168859.1467085,2254.85897064209,concurrent
FIFO,17,concurrent,Q14,1788168859.147947,1788168861.4359846,2288.0375385284424,concurrent
FIFO,17,concurrent,Q18,1788168861.4368675,1788168866.457269,5020.401477813721,concurrent
FIFO,17,baseline,Q1,1788168895.103133,1788168899.5435002,4440.367221832275,none
FIFO,17,baseline,Q3,1788168899.5457094,1788168901.5719252,2026.2157917022705,none
FIFO,17,baseline,Q6,1788168901.5726414,1788168903.295746,1723.10471534729,none
FIFO,17,baseline,Q12,1788168903.2965357,1788168905.4465356,2149.9998569488525,none
FIFO,17,baseline,Q14,1788168905.447314,1788168907.22251,1775.1960754394531,none
FIFO,17,baseline,Q18,1788168907.2231114,1788168912.0582204,4835.108995437622,none
FIFO,18,baseline,Q1,1788168939.9536586,1788168944.3402276,4386.569023132324,none
FIFO,18,baseline,Q3,1788168944.3442223,1788168946.4805765,2136.3542079925537,none
FIFO,18,baseline,Q6,1788168946.4814487,1788168948.1554394,1673.9907264709473,none
FIFO,18,baseline,Q12,1788168948.1563988,1788168950.327908,2171.509265899658,none
FIFO,18,baseline,Q14,1788168950.3285012,1788168952.0818503,1753.3490657806396,none
FIFO,18,baseline,Q18,1788168952.0826707,1788168956.7735686,4690.8979415893555,none
FIFO,18,concurrent,Q1,1788168985.6499462,1788168990.3507273,4700.7811069488525,concurrent
FIFO,18,concurrent,Q3,1788168990.353069,1788168992.5026717,2149.6026515960693,concurrent
FIFO,18,concurrent,Q6,1788168992.5033967,1788168994.4375818,1934.1850280761719,concurrent
FIFO,18,concurrent,Q12,1788168994.4383404,1788168996.6167727,2178.4322261810303,concurrent
FIFO,18,concurrent,Q14,1788168996.6173792,1788168998.670018,2052.6387691497803,concurrent
FIFO,18,concurrent,Q18,1788168998.6708872,1788169003.9922097,5321.322441101074,concurrent
FIFO,19,concurrent,Q1,1788169034.3152173,1788169038.8763936,4561.176300048828,concurrent
FIFO,19,concurrent,Q3,1788169038.878556,1788169041.2830412,2404.4852256774902,concurrent
FIFO,19,concurrent,Q6,1788169041.2839804,1788169043.2239063,1939.9259090423584,concurrent
FIFO,19,concurrent,Q12,1788169043.2245154,1788169045.4511094,2226.5939712524414,concurrent
FIFO,19,concurrent,Q14,1788169045.4522586,1788169047.4375196,1985.2609634399414,concurrent
FIFO,19,concurrent,Q18,1788169047.4381669,1788169052.7789805,5340.813636779785,concurrent
FIFO,19,baseline,Q1,1788169081.5387754,1788169085.8623252,4323.549747467041,none
FIFO,19,baseline,Q3,1788169085.864457,1788169087.751007,1886.5501880645752,none
FIFO,19,baseline,Q6,1788169087.7515965,1788169089.4181154,1666.5189266204834,none
FIFO,19,baseline,Q12,1788169089.4187126,1788169091.6875508,2268.8381671905518,none
FIFO,19,baseline,Q14,1788169091.6945412,1788169093.465761,1771.2197303771973,none
FIFO,19,baseline,Q18,1788169093.4663951,1788169098.0319014,4565.506219863892,none
FIFO,20,baseline,Q1,1788169125.909722,1788169130.149771,4240.048885345459,none
FIFO,20,baseline,Q3,1788169130.1519573,1788169132.0991938,1947.2365379333496,none
FIFO,20,baseline,Q6,1788169132.1000392,1788169133.800497,1700.4578113555908,none
FIFO,20,baseline,Q12,1788169133.801555,1788169136.1227314,2321.176528930664,none
FIFO,20,baseline,Q14,1788169136.1234076,1788169137.8757744,1752.3667812347412,none
FIFO,20,baseline,Q18,1788169137.876519,1788169142.9213874,5044.868469238281,none
FIFO,20,concurrent,Q1,1788169172.3190713,1788169176.7336533,4414.582014083862,concurrent
FIFO,20,concurrent,Q3,1788169176.7343452,1788169178.881949,2147.603750228882,concurrent
FIFO,20,concurrent,Q6,1788169178.8827372,1788169180.7667422,1884.005069732666,concurrent
FIFO,20,concurrent,Q12,1788169180.7674403,1788169182.8374307,2069.990396499634,concurrent
FIFO,20,concurrent,Q14,1788169182.8384483,1788169184.7951949,1956.7465782165527,concurrent
FIFO,20,concurrent,Q18,1788169184.7960396,1788169189.8355813,5039.541721343994,concurrent
FIFO,21,concurrent,Q1,1788169218.077658,1788169222.461381,4383.723020553589,concurrent
FIFO,21,concurrent,Q3,1788169222.4622047,1788169224.5911403,2128.9355754852295,concurrent
FIFO,21,concurrent,Q6,1788169224.5919974,1788169226.6392019,2047.2044944763184,concurrent
FIFO,21,concurrent,Q12,1788169226.6397634,1788169228.703649,2063.8856887817383,concurrent
FIFO,21,concurrent,Q14,1788169228.7044945,1788169230.6458998,1941.4052963256836,concurrent
FIFO,21,concurrent,Q18,1788169230.6467013,1788169235.5765228,4929.821491241455,concurrent
FIFO,21,baseline,Q1,1788169262.1941063,1788169266.273418,4079.3116092681885,none
FIFO,21,baseline,Q3,1788169266.2741678,1788169268.1857462,1911.5784168243408,none
FIFO,21,baseline,Q6,1788169268.1863725,1788169269.7759717,1589.5991325378418,none
FIFO,21,baseline,Q12,1788169269.7767859,1788169271.825418,2048.6321449279785,none
FIFO,21,baseline,Q14,1788169271.8262393,1788169273.5366044,1710.3650569915771,none
FIFO,21,baseline,Q18,1788169273.5373654,1788169278.058637,4521.271467208862,none
FAIR,0,baseline,Q1,1788178280.036646,1788178291.162498,11125.852108001709,none
FAIR,0,baseline,Q3,1788178291.1632776,1788178295.2734685,4110.190868377686,none
FAIR,0,baseline,Q6,1788178295.2757306,1788178297.6004915,2324.760913848877,none
FAIR,0,baseline,Q12,1788178297.6078286,1788178300.4635446,2855.7159900665283,none
FAIR,0,baseline,Q14,1788178300.4644547,1788178303.152348,2687.8933906555176,none
FAIR,0,baseline,Q18,1788178303.1535227,1788178309.3143234,6160.8006954193115,none
FAIR,0,concurrent,Q1,1788178343.6159008,1788178349.2197866,5603.885889053345,concurrent
FAIR,0,concurrent,Q3,1788178349.2210395,1788178352.717562,3496.5224266052246,concurrent
FAIR,0,concurrent,Q6,1788178352.718382,1788178355.1842752,2465.893268585205,concurrent
FAIR,0,concurrent,Q12,1788178355.185415,1788178358.5812135,3395.798444747925,concurrent
FAIR,0,concurrent,Q14,1788178358.5820553,1788178361.166222,2584.1667652130127,concurrent
FAIR,0,concurrent,Q18,1788178361.1674817,1788178366.693074,5525.59232711792,concurrent
FAIR,1,concurrent,Q1,1788178400.441725,1788178404.834651,4392.925977706909,concurrent
FAIR,1,concurrent,Q3,1788178404.8414333,1788178407.2729962,2431.562900543213,concurrent
FAIR,1,concurrent,Q6,1788178407.2739418,1788178409.4711413,2197.199583053589,concurrent
FAIR,1,concurrent,Q12,1788178409.4720805,1788178411.845762,2373.6815452575684,concurrent
FAIR,1,concurrent,Q14,1788178411.846782,1788178414.3479426,2501.1606216430664,concurrent
FAIR,1,concurrent,Q18,1788178414.3487325,1788178419.3949869,5046.254396438599,concurrent
FAIR,1,baseline,Q1,1788178449.019544,1788178452.849348,3829.8041820526123,none
FAIR,1,baseline,Q3,1788178452.856333,1788178455.0298176,2173.4845638275146,none
FAIR,1,baseline,Q6,1788178455.030643,1788178456.7619417,1731.2986850738525,none
FAIR,1,baseline,Q12,1788178456.7633247,1788178459.3723924,2609.067678451538,none
FAIR,1,baseline,Q14,1788178459.3734357,1788178461.3836539,2010.2181434631348,none
FAIR,1,baseline,Q18,1788178461.3844209,1788178466.112639,4728.218078613281,none
FAIR,2,baseline,Q1,1788178497.3454874,1788178501.7662332,4420.745849609375,none
FAIR,2,baseline,Q3,1788178501.7669432,1788178503.9936018,2226.658582687378,none
FAIR,2,baseline,Q6,1788178503.9944232,1788178505.7424734,1748.0502128601074,none
FAIR,2,baseline,Q12,1788178505.743327,1788178508.2188463,2475.5194187164307,none
FAIR,2,baseline,Q14,1788178508.2193985,1788178510.1734962,1954.0977478027344,none
FAIR,2,baseline,Q18,1788178510.1744008,1788178514.598359,4423.958301544189,none
FAIR,2,concurrent,Q1,1788178546.0370374,1788178550.647987,4610.949516296387,concurrent
FAIR,2,concurrent,Q3,1788178550.6488044,1788178553.2666776,2617.873191833496,concurrent
FAIR,2,concurrent,Q6,1788178553.26746,1788178555.2654145,1997.9543685913086,concurrent
FAIR,2,concurrent,Q12,1788178555.266242,1788178557.5302963,2264.054298400879,concurrent
FAIR,2,concurrent,Q14,1788178557.5312672,1788178559.9184868,2387.2196674346924,concurrent
FAIR,2,concurrent,Q18,1788178559.9262652,1788178564.427794,4501.528739929199,concurrent
FAIR,3,concurrent,Q1,1788178596.0943072,1788178601.0220351,4927.727937698364,concurrent
FAIR,3,concurrent,Q3,1788178601.0247257,1788178604.0479946,3023.268938064575,concurrent
FAIR,3,concurrent,Q6,1788178604.0509825,1788178606.6232567,2572.2742080688477,concurrent
FAIR,3,concurrent,Q12,1788178606.6242049,1788178609.2829647,2658.759832382202,concurrent
FAIR,3,concurrent,Q14,1788178609.2845032,1788178612.480154,3195.650815963745,concurrent
FAIR,3,concurrent,Q18,1788178612.4809997,1788178618.2309668,5749.967098236084,concurrent
FAIR,3,baseline,Q1,1788178651.205252,1788178655.8894377,4684.185743331909,none
FAIR,3,baseline,Q3,1788178655.8919601,1788178658.1910937,2299.133539199829,none
FAIR,3,baseline,Q6,1788178658.1920354,1788178660.0257556,1833.7202072143555,none
FAIR,3,baseline,Q12,1788178660.0266519,1788178662.5546396,2527.9877185821533,none
FAIR,3,baseline,Q14,1788178662.555367,1788178664.6389313,2083.564281463623,none
FAIR,3,baseline,Q18,1788178664.639746,1788178669.7430632,5103.3172607421875,none
FAIR,4,baseline,Q1,1788178702.5409784,1788178707.9139395,5372.961044311523,none
FAIR,4,baseline,Q3,1788178707.915002,1788178710.8273587,2912.3566150665283,none
FAIR,4,baseline,Q6,1788178710.827841,1788178713.302192,2474.350929260254,none
FAIR,4,baseline,Q12,1788178713.3033395,1788178715.963397,2660.057544708252,none
FAIR,4,baseline,Q14,1788178715.9640298,1788178718.5542524,2590.2225971221924,none
FAIR,4,baseline,Q18,1788178718.5549989,1788178723.9149196,5359.9207401275635,none
FAIR,4,concurrent,Q1,1788178762.735366,1788178768.4329486,5697.582483291626,concurrent
FAIR,4,concurrent,Q3,1788178768.435857,1788178771.5653222,3129.465103149414,concurrent
FAIR,4,concurrent,Q6,1788178771.5662377,1788178773.945924,2379.6863555908203,concurrent
FAIR,4,concurrent,Q12,1788178773.9475138,1788178777.3713517,3423.837900161743,concurrent
FAIR,4,concurrent,Q14,1788178777.3722334,1788178780.2417762,2869.5428371429443,concurrent
FAIR,4,concurrent,Q18,1788178780.2426214,1788178786.765696,6523.074626922607,concurrent
FAIR,5,concurrent,Q1,1788178823.7677798,1788178828.679958,4912.17827796936,concurrent
FAIR,5,concurrent,Q3,1788178828.6824257,1788178831.4556532,2773.2274532318115,concurrent
FAIR,5,concurrent,Q6,1788178831.456608,1788178833.3326359,1876.0278224945068,concurrent
FAIR,5,concurrent,Q12,1788178833.3335068,1788178835.7133663,2379.859447479248,concurrent
FAIR,5,concurrent,Q14,1788178835.7142344,1788178838.2287164,2514.482021331787,concurrent
FAIR,5,concurrent,Q18,1788178838.2296329,1788178843.6034956,5373.862743377686,concurrent
FAIR,5,baseline,Q1,1788178874.026813,1788178878.2092023,4182.389259338379,none
FAIR,5,baseline,Q3,1788178878.2098482,1788178880.374113,2164.264917373657,none
FAIR,5,baseline,Q6,1788178880.3748443,1788178882.122486,1747.6418018341064,none
FAIR,5,baseline,Q12,1788178882.1231408,1788178884.5515518,2428.4110069274902,none
FAIR,5,baseline,Q14,1788178884.5522478,1788178886.3972118,1844.9640274047852,none
FAIR,5,baseline,Q18,1788178886.3981762,1788178890.8884442,4490.267992019653,none
FAIR,6,baseline,Q1,1788178920.3743432,1788178924.9512322,4576.8890380859375,none
FAIR,6,baseline,Q3,1788178924.9521792,1788178927.1369696,2184.7903728485107,none
FAIR,6,baseline,Q6,1788178927.1375692,1788178929.0075464,1869.9772357940674,none
FAIR,6,baseline,Q12,1788178929.0088158,1788178931.6118033,2602.98752784729,none
FAIR,6,baseline,Q14,1788178931.612762,1788178933.4854958,1872.7338314056396,none
FAIR,6,baseline,Q18,1788178933.4863873,1788178938.182734,4696.346759796143,none
FAIR,6,concurrent,Q1,1788178972.5624645,1788178978.1695573,5607.09285736084,concurrent
FAIR,6,concurrent,Q3,1788178978.1701355,1788178980.6025374,2432.4018955230713,concurrent
FAIR,6,concurrent,Q6,1788178980.6033204,1788178982.8058329,2202.512502670288,concurrent
FAIR,6,concurrent,Q12,1788178982.8066726,1788178985.3971858,2590.513229370117,concurrent
FAIR,6,concurrent,Q14,1788178985.398252,1788178988.3560414,2957.789421081543,concurrent
FAIR,6,concurrent,Q18,1788178988.3584113,1788178994.0921185,5733.7071895599365,concurrent
FAIR,7,concurrent,Q1,1788179030.9693987,1788179037.6746552,6705.256462097168,concurrent
FAIR,7,concurrent,Q3,1788179037.6842396,1788179041.344687,3660.447359085083,concurrent
FAIR,7,concurrent,Q6,1788179041.3456838,1788179044.3919826,3046.2987422943115,concurrent
FAIR,7,concurrent,Q12,1788179044.3929853,1788179047.6635647,3270.5793380737305,concurrent
FAIR,7,concurrent,Q14,1788179047.6710546,1788179050.7314742,3060.4195594787598,concurrent
FAIR,7,concurrent,Q18,1788179050.7326381,1788179057.3116117,6578.9735317230225,concurrent
FAIR,7,baseline,Q1,1788179094.353638,1788179100.1948128,5841.174840927124,none
FAIR,7,baseline,Q3,1788179100.1957424,1788179102.6491952,2453.4528255462646,none
FAIR,7,baseline,Q6,1788179102.6499672,1788179105.1131208,2463.153600692749,none
FAIR,7,baseline,Q12,1788179105.1144614,1788179107.7730646,2658.6031913757324,none
FAIR,7,baseline,Q14,1788179107.7737176,1788179110.362882,2589.1642570495605,none
FAIR,7,baseline,Q18,1788179110.3637908,1788179116.4919746,6128.183841705322,none
FAIR,8,baseline,Q1,1788179153.5432975,1788179159.3495739,5806.276321411133,none
FAIR,8,baseline,Q3,1788179159.3522148,1788179162.5333066,3181.091785430908,none
FAIR,8,baseline,Q6,1788179162.5343523,1788179164.6386628,2104.3105125427246,none
FAIR,8,baseline,Q12,1788179164.639327,1788179167.4377835,2798.4564304351807,none
FAIR,8,baseline,Q14,1788179167.4383972,1788179169.702375,2263.9777660369873,none
FAIR,8,baseline,Q18,1788179169.7032244,1788179175.7631505,6059.9260330200195,none
FAIR,8,concurrent,Q1,1788179212.7045138,1788179219.8490243,7144.510507583618,concurrent
FAIR,8,concurrent,Q3,1788179219.8506572,1788179223.019738,3169.0807342529297,concurrent
FAIR,8,concurrent,Q6,1788179223.0206146,1788179225.8454278,2824.8131275177,concurrent
FAIR,8,concurrent,Q12,1788179225.846297,1788179228.9065535,3060.2564811706543,concurrent
FAIR,8,concurrent,Q14,1788179228.9074821,1788179232.0538192,3146.3370323181152,concurrent
FAIR,8,concurrent,Q18,1788179232.0552187,1788179238.5296571,6474.438428878784,concurrent
FAIR,9,concurrent,Q1,1788179278.0405343,1788179284.3307638,6290.229558944702,concurrent
FAIR,9,concurrent,Q3,1788179284.3379068,1788179287.0659194,2728.0125617980957,concurrent
FAIR,9,concurrent,Q6,1788179287.0666661,1788179289.4398055,2373.1393814086914,concurrent
FAIR,9,concurrent,Q12,1788179289.4429765,1788179292.7880118,3345.0353145599365,concurrent
FAIR,9,concurrent,Q14,1788179292.7891061,1788179295.8846076,3095.50142288208,concurrent
FAIR,9,concurrent,Q18,1788179295.8859935,1788179302.63372,6747.7264404296875,concurrent
FAIR,9,baseline,Q1,1788179339.1900158,1788179345.5327604,6342.744588851929,none
FAIR,9,baseline,Q3,1788179345.5356212,1788179348.7826483,3247.0271587371826,none
FAIR,9,baseline,Q6,1788179348.7835245,1788179351.6490674,2865.5428886413574,none
FAIR,9,baseline,Q12,1788179351.6578379,1788179354.7426794,3084.84148979187,none
FAIR,9,baseline,Q14,1788179354.74334,1788179356.8890579,2145.7178592681885,none
FAIR,9,baseline,Q18,1788179356.8896968,1788179363.033307,6143.610239028931,none
FAIR,10,baseline,Q1,1788179398.8915653,1788179404.655334,5763.768672943115,none
FAIR,10,baseline,Q3,1788179404.6580439,1788179407.217852,2559.8082542419434,none
FAIR,10,baseline,Q6,1788179407.2187195,1788179409.5277379,2309.01837348938,none
FAIR,10,baseline,Q12,1788179409.5286453,1788179412.1996667,2671.0214614868164,none
FAIR,10,baseline,Q14,1788179412.2010746,1788179414.7012408,2500.166177749634,none
FAIR,10,baseline,Q18,1788179414.7027707,1788179420.427823,5725.052356719971,none
FAIR,10,concurrent,Q1,1788179456.4412744,1788179462.9799042,6538.629770278931,concurrent
FAIR,10,concurrent,Q3,1788179462.9825613,1788179465.861192,2878.6306381225586,concurrent
FAIR,10,concurrent,Q6,1788179465.862032,1788179468.1443071,2282.2751998901367,concurrent
FAIR,10,concurrent,Q12,1788179468.1482716,1788179471.4600923,3311.8207454681396,concurrent
FAIR,10,concurrent,Q14,1788179471.4608662,1788179474.3414893,2880.6231021881104,concurrent
FAIR,10,concurrent,Q18,1788179474.343996,1788179481.0943353,6750.3392696380615,concurrent
FAIR,11,concurrent,Q1,1788179520.350541,1788179526.8979716,6547.430515289307,concurrent
FAIR,11,concurrent,Q3,1788179526.9077775,1788179529.8004987,2892.721176147461,concurrent
FAIR,11,concurrent,Q6,1788179529.8015025,1788179532.4567184,2655.2159786224365,concurrent
FAIR,11,concurrent,Q12,1788179532.4594526,1788179535.4388144,2979.3617725372314,concurrent
FAIR,11,concurrent,Q14,1788179535.4398859,1788179538.5584228,3118.536949157715,concurrent
FAIR,11,concurrent,Q18,1788179538.5596137,1788179545.095826,6536.212205886841,concurrent
FAIR,11,baseline,Q1,1788179580.7553759,1788179586.7792294,6023.853540420532,none
FAIR,11,baseline,Q3,1788179586.7816987,1788179589.7890499,3007.3511600494385,none
FAIR,11,baseline,Q6,1788179589.7900317,1788179591.887537,2097.5053310394287,none
FAIR,11,baseline,Q12,1788179591.8885167,1788179594.8008647,2912.3480319976807,none
FAIR,11,baseline,Q14,1788179594.801714,1788179597.1532063,2351.492404937744,none
FAIR,11,baseline,Q18,1788179597.1540465,1788179603.2557418,6101.69529914856,none
FAIR,12,baseline,Q1,1788179638.5911155,1788179644.4475207,5856.405258178711,none
FAIR,12,baseline,Q3,1788179644.452072,1788179647.006537,2554.4650554656982,none
FAIR,12,baseline,Q6,1788179647.007282,1788179648.9324121,1925.1301288604736,none
FAIR,12,baseline,Q12,1788179648.9329555,1788179651.658546,2725.590467453003,none
FAIR,12,baseline,Q14,1788179651.6593773,1788179653.7713597,2111.9823455810547,none
FAIR,12,baseline,Q18,1788179653.7723527,1788179659.8605413,6088.188648223877,none
FAIR,12,concurrent,Q1,1788179697.447524,1788179703.9312637,6483.739614486694,concurrent
FAIR,12,concurrent,Q3,1788179703.933779,1788179706.9578876,3024.108648300171,concurrent
FAIR,12,concurrent,Q6,1788179706.9588695,1788179709.2127159,2253.8464069366455,concurrent
FAIR,12,concurrent,Q12,1788179709.214454,1788179712.4133284,3198.8744735717773,concurrent
FAIR,12,concurrent,Q14,1788179712.414202,1788179715.0117538,2597.5518226623535,concurrent
FAIR,12,concurrent,Q18,1788179715.0125122,1788179721.7266717,6714.1594886779785,concurrent
FAIR,13,concurrent,Q1,1788179758.5670476,1788179764.9028265,6335.7789516448975,concurrent
FAIR,13,concurrent,Q3,1788179764.9054508,1788179767.8213308,2915.879964828491,concurrent
FAIR,13,concurrent,Q6,1788179767.8220117,1788179770.5458853,2723.8736152648926,concurrent
FAIR,13,concurrent,Q12,1788179770.5466738,1788179773.4542546,2907.580852508545,concurrent
FAIR,13,concurrent,Q14,1788179773.4552212,1788179776.494678,3039.456844329834,concurrent
FAIR,13,concurrent,Q18,1788179776.4956112,1788179783.08199,6586.378812789917,concurrent
FAIR,13,baseline,Q1,1788179817.2031837,1788179822.7197444,5516.560792922974,none
FAIR,13,baseline,Q3,1788179822.7405465,1788179825.391662,2651.1154174804688,none
FAIR,13,baseline,Q6,1788179825.3931007,1788179827.7925,2399.3992805480957,none
FAIR,13,baseline,Q12,1788179827.7933853,1788179830.430742,2637.356758117676,none
FAIR,13,baseline,Q14,1788179830.431682,1788179833.0309649,2599.282741546631,none
FAIR,13,baseline,Q18,1788179833.031951,1788179839.4662287,6434.277772903442,none
FAIR,14,baseline,Q1,1788179875.567144,1788179881.4082432,5841.099262237549,none
FAIR,14,baseline,Q3,1788179881.4107661,1788179883.8516629,2440.89674949646,none
FAIR,14,baseline,Q6,1788179883.8523686,1788179885.453339,1600.9705066680908,none
FAIR,14,baseline,Q12,1788179885.4541202,1788179887.511551,2057.4307441711426,none
FAIR,14,baseline,Q14,1788179887.5123749,1788179889.4395247,1927.149772644043,none
FAIR,14,baseline,Q18,1788179889.440296,1788179893.5174212,4077.125310897827,none
FAIR,14,concurrent,Q1,1788179923.3086665,1788179928.0715673,4762.900829315186,concurrent
FAIR,14,concurrent,Q3,1788179928.0740986,1788179930.416914,2342.815399169922,concurrent
FAIR,14,concurrent,Q6,1788179930.418403,1788179932.5484824,2130.079507827759,concurrent
FAIR,14,concurrent,Q12,1788179932.5504482,1788179934.7654662,2215.0180339813232,concurrent
FAIR,14,concurrent,Q14,1788179934.7662754,1788179936.856384,2090.108633041382,concurrent
FAIR,14,concurrent,Q18,1788179936.857207,1788179941.9248312,5067.624092102051,concurrent
FAIR,15,concurrent,Q1,1788179971.0846586,1788179975.9489145,4864.255905151367,concurrent
FAIR,15,concurrent,Q3,1788179975.9513724,1788179978.3099895,2358.617067337036,concurrent
FAIR,15,concurrent,Q6,1788179978.3108008,1788179980.3567524,2045.9516048431396,concurrent
FAIR,15,concurrent,Q12,1788179980.3576214,1788179982.6576438,2300.0223636627197,concurrent
FAIR,15,concurrent,Q14,1788179982.6585143,1788179984.7129643,2054.450035095215,concurrent
FAIR,15,concurrent,Q18,1788179984.714013,1788179989.931202,5217.188835144043,concurrent
FAIR,15,baseline,Q1,1788180018.9734776,1788180023.1730604,4199.582815170288,none
FAIR,15,baseline,Q3,1788180023.1851995,1788180025.3305688,2145.369291305542,none
FAIR,15,baseline,Q6,1788180025.3313818,1788180027.014903,1683.5212707519531,none
FAIR,15,baseline,Q12,1788180027.0154972,1788180029.3841088,2368.6115741729736,none
FAIR,15,baseline,Q14,1788180029.384885,1788180031.1649463,1780.0612449645996,none
FAIR,15,baseline,Q18,1788180031.1658046,1788180035.571068,4405.263423919678,none
FAIR,16,baseline,Q1,1788180063.4362612,1788180068.0723221,4636.060953140259,none
FAIR,16,baseline,Q3,1788180068.0731115,1788180070.2151341,2142.0226097106934,none
FAIR,16,baseline,Q6,1788180070.2160265,1788180071.9658873,1749.8607635498047,none
FAIR,16,baseline,Q12,1788180071.9666803,1788180074.3238792,2357.19895362854,none
FAIR,16,baseline,Q14,1788180074.3251362,1788180076.2538223,1928.6861419677734,none
FAIR,16,baseline,Q18,1788180076.2545295,1788180081.1564288,4901.899337768555,none
FAIR,16,concurrent,Q1,1788180110.098276,1788180115.5005355,5402.259588241577,concurrent
FAIR,16,concurrent,Q3,1788180115.5016387,1788180117.9614158,2459.7771167755127,concurrent
FAIR,16,concurrent,Q6,1788180117.9621103,1788180120.0939896,2131.8793296813965,concurrent
FAIR,16,concurrent,Q12,1788180120.0950983,1788180122.3907197,2295.621395111084,concurrent
FAIR,16,concurrent,Q14,1788180122.3915467,1788180124.7504852,2358.938455581665,concurrent
FAIR,16,concurrent,Q18,1788180124.751409,1788180130.108994,5357.5849533081055,concurrent
FAIR,17,concurrent,Q1,1788180159.7004461,1788180164.395678,4695.231914520264,concurrent
FAIR,17,concurrent,Q3,1788180164.3965538,1788180166.7182465,2321.692705154419,concurrent
FAIR,17,concurrent,Q6,1788180166.7190285,1788180168.8382792,2119.250774383545,concurrent
FAIR,17,concurrent,Q12,1788180168.839024,1788180171.092537,2253.5128593444824,concurrent
FAIR,17,concurrent,Q14,1788180171.0932708,1788180173.1137161,2020.4453468322754,concurrent
FAIR,17,concurrent,Q18,1788180173.1169744,1788180178.4272337,5310.2593421936035,concurrent
FAIR,17,baseline,Q1,1788180207.1967695,1788180211.532331,4335.561513900757,none
FAIR,17,baseline,Q3,1788180211.5336847,1788180213.6168768,2083.1921100616455,none
FAIR,17,baseline,Q6,1788180213.6176262,1788180215.3068588,1689.232587814331,none
FAIR,17,baseline,Q12,1788180215.307754,1788180217.6067991,2299.0450859069824,none
FAIR,17,baseline,Q14,1788180217.6074889,1788180219.4762776,1868.788719177246,none
FAIR,17,baseline,Q18,1788180219.4768765,1788180224.1381497,4661.273241043091,none
FAIR,18,baseline,Q1,1788180250.9807742,1788180254.8947976,3914.0233993530273,none
FAIR,18,baseline,Q3,1788180254.896022,1788180257.110865,2214.8430347442627,none
FAIR,18,baseline,Q6,1788180257.111676,1788180258.7126608,1600.984811782837,none
FAIR,18,baseline,Q12,1788180258.7135289,1788180260.6975956,1984.0667247772217,none
FAIR,18,baseline,Q14,1788180260.6998327,1788180262.568543,1868.7102794647217,none
FAIR,18,baseline,Q18,1788180262.5693772,1788180266.7779408,4208.563566207886,none
FAIR,18,concurrent,Q1,1788180294.4858778,1788180299.1884723,4702.594518661499,concurrent
FAIR,18,concurrent,Q3,1788180299.1900687,1788180301.317014,2126.9452571868896,concurrent
FAIR,18,concurrent,Q6,1788180301.317788,1788180303.109759,1791.971206665039,concurrent
FAIR,18,concurrent,Q12,1788180303.110976,1788180305.5932806,2482.304573059082,concurrent
FAIR,18,concurrent,Q14,1788180305.5940251,1788180307.5132198,1919.1946983337402,concurrent
FAIR,18,concurrent,Q18,1788180307.5140426,1788180312.4730947,4959.052085876465,concurrent
FAIR,19,concurrent,Q1,1788180340.8770912,1788180345.2382138,4361.122608184814,concurrent
FAIR,19,concurrent,Q3,1788180345.2390413,1788180347.4290054,2189.9640560150146,concurrent
FAIR,19,concurrent,Q6,1788180347.436528,1788180349.1917982,1755.27024269104,concurrent
FAIR,19,concurrent,Q12,1788180349.194156,1788180351.6433332,2449.1772651672363,concurrent
FAIR,19,concurrent,Q14,1788180351.645035,1788180353.5742443,1929.2092323303223,concurrent
FAIR,19,concurrent,Q18,1788180353.5752597,1788180358.5326843,4957.424640655518,concurrent
FAIR,19,baseline,Q1,1788180385.2487664,1788180389.1702957,3921.5292930603027,none
FAIR,19,baseline,Q3,1788180389.171082,1788180391.4014175,2230.335474014282,none
FAIR,19,baseline,Q6,1788180391.4021668,1788180393.0099664,1607.7995300292969,none
FAIR,19,baseline,Q12,1788180393.010736,1788180394.9916751,1980.9391498565674,none
FAIR,19,baseline,Q14,1788180394.9940002,1788180396.982964,1988.9638423919678,none
FAIR,19,baseline,Q18,1788180396.9839396,1788180401.2049928,4221.053123474121,none
FAIR,20,baseline,Q1,1788180427.4319217,1788180431.28517,3853.248357772827,none
FAIR,20,baseline,Q3,1788180431.2860653,1788180433.4175928,2131.5274238586426,none
FAIR,20,baseline,Q6,1788180433.4184449,1788180435.0157862,1597.3412990570068,none
FAIR,20,baseline,Q12,1788180435.0166283,1788180436.9390223,1922.394037246704,none
FAIR,20,baseline,Q14,1788180436.9411616,1788180438.947115,2005.953311920166,none
FAIR,20,baseline,Q18,1788180438.9479182,1788180443.13104,4183.121919631958,none
FAIR,20,concurrent,Q1,1788180470.8560228,1788180475.1809895,4324.966669082642,concurrent
FAIR,20,concurrent,Q3,1788180475.1833885,1788180477.414935,2231.546640396118,concurrent
FAIR,20,concurrent,Q6,1788180477.415612,1788180479.5294068,2113.7948036193848,concurrent
FAIR,20,concurrent,Q12,1788180479.5302045,1788180481.719816,2189.6114349365234,concurrent
FAIR,20,concurrent,Q14,1788180481.7205873,1788180483.656317,1935.729742050171,concurrent
FAIR,20,concurrent,Q18,1788180483.6572018,1788180488.5827641,4925.562381744385,concurrent
FAIR,21,concurrent,Q1,1788180516.7526648,1788180521.1067088,4354.043960571289,concurrent
FAIR,21,concurrent,Q3,1788180521.1075656,1788180523.253956,2146.390438079834,concurrent
FAIR,21,concurrent,Q6,1788180523.2547169,1788180525.370506,2115.7891750335693,concurrent
FAIR,21,concurrent,Q12,1788180525.371299,1788180527.515449,2144.1500186920166,concurrent
FAIR,21,concurrent,Q14,1788180527.5162115,1788180529.4400504,1923.8388538360596,concurrent
FAIR,21,concurrent,Q18,1788180529.4408348,1788180534.3511882,4910.353422164917,concurrent
FAIR,21,baseline,Q1,1788180561.0825195,1788180564.9953,3912.780523300171,none
FAIR,21,baseline,Q3,1788180564.9973872,1788180566.9605346,1963.1474018096924,none
FAIR,21,baseline,Q6,1788180566.9612453,1788180568.5744767,1613.2314205169678,none
FAIR,21,baseline,Q12,1788180568.5753148,1788180570.6194525,2044.137716293335,none
FAIR,21,baseline,Q14,1788180570.6213424,1788180572.4236603,1802.3178577423096,none
FAIR,21,baseline,Q18,1788180572.4245481,1788180576.6338189,4209.270715713501,none
