scheduler_mode,repetition,run_type,query,job_id,stage_id,submission_time,completion_time,duration_ms,num_tasks,max_concurrency,overlap_duration_ms
FAIR,0,baseline,Q1,0,0,1788178286015,1788178290343,4328,7,7,0.0
FAIR,0,baseline,Q1,1,2,1788178290659,1788178290828,169,1,1,0.0
FAIR,0,baseline,Q1,2,4,1788178290850,1788178290911,61,1,1,0.0
FAIR,0,baseline,Q1,3,7,1788178290970,1788178291051,81,1,1,0.0
FAIR,0,baseline,Q1,4,8,1788178293089,1788178294144,1055,7,7,0.0
FAIR,0,baseline,Q1,5,9,1788178293113,1788178293297,184,1,1,0.0
FAIR,0,baseline,Q3,6,10,1788178293501,1788178294138,637,1,1,0.0
FAIR,0,baseline,Q3,7,12,1788178294187,1788178294415,228,1,1,0.0
FAIR,0,baseline,Q3,8,14,1788178294643,1788178295160,517,17,17,0.0
FAIR,0,baseline,Q3,9,15,1788178296968,1788178297475,507,7,7,0.0
FAIR,0,baseline,Q6,10,17,1788178297509,1788178297522,13,1,1,0.0
FAIR,0,baseline,Q6,11,18,1788178299220,1788178299924,704,1,1,0.0
FAIR,0,baseline,Q6,12,19,1788178299247,1788178299827,580,7,7,0.0
FAIR,0,baseline,Q12,13,21,1788178299855,1788178299880,25,1,1,0.0
FAIR,0,baseline,Q12,14,23,1788178299996,1788178300258,262,14,14,0.0
FAIR,0,baseline,Q12,15,26,1788178300307,1788178300325,18,1,1,0.0
FAIR,0,baseline,Q12,16,29,1788178300330,1788178300345,15,1,1,0.0
FAIR,0,baseline,Q12,17,33,1788178300373,1788178300389,16,1,1,0.0
FAIR,0,baseline,Q12,18,34,1788178302302,1788178302400,98,1,1,0.0
FAIR,0,baseline,Q14,19,35,1788178302519,1788178303013,494,7,7,0.0
FAIR,0,baseline,Q14,20,37,1788178303052,1788178303065,13,1,1,0.0
FAIR,0,baseline,Q14,21,38,1788178304792,1788178305075,283,1,1,0.0
FAIR,0,baseline,Q14,22,39,1788178304795,1788178306550,1755,1,1,0.0
FAIR,0,baseline,Q14,23,40,1788178304824,1788178307118,2294,7,7,0.0
FAIR,0,baseline,Q14,24,41,1788178304840,1788178306483,1643,7,7,0.0
FAIR,0,baseline,Q18,25,45,1788178307282,1788178309223,1941,17,17,0.0
FAIR,0,concurrent,compaction,26,46,1788178343596,1788178367184,23588,1,1,0.0
FAIR,0,concurrent,Q1,27,47,1788178345932,1788178349005,3073,7,7,0.0
FAIR,0,concurrent,Q1,28,49,1788178349065,1788178349083,18,1,1,0.0
FAIR,0,concurrent,Q1,29,51,1788178349087,1788178349105,18,1,1,0.0
FAIR,0,concurrent,Q1,30,54,1788178349128,1788178349140,12,1,1,0.0
FAIR,0,concurrent,Q3,31,55,1788178351587,1788178352369,782,7,7,0.0
FAIR,0,concurrent,Q3,32,56,1788178351592,1788178351677,85,1,1,0.0
FAIR,0,concurrent,Q3,33,57,1788178351738,1788178352239,501,1,1,0.0
FAIR,0,concurrent,Q3,34,59,1788178352305,1788178352373,68,1,1,0.0
FAIR,0,concurrent,Q3,35,61,1788178352485,1788178352631,146,17,16,0.0
FAIR,0,concurrent,Q3,36,62,1788178354706,1788178355088,382,7,7,0.0
FAIR,0,concurrent,Q6,37,64,1788178355103,1788178355110,7,1,1,0.0
FAIR,0,concurrent,Q12,38,65,1788178357622,1788178358317,695,1,1,0.0
FAIR,0,concurrent,Q12,39,66,1788178357631,1788178358130,499,7,7,0.0
FAIR,0,concurrent,Q12,40,68,1788178358146,1788178358164,18,1,1,0.0
FAIR,0,concurrent,Q12,41,70,1788178358343,1788178358417,74,14,14,0.0
FAIR,0,concurrent,Q12,42,73,1788178358444,1788178358455,11,1,1,0.0
FAIR,0,concurrent,Q12,43,76,1788178358458,1788178358470,12,1,1,0.0
FAIR,0,concurrent,Q12,44,80,1788178358496,1788178358509,13,1,1,0.0
FAIR,0,concurrent,Q12,45,81,1788178360493,1788178360578,85,1,1,0.0
FAIR,0,concurrent,Q14,46,82,1788178360672,1788178361066,394,7,7,0.0
FAIR,0,concurrent,Q14,47,84,1788178361086,1788178361095,9,1,1,0.0
FAIR,0,concurrent,Q18,48,85,1788178363353,1788178364696,1343,1,1,0.0
FAIR,0,concurrent,Q18,49,86,1788178363361,1788178363511,150,1,1,0.0
FAIR,0,concurrent,Q18,50,87,1788178363365,1788178365035,1670,7,7,0.0
FAIR,0,concurrent,Q18,51,88,1788178363371,1788178364400,1029,7,7,0.0
FAIR,0,concurrent,Q18,52,92,1788178365108,1788178366630,1522,17,16,0.0
FAIR,1,concurrent,compaction,53,93,1788178400137,1788178419933,19796,1,1,0.0
FAIR,1,concurrent,Q1,54,94,1788178402108,1788178404703,2595,7,7,0.0
FAIR,1,concurrent,Q1,55,96,1788178404730,1788178404739,9,1,1,0.0
FAIR,1,concurrent,Q1,56,98,1788178404742,1788178404753,11,1,1,0.0
FAIR,1,concurrent,Q1,57,101,1788178404767,1788178404774,7,1,1,0.0
FAIR,1,concurrent,Q1,58,102,1788178406404,1788178406994,590,7,7,0.0
FAIR,1,concurrent,Q1,59,103,1788178406411,1788178406490,79,1,1,0.0
FAIR,1,concurrent,Q1,60,104,1788178406527,1788178406915,388,1,1,0.0
FAIR,1,concurrent,Q3,61,106,1788178406934,1788178406980,46,1,1,0.0
FAIR,1,concurrent,Q3,62,108,1788178407075,1788178407209,134,17,16,0.0
FAIR,1,concurrent,Q3,63,109,1788178409122,1788178409397,275,7,7,0.0
FAIR,1,concurrent,Q6,64,111,1788178409407,1788178409413,6,1,1,0.0
FAIR,1,concurrent,Q6,65,112,1788178411052,1788178411656,604,1,1,0.0
FAIR,1,concurrent,Q6,66,113,1788178411061,1788178411465,404,7,7,0.0
FAIR,1,concurrent,Q12,67,115,1788178411478,1788178411501,23,1,1,0.0
FAIR,1,concurrent,Q12,68,117,1788178411679,1788178411732,53,14,14,0.0
FAIR,1,concurrent,Q12,69,120,1788178411750,1788178411761,11,1,1,0.0
FAIR,1,concurrent,Q12,70,123,1788178411763,1788178411774,11,1,1,0.0
FAIR,1,concurrent,Q12,71,127,1788178411792,1788178411799,7,1,1,0.0
FAIR,1,concurrent,Q12,72,128,1788178413683,1788178413851,168,1,1,0.0
FAIR,1,concurrent,Q14,73,129,1788178413926,1788178414286,360,7,7,0.0
FAIR,1,concurrent,Q14,74,131,1788178414299,1788178414304,5,1,1,0.0
FAIR,1,concurrent,Q14,75,132,1788178416028,1788178417331,1303,1,1,0.0
FAIR,1,concurrent,Q14,76,133,1788178416041,1788178416235,194,1,1,0.0
FAIR,1,concurrent,Q14,77,134,1788178416050,1788178417865,1815,7,7,0.0
FAIR,1,concurrent,Q14,78,135,1788178416056,1788178417209,1153,7,7,0.0
FAIR,1,concurrent,Q18,79,139,1788178417957,1788178419310,1353,17,16,0.0
FAIR,1,baseline,Q1,80,140,1788178450437,1788178452720,2283,7,7,0.0
FAIR,1,baseline,Q1,81,142,1788178452749,1788178452757,8,1,1,0.0
FAIR,1,baseline,Q1,82,144,1788178452759,1788178452768,9,1,1,0.0
FAIR,1,baseline,Q1,83,147,1788178452781,1788178452788,7,1,1,0.0
FAIR,1,baseline,Q1,84,148,1788178454335,1788178454836,501,7,7,0.0
FAIR,1,baseline,Q1,85,149,1788178454339,1788178454388,49,1,1,0.0
FAIR,1,baseline,Q1,86,150,1788178454416,1788178454737,321,1,1,0.0
FAIR,1,baseline,Q1,87,152,1788178454754,1788178454811,57,1,1,0.0
FAIR,1,baseline,Q3,88,154,1788178454878,1788178454972,94,17,17,0.0
FAIR,1,baseline,Q3,89,155,1788178456355,1788178456687,332,7,7,0.0
FAIR,1,baseline,Q3,90,157,1788178456698,1788178456704,6,1,1,0.0
FAIR,1,baseline,Q6,91,158,1788178458614,1788178459179,565,1,1,0.0
FAIR,1,baseline,Q6,92,159,1788178458619,1788178458994,375,7,7,0.0
FAIR,1,baseline,Q12,93,161,1788178459006,1788178459024,18,1,1,0.0
FAIR,1,baseline,Q12,94,163,1788178459200,1788178459250,50,14,14,0.0
FAIR,1,baseline,Q12,95,166,1788178459268,1788178459276,8,1,1,0.0
FAIR,1,baseline,Q12,96,169,1788178459278,1788178459286,8,1,1,0.0
FAIR,1,baseline,Q12,97,173,1788178459305,1788178459313,8,1,1,0.0
FAIR,1,baseline,Q12,98,174,1788178460911,1788178460977,66,1,1,0.0
FAIR,1,baseline,Q12,99,175,1788178461053,1788178461309,256,7,7,0.0
FAIR,1,baseline,Q12,100,177,1788178461319,1788178461323,4,1,1,0.0
FAIR,1,baseline,Q14,101,178,1788178463050,1788178464262,1212,1,1,0.0
FAIR,1,baseline,Q14,102,179,1788178463063,1788178463231,168,1,1,0.0
FAIR,1,baseline,Q14,103,180,1788178463066,1788178464748,1682,7,7,0.0
FAIR,1,baseline,Q14,104,181,1788178463069,1788178464169,1100,7,7,0.0
FAIR,1,baseline,Q18,105,185,1788178464801,1788178466041,1240,17,17,0.0
FAIR,2,baseline,Q1,106,186,1788178498989,1788178501640,2651,7,7,0.0
FAIR,2,baseline,Q1,107,188,1788178501670,1788178501679,9,1,1,0.0
FAIR,2,baseline,Q1,108,190,1788178501681,1788178501691,10,1,1,0.0
FAIR,2,baseline,Q1,109,193,1788178501703,1788178501710,7,1,1,0.0
FAIR,2,baseline,Q1,110,194,1788178503244,1788178503781,537,7,7,0.0
FAIR,2,baseline,Q1,111,195,1788178503247,1788178503318,71,1,1,0.0
FAIR,2,baseline,Q1,112,196,1788178503348,1788178503678,330,1,1,0.0
FAIR,2,baseline,Q1,113,198,1788178503694,1788178503736,42,1,1,0.0
FAIR,2,baseline,Q3,114,200,1788178503818,1788178503934,116,17,17,0.0
FAIR,2,baseline,Q3,115,201,1788178505410,1788178505675,265,7,7,0.0
FAIR,2,baseline,Q3,116,203,1788178505684,1788178505688,4,1,1,0.0
FAIR,2,baseline,Q6,117,204,1788178507424,1788178508041,617,1,1,0.0
FAIR,2,baseline,Q6,118,205,1788178507429,1788178507780,351,7,7,0.0
FAIR,2,baseline,Q12,119,207,1788178507794,1788178507823,29,1,1,0.0
FAIR,2,baseline,Q12,120,209,1788178508063,1788178508113,50,14,14,0.0
FAIR,2,baseline,Q12,121,212,1788178508131,1788178508137,6,1,1,0.0
FAIR,2,baseline,Q12,122,215,1788178508139,1788178508146,7,1,1,0.0
FAIR,2,baseline,Q12,123,219,1788178508159,1788178508165,6,1,1,0.0
FAIR,2,baseline,Q12,124,220,1788178509715,1788178509775,60,1,1,0.0
FAIR,2,baseline,Q12,125,221,1788178509844,1788178510106,262,7,7,0.0
FAIR,2,baseline,Q12,126,223,1788178510116,1788178510120,4,1,1,0.0
FAIR,2,baseline,Q14,127,224,1788178511647,1788178512914,1267,1,1,0.0
FAIR,2,baseline,Q14,128,225,1788178511651,1788178511803,152,1,1,0.0
FAIR,2,baseline,Q14,129,226,1788178511658,1788178513369,1711,7,7,0.0
FAIR,2,baseline,Q14,130,227,1788178511663,1788178512926,1263,7,7,0.0
FAIR,2,baseline,Q18,131,231,1788178513422,1788178514530,1108,17,17,0.0
FAIR,2,concurrent,compaction,132,232,1788178545654,1788178564861,19207,1,1,0.0
FAIR,2,concurrent,Q1,133,233,1788178547976,1788178550522,2546,7,7,0.0
FAIR,2,concurrent,Q1,134,235,1788178550552,1788178550560,8,1,1,0.0
FAIR,2,concurrent,Q1,135,237,1788178550562,1788178550572,10,1,1,0.0
FAIR,2,concurrent,Q1,136,240,1788178550585,1788178550591,6,1,1,0.0
FAIR,2,concurrent,Q1,137,241,1788178552206,1788178553035,829,7,7,0.0
FAIR,2,concurrent,Q1,138,242,1788178552211,1788178552279,68,1,1,0.0
FAIR,2,concurrent,Q1,139,243,1788178552312,1788178552815,503,1,1,0.0
FAIR,2,concurrent,Q3,140,245,1788178552833,1788178552881,48,1,1,0.0
FAIR,2,concurrent,Q3,141,247,1788178553066,1788178553190,124,17,17,0.0
FAIR,2,concurrent,Q3,142,248,1788178554927,1788178555198,271,7,7,0.0
FAIR,2,concurrent,Q3,143,250,1788178555206,1788178555212,6,1,1,0.0
FAIR,2,concurrent,Q6,144,251,1788178556841,1788178557372,531,1,1,0.0
FAIR,2,concurrent,Q6,145,252,1788178556848,1788178557207,359,7,7,0.0
FAIR,2,concurrent,Q6,146,254,1788178557221,1788178557236,15,1,1,0.0
FAIR,2,concurrent,Q12,147,256,1788178557393,1788178557433,40,14,14,0.0
FAIR,2,concurrent,Q12,148,259,1788178557450,1788178557457,7,1,1,0.0
FAIR,2,concurrent,Q12,149,262,1788178557458,1788178557466,8,1,1,0.0
FAIR,2,concurrent,Q12,150,266,1788178557480,1788178557485,5,1,1,0.0
FAIR,2,concurrent,Q12,151,267,1788178559358,1788178559438,80,1,1,0.0
FAIR,2,concurrent,Q12,152,268,1788178559513,1788178559853,340,7,7,0.0
FAIR,2,concurrent,Q14,153,270,1788178559862,1788178559866,4,1,1,0.0
FAIR,2,concurrent,Q14,154,271,1788178561514,1788178562770,1256,1,1,0.0
FAIR,2,concurrent,Q14,155,272,1788178561518,1788178561636,118,1,1,0.0
FAIR,2,concurrent,Q14,156,273,1788178561528,1788178563036,1508,7,7,0.0
FAIR,2,concurrent,Q14,157,274,1788178561531,1788178562374,843,7,7,0.0
FAIR,2,concurrent,Q18,158,278,1788178563101,1788178564335,1234,17,16,0.0
FAIR,3,concurrent,compaction,159,279,1788178595697,1788178618127,22430,1,1,0.0
FAIR,3,concurrent,Q1,160,280,1788178597673,1788178600865,3192,7,7,0.0
FAIR,3,concurrent,Q1,161,282,1788178600901,1788178600911,10,1,1,0.0
FAIR,3,concurrent,Q1,162,284,1788178600913,1788178600925,12,1,1,0.0
FAIR,3,concurrent,Q1,163,287,1788178600940,1788178600948,8,1,1,0.0
FAIR,3,concurrent,Q1,164,288,1788178602991,1788178603630,639,7,7,0.0
FAIR,3,concurrent,Q1,165,289,1788178603011,1788178603119,108,1,1,0.0
FAIR,3,concurrent,Q3,166,290,1788178603177,1788178603565,388,1,1,0.0
FAIR,3,concurrent,Q3,167,292,1788178603584,1788178603635,51,1,1,0.0
FAIR,3,concurrent,Q3,168,294,1788178603775,1788178603945,170,17,16,0.0
FAIR,3,concurrent,Q6,169,295,1788178606221,1788178606535,314,7,7,0.0
FAIR,3,concurrent,Q6,170,297,1788178606548,1788178606553,5,1,1,0.0
FAIR,3,concurrent,Q6,171,298,1788178608434,1788178609051,617,1,1,0.0
FAIR,3,concurrent,Q6,172,299,1788178608440,1788178608820,380,7,7,0.0
FAIR,3,concurrent,Q12,173,301,1788178608836,1788178608857,21,1,1,0.0
FAIR,3,concurrent,Q12,174,303,1788178609085,1788178609153,68,14,14,0.0
FAIR,3,concurrent,Q12,175,306,1788178609175,1788178609185,10,1,1,0.0
FAIR,3,concurrent,Q12,176,309,1788178609188,1788178609199,11,1,1,0.0
FAIR,3,concurrent,Q12,177,313,1788178609215,1788178609224,9,1,1,0.0
FAIR,3,concurrent,Q14,178,314,1788178611814,1788178611898,84,1,1,0.0
FAIR,3,concurrent,Q14,179,315,1788178611990,1788178612378,388,7,7,0.0
FAIR,3,concurrent,Q14,180,317,1788178612395,1788178612403,8,1,1,0.0
FAIR,3,concurrent,Q14,181,318,1788178614414,1788178615861,1447,1,1,0.0
FAIR,3,concurrent,Q14,182,319,1788178614420,1788178614624,204,1,1,0.0
FAIR,3,concurrent,Q14,183,320,1788178614427,1788178616597,2170,7,7,0.0
FAIR,3,concurrent,Q14,184,321,1788178614434,1788178615623,1189,7,7,0.0
FAIR,3,concurrent,Q18,185,325,1788178616673,1788178618165,1492,17,16,0.0
FAIR,3,baseline,Q1,186,326,1788178652908,1788178655753,2845,7,7,0.0
FAIR,3,baseline,Q1,187,328,1788178655786,1788178655795,9,1,1,0.0
FAIR,3,baseline,Q1,188,330,1788178655796,1788178655807,11,1,1,0.0
FAIR,3,baseline,Q1,189,333,1788178655821,1788178655828,7,1,1,0.0
FAIR,3,baseline,Q1,190,334,1788178657424,1788178657961,537,7,7,0.0
FAIR,3,baseline,Q1,191,335,1788178657428,1788178657473,45,1,1,0.0
FAIR,3,baseline,Q1,192,336,1788178657532,1788178657875,343,1,1,0.0
FAIR,3,baseline,Q3,193,338,1788178657893,1788178657948,55,1,1,0.0
FAIR,3,baseline,Q3,194,340,1788178658020,1788178658122,102,17,17,0.0
FAIR,3,baseline,Q3,195,341,1788178659688,1788178659968,280,7,7,0.0
FAIR,3,baseline,Q3,196,343,1788178659976,1788178659980,4,1,1,0.0
FAIR,3,baseline,Q6,197,344,1788178661819,1788178662362,543,1,1,0.0
FAIR,3,baseline,Q6,198,345,1788178661827,1788178662163,336,7,7,0.0
FAIR,3,baseline,Q12,199,347,1788178662174,1788178662187,13,1,1,0.0
FAIR,3,baseline,Q12,200,349,1788178662383,1788178662436,53,14,14,0.0
FAIR,3,baseline,Q12,201,352,1788178662453,1788178662461,8,1,1,0.0
FAIR,3,baseline,Q12,202,355,1788178662463,1788178662472,9,1,1,0.0
FAIR,3,baseline,Q12,203,359,1788178662489,1788178662496,7,1,1,0.0
FAIR,3,baseline,Q12,204,360,1788178664176,1788178664240,64,1,1,0.0
FAIR,3,baseline,Q12,205,361,1788178664318,1788178664570,252,7,7,0.0
FAIR,3,baseline,Q14,206,363,1788178664580,1788178664584,4,1,1,0.0
FAIR,3,baseline,Q14,207,364,1788178666465,1788178667766,1301,1,1,0.0
FAIR,3,baseline,Q14,208,365,1788178666479,1788178666662,183,1,1,0.0
FAIR,3,baseline,Q14,209,366,1788178666482,1788178668161,1679,7,7,0.0
FAIR,3,baseline,Q14,210,367,1788178666487,1788178667514,1027,7,7,0.0
FAIR,3,baseline,Q18,211,371,1788178668225,1788178669648,1423,17,17,0.0
FAIR,4,baseline,Q1,212,372,1788178704478,1788178707753,3275,7,7,0.0
FAIR,4,baseline,Q1,213,374,1788178707786,1788178707796,10,1,1,0.0
FAIR,4,baseline,Q1,214,376,1788178707798,1788178707810,12,1,1,0.0
FAIR,4,baseline,Q1,215,379,1788178707827,1788178707837,10,1,1,0.0
FAIR,4,baseline,Q1,216,380,1788178709903,1788178710542,639,7,7,0.0
FAIR,4,baseline,Q1,217,381,1788178709909,1788178709989,80,1,1,0.0
FAIR,4,baseline,Q3,218,382,1788178710025,1788178710397,372,1,1,0.0
FAIR,4,baseline,Q3,219,384,1788178710418,1788178710501,83,1,1,0.0
FAIR,4,baseline,Q3,220,386,1788178710617,1788178710741,124,17,17,0.0
FAIR,4,baseline,Q6,221,387,1788178712917,1788178713220,303,7,7,0.0
FAIR,4,baseline,Q6,222,389,1788178713233,1788178713237,4,1,1,0.0
FAIR,4,baseline,Q6,223,390,1788178715103,1788178715753,650,1,1,0.0
FAIR,4,baseline,Q6,224,391,1788178715108,1788178715546,438,7,7,0.0
FAIR,4,baseline,Q12,225,393,1788178715567,1788178715589,22,1,1,0.0
FAIR,4,baseline,Q12,226,395,1788178715776,1788178715838,62,14,14,0.0
FAIR,4,baseline,Q12,227,398,1788178715860,1788178715868,8,1,1,0.0
FAIR,4,baseline,Q12,228,401,1788178715870,1788178715880,10,1,1,0.0
FAIR,4,baseline,Q12,229,405,1788178715894,1788178715901,7,1,1,0.0
FAIR,4,baseline,Q14,230,406,1788178718057,1788178718133,76,1,1,0.0
FAIR,4,baseline,Q14,231,407,1788178718218,1788178718485,267,7,7,0.0
FAIR,4,baseline,Q14,232,409,1788178718497,1788178718502,5,1,1,0.0
FAIR,4,baseline,Q14,233,410,1788178720448,1788178721790,1342,1,1,0.0
FAIR,4,baseline,Q14,234,411,1788178720453,1788178720656,203,1,1,0.0
FAIR,4,baseline,Q14,235,412,1788178720461,1788178722273,1812,7,7,0.0
FAIR,4,baseline,Q14,236,413,1788178720465,1788178721593,1128,7,7,0.0
FAIR,4,baseline,Q18,237,417,1788178722349,1788178723829,1480,17,17,0.0
FAIR,4,concurrent,compaction,238,418,1788178762651,1788178787334,24683,1,1,0.0
FAIR,4,concurrent,Q1,239,419,1788178764968,1788178768277,3309,7,7,0.0
FAIR,4,concurrent,Q1,240,421,1788178768313,1788178768324,11,1,1,0.0
FAIR,4,concurrent,Q1,241,423,1788178768327,1788178768338,11,1,1,0.0
FAIR,4,concurrent,Q1,242,426,1788178768353,1788178768362,9,1,1,0.0
FAIR,4,concurrent,Q3,243,427,1788178770622,1788178771275,653,7,7,0.0
FAIR,4,concurrent,Q3,244,428,1788178770627,1788178770693,66,1,1,0.0
FAIR,4,concurrent,Q3,245,429,1788178770734,1788178771162,428,1,1,0.0
FAIR,4,concurrent,Q3,246,431,1788178771178,1788178771232,54,1,1,0.0
FAIR,4,concurrent,Q3,247,433,1788178771353,1788178771490,137,17,17,0.0
FAIR,4,concurrent,Q3,248,434,1788178773512,1788178773853,341,7,7,0.0
FAIR,4,concurrent,Q6,249,436,1788178773866,1788178773871,5,1,1,0.0
FAIR,4,concurrent,Q12,250,437,1788178776236,1788178777033,797,1,1,0.0
FAIR,4,concurrent,Q12,251,438,1788178776244,1788178776804,560,7,7,0.0
FAIR,4,concurrent,Q12,252,440,1788178776820,1788178776838,18,1,1,0.0
FAIR,4,concurrent,Q12,253,442,1788178777059,1788178777132,73,14,14,0.0
FAIR,4,concurrent,Q12,254,445,1788178777160,1788178777181,21,1,1,0.0
FAIR,4,concurrent,Q12,255,448,1788178777185,1788178777203,18,1,1,0.0
FAIR,4,concurrent,Q12,256,452,1788178777230,1788178777245,15,1,1,0.0
FAIR,4,concurrent,Q14,257,453,1788178779546,1788178779639,93,1,1,0.0
FAIR,4,concurrent,Q14,258,454,1788178779739,1788178780136,397,7,7,0.0
FAIR,4,concurrent,Q14,259,456,1788178780151,1788178780157,6,1,1,0.0
FAIR,4,concurrent,Q18,260,457,1788178782823,1788178784338,1515,1,1,0.0
FAIR,4,concurrent,Q18,261,458,1788178782829,1788178783078,249,1,1,0.0
FAIR,4,concurrent,Q18,262,459,1788178782839,1788178784919,2080,7,7,0.0
FAIR,4,concurrent,Q18,263,460,1788178782844,1788178784156,1312,7,7,0.0
FAIR,4,concurrent,Q18,264,464,1788178785006,1788178786648,1642,17,16,0.0
FAIR,5,concurrent,compaction,265,465,1788178823686,1788178843891,20205,1,1,0.0
FAIR,5,concurrent,Q1,266,466,1788178825900,1788178828551,2651,7,7,0.0
FAIR,5,concurrent,Q1,267,468,1788178828579,1788178828589,10,1,1,0.0
FAIR,5,concurrent,Q1,268,470,1788178828590,1788178828600,10,1,1,0.0
FAIR,5,concurrent,Q1,269,473,1788178828612,1788178828619,7,1,1,0.0
FAIR,5,concurrent,Q1,270,474,1788178830296,1788178831214,918,7,7,0.0
FAIR,5,concurrent,Q1,271,475,1788178830301,1788178830371,70,1,1,0.0
FAIR,5,concurrent,Q1,272,476,1788178830434,1788178831028,594,1,1,0.0
FAIR,5,concurrent,Q3,273,478,1788178831044,1788178831091,47,1,1,0.0
FAIR,5,concurrent,Q3,274,480,1788178831240,1788178831391,151,17,17,0.0
FAIR,5,concurrent,Q3,275,481,1788178832989,1788178833265,276,7,7,0.0
FAIR,5,concurrent,Q3,276,483,1788178833273,1788178833277,4,1,1,0.0
FAIR,5,concurrent,Q6,277,484,1788178834945,1788178835500,555,1,1,0.0
FAIR,5,concurrent,Q6,278,485,1788178834950,1788178835290,340,7,7,0.0
FAIR,5,concurrent,Q6,279,487,1788178835301,1788178835318,17,1,1,0.0
FAIR,5,concurrent,Q12,280,489,1788178835522,1788178835588,66,14,14,0.0
FAIR,5,concurrent,Q12,281,492,1788178835614,1788178835624,10,1,1,0.0
FAIR,5,concurrent,Q12,282,495,1788178835626,1788178835636,10,1,1,0.0
FAIR,5,concurrent,Q12,283,499,1788178835649,1788178835655,6,1,1,0.0
FAIR,5,concurrent,Q12,284,500,1788178837694,1788178837765,71,1,1,0.0
FAIR,5,concurrent,Q14,285,501,1788178837834,1788178838157,323,7,7,0.0
FAIR,5,concurrent,Q14,286,503,1788178838167,1788178838171,4,1,1,0.0
FAIR,5,concurrent,Q14,287,504,1788178839974,1788178841241,1267,1,1,0.0
FAIR,5,concurrent,Q14,288,505,1788178839985,1788178840160,175,1,1,0.0
FAIR,5,concurrent,Q14,289,506,1788178839988,1788178841780,1792,7,7,0.0
FAIR,5,concurrent,Q14,290,507,1788178839992,1788178841048,1056,7,7,0.0
FAIR,5,concurrent,Q18,291,511,1788178841848,1788178843521,1673,17,16,0.0
FAIR,5,baseline,Q1,292,512,1788178875491,1788178878024,2533,7,7,0.0
FAIR,5,baseline,Q1,293,514,1788178878068,1788178878084,16,1,1,0.0
FAIR,5,baseline,Q1,294,516,1788178878086,1788178878098,12,1,1,0.0
FAIR,5,baseline,Q1,295,519,1788178878115,1788178878123,8,1,1,0.0
FAIR,5,baseline,Q1,296,520,1788178879699,1788178880166,467,7,7,0.0
FAIR,5,baseline,Q1,297,521,1788178879702,1788178879755,53,1,1,0.0
FAIR,5,baseline,Q1,298,522,1788178879783,1788178880062,279,1,1,0.0
FAIR,5,baseline,Q1,299,524,1788178880075,1788178880117,42,1,1,0.0
FAIR,5,baseline,Q3,300,526,1788178880218,1788178880315,97,17,17,0.0
FAIR,5,baseline,Q3,301,527,1788178881785,1788178882055,270,7,7,0.0
FAIR,5,baseline,Q3,302,529,1788178882063,1788178882066,3,1,1,0.0
FAIR,5,baseline,Q6,303,530,1788178883823,1788178884395,572,1,1,0.0
FAIR,5,baseline,Q6,304,531,1788178883829,1788178884231,402,7,7,0.0
FAIR,5,baseline,Q12,305,533,1788178884244,1788178884262,18,1,1,0.0
FAIR,5,baseline,Q12,306,535,1788178884416,1788178884458,42,14,14,0.0
FAIR,5,baseline,Q12,307,538,1788178884474,1788178884481,7,1,1,0.0
FAIR,5,baseline,Q12,308,541,1788178884482,1788178884489,7,1,1,0.0
FAIR,5,baseline,Q12,309,545,1788178884504,1788178884509,5,1,1,0.0
FAIR,5,baseline,Q12,310,546,1788178885965,1788178886033,68,1,1,0.0
FAIR,5,baseline,Q12,311,547,1788178886102,1788178886338,236,7,7,0.0
FAIR,5,baseline,Q12,312,549,1788178886347,1788178886351,4,1,1,0.0
FAIR,5,baseline,Q14,313,550,1788178887895,1788178889051,1156,1,1,0.0
FAIR,5,baseline,Q14,314,551,1788178887899,1788178888032,133,1,1,0.0
FAIR,5,baseline,Q14,315,552,1788178887909,1788178889424,1515,7,7,0.0
FAIR,5,baseline,Q14,316,553,1788178887913,1788178888855,942,7,7,0.0
FAIR,5,baseline,Q18,317,557,1788178889500,1788178890823,1323,17,17,0.0
FAIR,6,baseline,Q1,318,558,1788178921859,1788178924768,2909,7,7,0.0
FAIR,6,baseline,Q1,319,560,1788178924799,1788178924819,20,1,1,0.0
FAIR,6,baseline,Q1,320,562,1788178924821,1788178924834,13,1,1,0.0
FAIR,6,baseline,Q1,321,565,1788178924854,1788178924876,22,1,1,0.0
FAIR,6,baseline,Q1,322,566,1788178926529,1788178926959,430,7,7,0.0
FAIR,6,baseline,Q1,323,567,1788178926535,1788178926586,51,1,1,0.0
FAIR,6,baseline,Q1,324,568,1788178926615,1788178926876,261,1,1,0.0
FAIR,6,baseline,Q1,325,570,1788178926890,1788178926927,37,1,1,0.0
FAIR,6,baseline,Q3,326,572,1788178926999,1788178927081,82,17,17,0.0
FAIR,6,baseline,Q3,327,573,1788178928600,1788178928920,320,7,7,0.0
FAIR,6,baseline,Q3,328,575,1788178928928,1788178928933,5,1,1,0.0
FAIR,6,baseline,Q6,329,576,1788178930877,1788178931464,587,1,1,0.0
FAIR,6,baseline,Q6,330,577,1788178930881,1788178931290,409,7,7,0.0
FAIR,6,baseline,Q12,331,579,1788178931301,1788178931314,13,1,1,0.0
FAIR,6,baseline,Q12,332,581,1788178931487,1788178931528,41,14,14,0.0
FAIR,6,baseline,Q12,333,584,1788178931544,1788178931549,5,1,1,0.0
FAIR,6,baseline,Q12,334,587,1788178931551,1788178931558,7,1,1,0.0
FAIR,6,baseline,Q12,335,591,1788178931568,1788178931573,5,1,1,0.0
FAIR,6,baseline,Q12,336,592,1788178933068,1788178933138,70,1,1,0.0
FAIR,6,baseline,Q12,337,593,1788178933205,1788178933431,226,7,7,0.0
FAIR,6,baseline,Q12,338,595,1788178933440,1788178933444,4,1,1,0.0
FAIR,6,baseline,Q14,339,596,1788178934993,1788178936416,1423,1,1,0.0
FAIR,6,baseline,Q14,340,597,1788178934999,1788178935124,125,1,1,0.0
FAIR,6,baseline,Q14,341,598,1788178935000,1788178936833,1833,7,7,0.0
FAIR,6,baseline,Q14,342,599,1788178935003,1788178936348,1345,7,7,0.0
FAIR,6,baseline,Q18,343,603,1788178936888,1788178938116,1228,17,17,0.0
FAIR,6,concurrent,compaction,344,604,1788178972341,1788178994631,22290,1,1,0.0
FAIR,6,concurrent,Q1,345,605,1788178974472,1788178977956,3484,7,7,0.0
FAIR,6,concurrent,Q1,346,607,1788178978045,1788178978058,13,1,1,0.0
FAIR,6,concurrent,Q1,347,609,1788178978060,1788178978084,24,1,1,0.0
FAIR,6,concurrent,Q1,348,612,1788178978103,1788178978111,8,1,1,0.0
FAIR,6,concurrent,Q1,349,613,1788178979812,1788178980327,515,7,7,0.0
FAIR,6,concurrent,Q1,350,614,1788178979816,1788178979884,68,1,1,0.0
FAIR,6,concurrent,Q1,351,615,1788178979912,1788178980254,342,1,1,0.0
FAIR,6,concurrent,Q3,352,617,1788178980270,1788178980320,50,1,1,0.0
FAIR,6,concurrent,Q3,353,619,1788178980428,1788178980538,110,17,16,0.0
FAIR,6,concurrent,Q3,354,620,1788178982416,1788178982736,320,7,7,0.0
FAIR,6,concurrent,Q6,355,622,1788178982745,1788178982749,4,1,1,0.0
FAIR,6,concurrent,Q6,356,623,1788178984591,1788178985212,621,1,1,0.0
FAIR,6,concurrent,Q6,357,624,1788178984596,1788178984987,391,7,7,0.0
FAIR,6,concurrent,Q12,358,626,1788178985012,1788178985039,27,1,1,0.0
FAIR,6,concurrent,Q12,359,628,1788178985234,1788178985288,54,14,14,0.0
FAIR,6,concurrent,Q12,360,631,1788178985305,1788178985313,8,1,1,0.0
FAIR,6,concurrent,Q12,361,634,1788178985314,1788178985323,9,1,1,0.0
FAIR,6,concurrent,Q12,362,638,1788178985340,1788178985346,6,1,1,0.0
FAIR,6,concurrent,Q14,363,639,1788178987422,1788178987508,86,1,1,0.0
FAIR,6,concurrent,Q14,364,640,1788178987584,1788178988266,682,7,7,0.0
FAIR,6,concurrent,Q14,365,642,1788178988278,1788178988282,4,1,1,0.0
FAIR,6,concurrent,Q14,366,643,1788178990338,1788178991896,1558,1,1,0.0
FAIR,6,concurrent,Q14,367,644,1788178990350,1788178990603,253,1,1,0.0
FAIR,6,concurrent,Q14,368,645,1788178990353,1788178992379,2026,7,7,0.0
FAIR,6,concurrent,Q18,369,646,1788178990359,1788178991760,1401,7,7,0.0
FAIR,6,concurrent,Q18,370,650,1788178992434,1788178994001,1567,17,16,0.0
FAIR,7,concurrent,compaction,371,651,1788179030803,1788179058097,27294,1,1,0.0
FAIR,7,concurrent,Q1,372,652,1788179033142,1788179037366,4224,7,7,0.0
FAIR,7,concurrent,Q1,373,654,1788179037429,1788179037448,19,1,1,0.0
FAIR,7,concurrent,Q1,374,656,1788179037451,1788179037468,17,1,1,0.0
FAIR,7,concurrent,Q1,375,659,1788179037499,1788179037522,23,1,1,0.0
FAIR,7,concurrent,Q3,376,660,1788179040239,1788179040938,699,7,7,0.0
FAIR,7,concurrent,Q3,377,661,1788179040244,1788179040337,93,1,1,0.0
FAIR,7,concurrent,Q3,378,662,1788179040390,1788179040858,468,1,1,0.0
FAIR,7,concurrent,Q3,379,664,1788179040894,1788179040964,70,1,1,0.0
FAIR,7,concurrent,Q3,380,666,1788179041089,1788179041275,186,17,16,0.0
FAIR,7,concurrent,Q6,381,667,1788179043627,1788179044289,662,7,7,0.0
FAIR,7,concurrent,Q6,382,669,1788179044305,1788179044310,5,1,1,0.0
FAIR,7,concurrent,Q12,383,670,1788179046750,1788179047425,675,1,1,0.0
FAIR,7,concurrent,Q12,384,671,1788179046757,1788179047198,441,7,7,0.0
FAIR,7,concurrent,Q12,385,673,1788179047216,1788179047239,23,1,1,0.0
FAIR,7,concurrent,Q12,386,675,1788179047457,1788179047514,57,14,14,0.0
FAIR,7,concurrent,Q12,387,678,1788179047545,1788179047554,9,1,1,0.0
FAIR,7,concurrent,Q12,388,681,1788179047557,1788179047567,10,1,1,0.0
FAIR,7,concurrent,Q12,389,685,1788179047583,1788179047590,7,1,1,0.0
FAIR,7,concurrent,Q14,390,686,1788179050021,1788179050131,110,1,1,0.0
FAIR,7,concurrent,Q14,391,687,1788179050229,1788179050626,397,7,7,0.0
FAIR,7,concurrent,Q14,392,689,1788179050642,1788179050652,10,1,1,0.0
FAIR,7,concurrent,Q18,393,690,1788179052782,1788179054522,1740,1,1,0.0
FAIR,7,concurrent,Q18,394,691,1788179052793,1788179052974,181,1,1,0.0
FAIR,7,concurrent,Q18,395,692,1788179052796,1788179055126,2330,7,7,0.0
FAIR,7,concurrent,Q18,396,693,1788179052800,1788179054332,1532,7,7,0.0
FAIR,7,concurrent,Q18,397,697,1788179055196,1788179057226,2030,17,16,0.0
FAIR,7,baseline,Q1,398,698,1788179096131,1788179100022,3891,7,7,0.0
FAIR,7,baseline,Q1,399,700,1788179100055,1788179100072,17,1,1,0.0
FAIR,7,baseline,Q1,400,702,1788179100074,1788179100085,11,1,1,0.0
FAIR,7,baseline,Q1,401,705,1788179100103,1788179100110,7,1,1,0.0
FAIR,7,baseline,Q1,402,706,1788179101867,1788179102375,508,7,7,0.0
FAIR,7,baseline,Q1,403,707,1788179101871,1788179101931,60,1,1,0.0
FAIR,7,baseline,Q1,404,708,1788179101964,1788179102292,328,1,1,0.0
FAIR,7,baseline,Q3,405,710,1788179102305,1788179102352,47,1,1,0.0
FAIR,7,baseline,Q3,406,712,1788179102435,1788179102562,127,17,17,0.0
FAIR,7,baseline,Q6,407,713,1788179104685,1788179105005,320,7,7,0.0
FAIR,7,baseline,Q6,408,715,1788179105012,1788179105017,5,1,1,0.0
FAIR,7,baseline,Q6,409,716,1788179106877,1788179107590,713,1,1,0.0
FAIR,7,baseline,Q6,410,717,1788179106884,1788179107402,518,7,7,0.0
FAIR,7,baseline,Q12,411,719,1788179107416,1788179107434,18,1,1,0.0
FAIR,7,baseline,Q12,412,721,1788179107610,1788179107661,51,14,14,0.0
FAIR,7,baseline,Q12,413,724,1788179107678,1788179107686,8,1,1,0.0
FAIR,7,baseline,Q12,414,727,1788179107688,1788179107696,8,1,1,0.0
FAIR,7,baseline,Q12,415,731,1788179107715,1788179107721,6,1,1,0.0
FAIR,7,baseline,Q14,416,732,1788179109825,1788179109895,70,1,1,0.0
FAIR,7,baseline,Q14,417,733,1788179109985,1788179110282,297,7,7,0.0
FAIR,7,baseline,Q14,418,735,1788179110292,1788179110298,6,1,1,0.0
FAIR,7,baseline,Q14,419,736,1788179112246,1788179113868,1622,1,1,0.0
FAIR,7,baseline,Q14,420,737,1788179112268,1788179112443,175,1,1,0.0
FAIR,7,baseline,Q14,421,738,1788179112270,1788179114423,2153,7,7,0.0
FAIR,7,baseline,Q14,422,739,1788179112273,1788179113705,1432,7,7,0.0
FAIR,7,baseline,Q18,423,743,1788179114495,1788179116407,1912,17,17,0.0
FAIR,8,baseline,Q1,424,744,1788179155338,1788179159155,3817,7,7,0.0
FAIR,8,baseline,Q1,425,746,1788179159198,1788179159214,16,1,1,0.0
FAIR,8,baseline,Q1,426,748,1788179159216,1788179159242,26,1,1,0.0
FAIR,8,baseline,Q1,427,751,1788179159259,1788179159266,7,1,1,0.0
FAIR,8,baseline,Q3,428,752,1788179161384,1788179162121,737,7,7,0.0
FAIR,8,baseline,Q3,429,753,1788179161390,1788179161519,129,1,1,0.0
FAIR,8,baseline,Q3,430,754,1788179161594,1788179161991,397,1,1,0.0
FAIR,8,baseline,Q3,431,756,1788179162007,1788179162109,102,1,1,0.0
FAIR,8,baseline,Q3,432,758,1788179162278,1788179162467,189,17,17,0.0
FAIR,8,baseline,Q3,433,759,1788179164255,1788179164558,303,7,7,0.0
FAIR,8,baseline,Q6,434,761,1788179164567,1788179164573,6,1,1,0.0
FAIR,8,baseline,Q12,435,762,1788179166661,1788179167250,589,1,1,0.0
FAIR,8,baseline,Q12,436,763,1788179166668,1788179167028,360,7,7,0.0
FAIR,8,baseline,Q12,437,765,1788179167038,1788179167052,14,1,1,0.0
FAIR,8,baseline,Q12,438,767,1788179167277,1788179167323,46,14,14,0.0
FAIR,8,baseline,Q12,439,770,1788179167339,1788179167347,8,1,1,0.0
FAIR,8,baseline,Q12,440,773,1788179167348,1788179167357,9,1,1,0.0
FAIR,8,baseline,Q12,441,777,1788179167369,1788179167377,8,1,1,0.0
FAIR,8,baseline,Q12,442,778,1788179169185,1788179169257,72,1,1,0.0
FAIR,8,baseline,Q12,443,779,1788179169340,1788179169620,280,7,7,0.0
FAIR,8,baseline,Q14,444,781,1788179169630,1788179169635,5,1,1,0.0
FAIR,8,baseline,Q18,445,782,1788179171894,1788179173361,1467,1,1,0.0
FAIR,8,baseline,Q18,446,783,1788179171899,1788179172092,193,1,1,0.0
FAIR,8,baseline,Q18,447,784,1788179171905,1788179173945,2040,7,7,0.0
FAIR,8,baseline,Q18,448,785,1788179171910,1788179173199,1289,7,7,0.0
FAIR,8,baseline,Q18,449,789,1788179174005,1788179175690,1685,17,17,0.0
FAIR,8,concurrent,compaction,450,790,1788179212436,1788179238658,26222,1,1,0.0
FAIR,8,concurrent,Q1,451,791,1788179214977,1788179219678,4701,7,7,0.0
FAIR,8,concurrent,Q1,452,793,1788179219724,1788179219736,12,1,1,0.0
FAIR,8,concurrent,Q1,453,795,1788179219738,1788179219751,13,1,1,0.0
FAIR,8,concurrent,Q1,454,798,1788179219766,1788179219774,8,1,1,0.0
FAIR,8,concurrent,Q3,455,799,1788179222009,1788179222707,698,7,7,0.0
FAIR,8,concurrent,Q3,456,800,1788179222014,1788179222086,72,1,1,0.0
FAIR,8,concurrent,Q3,457,801,1788179222215,1788179222578,363,1,1,0.0
FAIR,8,concurrent,Q3,458,803,1788179222600,1788179222680,80,1,1,0.0
FAIR,8,concurrent,Q3,459,805,1788179222816,1788179222942,126,17,17,0.0
FAIR,8,concurrent,Q6,460,806,1788179225089,1788179225754,665,7,7,0.0
FAIR,8,concurrent,Q6,461,808,1788179225767,1788179225773,6,1,1,0.0
FAIR,8,concurrent,Q12,462,809,1788179227891,1788179228657,766,1,1,0.0
FAIR,8,concurrent,Q12,463,810,1788179227899,1788179228309,410,7,7,0.0
FAIR,8,concurrent,Q12,464,812,1788179228326,1788179228347,21,1,1,0.0
FAIR,8,concurrent,Q12,465,814,1788179228687,1788179228749,62,14,14,0.0
FAIR,8,concurrent,Q12,466,817,1788179228783,1788179228793,10,1,1,0.0
FAIR,8,concurrent,Q12,467,820,1788179228796,1788179228805,9,1,1,0.0
FAIR,8,concurrent,Q12,468,824,1788179228825,1788179228832,7,1,1,0.0
FAIR,8,concurrent,Q14,469,825,1788179231157,1788179231348,191,1,1,0.0
FAIR,8,concurrent,Q14,470,826,1788179231446,1788179231940,494,7,7,0.0
FAIR,8,concurrent,Q14,471,828,1788179231956,1788179231969,13,1,1,0.0
FAIR,8,concurrent,Q18,472,829,1788179234241,1788179235893,1652,1,1,0.0
FAIR,8,concurrent,Q18,473,830,1788179234246,1788179234615,369,1,1,0.0
FAIR,8,concurrent,Q18,474,831,1788179234256,1788179236493,2237,7,7,0.0
FAIR,8,concurrent,Q18,475,832,1788179234263,1788179235685,1422,7,7,0.0
FAIR,8,concurrent,Q18,476,836,1788179236566,1788179238452,1886,17,16,0.0
FAIR,9,concurrent,compaction,477,837,1788179277925,1788179302791,24866,1,1,0.0
FAIR,9,concurrent,Q1,478,838,1788179280048,1788179284181,4133,7,7,0.0
FAIR,9,concurrent,Q1,479,840,1788179284221,1788179284230,9,1,1,0.0
FAIR,9,concurrent,Q1,480,842,1788179284232,1788179284244,12,1,1,0.0
FAIR,9,concurrent,Q1,481,845,1788179284257,1788179284266,9,1,1,0.0
FAIR,9,concurrent,Q1,482,846,1788179286144,1788179286752,608,7,7,0.0
FAIR,9,concurrent,Q1,483,847,1788179286151,1788179286258,107,1,1,0.0
FAIR,9,concurrent,Q1,484,848,1788179286297,1788179286672,375,1,1,0.0
FAIR,9,concurrent,Q3,485,850,1788179286684,1788179286734,50,1,1,0.0
FAIR,9,concurrent,Q3,486,852,1788179286841,1788179286992,151,17,16,0.0
FAIR,9,concurrent,Q3,487,853,1788179288959,1788179289312,353,7,7,0.0
FAIR,9,concurrent,Q6,488,855,1788179289329,1788179289335,6,1,1,0.0
FAIR,9,concurrent,Q12,489,856,1788179291713,1788179292576,863,1,1,0.0
FAIR,9,concurrent,Q12,490,857,1788179291718,1788179292351,633,7,7,0.0
FAIR,9,concurrent,Q12,491,859,1788179292370,1788179292410,40,1,1,0.0
FAIR,9,concurrent,Q12,492,861,1788179292599,1788179292660,61,14,14,0.0
FAIR,9,concurrent,Q12,493,864,1788179292683,1788179292694,11,1,1,0.0
FAIR,9,concurrent,Q12,494,867,1788179292696,1788179292705,9,1,1,0.0
FAIR,9,concurrent,Q12,495,871,1788179292720,1788179292731,11,1,1,0.0
FAIR,9,concurrent,Q14,496,872,1788179294794,1788179294878,84,1,1,0.0
FAIR,9,concurrent,Q14,497,873,1788179294967,1788179295801,834,7,7,0.0
FAIR,9,concurrent,Q14,498,875,1788179295815,1788179295819,4,1,1,0.0
FAIR,9,concurrent,Q18,499,876,1788179298122,1788179299809,1687,1,1,0.0
FAIR,9,concurrent,Q18,500,877,1788179298129,1788179298325,196,1,1,0.0
FAIR,9,concurrent,Q18,501,878,1788179298132,1788179300514,2382,7,7,0.0
FAIR,9,concurrent,Q18,502,879,1788179298144,1788179299665,1521,7,7,0.0
FAIR,9,concurrent,Q18,503,883,1788179300586,1788179302534,1948,17,16,0.0
FAIR,9,baseline,Q1,504,884,1788179341461,1788179345341,3880,7,7,0.0
FAIR,9,baseline,Q1,505,886,1788179345389,1788179345407,18,1,1,0.0
FAIR,9,baseline,Q1,506,888,1788179345409,1788179345423,14,1,1,0.0
FAIR,9,baseline,Q1,507,891,1788179345442,1788179345449,7,1,1,0.0
FAIR,9,baseline,Q3,508,892,1788179347801,1788179348419,618,7,7,0.0
FAIR,9,baseline,Q3,509,893,1788179347807,1788179347919,112,1,1,0.0
FAIR,9,baseline,Q3,510,894,1788179347961,1788179348351,390,1,1,0.0
FAIR,9,baseline,Q3,511,896,1788179348375,1788179348431,56,1,1,0.0
FAIR,9,baseline,Q3,512,898,1788179348552,1788179348685,133,17,17,0.0
FAIR,9,baseline,Q6,513,899,1788179351257,1788179351567,310,7,7,0.0
FAIR,9,baseline,Q6,514,901,1788179351577,1788179351581,4,1,1,0.0
FAIR,9,baseline,Q12,515,902,1788179353784,1788179354539,755,1,1,0.0
FAIR,9,baseline,Q12,516,903,1788179353789,1788179354321,532,7,7,0.0
FAIR,9,baseline,Q12,517,905,1788179354341,1788179354361,20,1,1,0.0
FAIR,9,baseline,Q12,518,907,1788179354562,1788179354612,50,14,14,0.0
FAIR,9,baseline,Q12,519,910,1788179354631,1788179354640,9,1,1,0.0
FAIR,9,baseline,Q12,520,913,1788179354642,1788179354649,7,1,1,0.0
FAIR,9,baseline,Q12,521,917,1788179354668,1788179354675,7,1,1,0.0
FAIR,9,baseline,Q12,522,918,1788179356431,1788179356504,73,1,1,0.0
FAIR,9,baseline,Q12,523,919,1788179356582,1788179356826,244,7,7,0.0
FAIR,9,baseline,Q14,524,921,1788179356835,1788179356838,3,1,1,0.0
FAIR,9,baseline,Q14,525,922,1788179358860,1788179360434,1574,1,1,0.0
FAIR,9,baseline,Q14,526,923,1788179358867,1788179359032,165,1,1,0.0
FAIR,9,baseline,Q14,527,924,1788179358880,1788179361003,2123,7,7,0.0
FAIR,9,baseline,Q14,528,925,1788179358885,1788179360268,1383,7,7,0.0
FAIR,9,baseline,Q18,529,929,1788179361068,1788179362956,1888,17,17,0.0
FAIR,10,baseline,Q1,530,930,1788179400698,1788179404492,3794,7,7,0.0
FAIR,10,baseline,Q1,531,932,1788179404524,1788179404542,18,1,1,0.0
FAIR,10,baseline,Q1,532,934,1788179404543,1788179404554,11,1,1,0.0
FAIR,10,baseline,Q1,533,937,1788179404568,1788179404576,8,1,1,0.0
FAIR,10,baseline,Q1,534,938,1788179406383,1788179406949,566,7,7,0.0
FAIR,10,baseline,Q1,535,939,1788179406388,1788179406450,62,1,1,0.0
FAIR,10,baseline,Q1,536,940,1788179406491,1788179406853,362,1,1,0.0
FAIR,10,baseline,Q3,537,942,1788179406868,1788179406926,58,1,1,0.0
FAIR,10,baseline,Q3,538,944,1788179407033,1788179407149,116,17,17,0.0
FAIR,10,baseline,Q3,539,945,1788179409173,1788179409455,282,7,7,0.0
FAIR,10,baseline,Q6,540,947,1788179409463,1788179409467,4,1,1,0.0
FAIR,10,baseline,Q6,541,948,1788179411302,1788179412004,702,1,1,0.0
FAIR,10,baseline,Q6,542,949,1788179411307,1788179411792,485,7,7,0.0
FAIR,10,baseline,Q12,543,951,1788179411812,1788179411834,22,1,1,0.0
FAIR,10,baseline,Q12,544,953,1788179412028,1788179412072,44,14,14,0.0
FAIR,10,baseline,Q12,545,956,1788179412104,1788179412111,7,1,1,0.0
FAIR,10,baseline,Q12,546,959,1788179412112,1788179412119,7,1,1,0.0
FAIR,10,baseline,Q12,547,963,1788179412131,1788179412138,7,1,1,0.0
FAIR,10,baseline,Q12,548,964,1788179414177,1788179414250,73,1,1,0.0
FAIR,10,baseline,Q14,549,965,1788179414336,1788179414624,288,7,7,0.0
FAIR,10,baseline,Q14,550,967,1788179414632,1788179414639,7,1,1,0.0
FAIR,10,baseline,Q14,551,968,1788179416463,1788179418010,1547,1,1,0.0
FAIR,10,baseline,Q14,552,969,1788179416467,1788179416640,173,1,1,0.0
FAIR,10,baseline,Q14,553,970,1788179416476,1788179418507,2031,7,7,0.0
FAIR,10,baseline,Q14,554,971,1788179416480,1788179417800,1320,7,7,0.0
FAIR,10,baseline,Q18,555,975,1788179418565,1788179420341,1776,17,17,0.0
FAIR,10,concurrent,compaction,556,976,1788179456190,1788179481263,25073,1,1,0.0
FAIR,10,concurrent,Q1,557,977,1788179458525,1788179462747,4222,7,7,0.0
FAIR,10,concurrent,Q1,558,979,1788179462791,1788179462816,25,1,1,0.0
FAIR,10,concurrent,Q1,559,981,1788179462818,1788179462834,16,1,1,0.0
FAIR,10,concurrent,Q1,560,984,1788179462857,1788179462866,9,1,1,0.0
FAIR,10,concurrent,Q1,561,985,1788179464972,1788179465532,560,7,7,0.0
FAIR,10,concurrent,Q1,562,986,1788179464977,1788179465046,69,1,1,0.0
FAIR,10,concurrent,Q3,563,987,1788179465082,1788179465448,366,1,1,0.0
FAIR,10,concurrent,Q3,564,989,1788179465462,1788179465508,46,1,1,0.0
FAIR,10,concurrent,Q3,565,991,1788179465608,1788179465765,157,17,17,0.0
FAIR,10,concurrent,Q3,566,992,1788179467741,1788179468052,311,7,7,0.0
FAIR,10,concurrent,Q6,567,994,1788179468064,1788179468068,4,1,1,0.0
FAIR,10,concurrent,Q12,568,995,1788179470521,1788179471211,690,1,1,0.0
FAIR,10,concurrent,Q12,569,996,1788179470529,1788179470955,426,7,7,0.0
FAIR,10,concurrent,Q12,570,998,1788179470981,1788179471003,22,1,1,0.0
FAIR,10,concurrent,Q12,571,1000,1788179471230,1788179471304,74,14,14,0.0
FAIR,10,concurrent,Q12,572,1003,1788179471329,1788179471340,11,1,1,0.0
FAIR,10,concurrent,Q12,573,1006,1788179471342,1788179471351,9,1,1,0.0
FAIR,10,concurrent,Q12,574,1010,1788179471371,1788179471380,9,1,1,0.0
FAIR,10,concurrent,Q12,575,1011,1788179473445,1788179473530,85,1,1,0.0
FAIR,10,concurrent,Q14,576,1012,1788179473619,1788179474252,633,7,7,0.0
FAIR,10,concurrent,Q14,577,1014,1788179474265,1788179474270,5,1,1,0.0
FAIR,10,concurrent,Q18,578,1015,1788179476574,1788179478329,1755,1,1,0.0
FAIR,10,concurrent,Q18,579,1016,1788179476587,1788179476775,188,1,1,0.0
FAIR,10,concurrent,Q18,580,1017,1788179476590,1788179478939,2349,7,7,0.0
FAIR,10,concurrent,Q18,581,1018,1788179476594,1788179478133,1539,7,7,0.0
FAIR,10,concurrent,Q18,582,1022,1788179479051,1788179481013,1962,17,16,0.0
FAIR,11,concurrent,compaction,583,1023,1788179520067,1788179544736,24669,1,1,0.0
FAIR,11,concurrent,Q1,584,1024,1788179522468,1788179526739,4271,7,7,0.0
FAIR,11,concurrent,Q1,585,1026,1788179526792,1788179526804,12,1,1,0.0
FAIR,11,concurrent,Q1,586,1028,1788179526808,1788179526822,14,1,1,0.0
FAIR,11,concurrent,Q1,587,1031,1788179526834,1788179526841,7,1,1,0.0
FAIR,11,concurrent,Q1,588,1032,1788179528748,1788179529467,719,7,7,0.0
FAIR,11,concurrent,Q1,589,1033,1788179528754,1788179528830,76,1,1,0.0
FAIR,11,concurrent,Q1,590,1034,1788179528877,1788179529267,390,1,1,0.0
FAIR,11,concurrent,Q3,591,1036,1788179529402,1788179529470,68,1,1,0.0
FAIR,11,concurrent,Q3,592,1038,1788179529574,1788179529725,151,17,16,0.0
FAIR,11,concurrent,Q6,593,1039,1788179532023,1788179532357,334,7,7,0.0
FAIR,11,concurrent,Q6,594,1041,1788179532368,1788179532372,4,1,1,0.0
FAIR,11,concurrent,Q12,595,1042,1788179534473,1788179535239,766,1,1,0.0
FAIR,11,concurrent,Q12,596,1043,1788179534480,1788179535016,536,7,7,0.0
FAIR,11,concurrent,Q12,597,1045,1788179535041,1788179535064,23,1,1,0.0
FAIR,11,concurrent,Q12,598,1047,1788179535263,1788179535312,49,14,14,0.0
FAIR,11,concurrent,Q12,599,1050,1788179535335,1788179535344,9,1,1,0.0
FAIR,11,concurrent,Q12,600,1053,1788179535345,1788179535356,11,1,1,0.0
FAIR,11,concurrent,Q12,601,1057,1788179535369,1788179535375,6,1,1,0.0
FAIR,11,concurrent,Q14,602,1058,1788179537834,1788179537926,92,1,1,0.0
FAIR,11,concurrent,Q14,603,1059,1788179538065,1788179538473,408,7,7,0.0
FAIR,11,concurrent,Q14,604,1061,1788179538486,1788179538493,7,1,1,0.0
FAIR,11,concurrent,Q14,605,1062,1788179540526,1788179542228,1702,1,1,0.0
FAIR,11,concurrent,Q14,606,1063,1788179540531,1788179540764,233,1,1,0.0
FAIR,11,concurrent,Q14,607,1064,1788179540544,1788179543017,2473,7,7,0.0
FAIR,11,concurrent,Q14,608,1065,1788179540549,1788179542108,1559,7,7,0.0
FAIR,11,concurrent,Q18,609,1069,1788179543085,1788179545025,1940,17,16,0.0
FAIR,11,baseline,Q1,610,1070,1788179582849,1788179586598,3749,7,7,0.0
FAIR,11,baseline,Q1,611,1072,1788179586634,1788179586649,15,1,1,0.0
FAIR,11,baseline,Q1,612,1074,1788179586651,1788179586664,13,1,1,0.0
FAIR,11,baseline,Q1,613,1077,1788179586683,1788179586691,8,1,1,0.0
FAIR,11,baseline,Q3,614,1078,1788179588854,1788179589438,584,7,7,0.0
FAIR,11,baseline,Q3,615,1079,1788179588859,1788179588940,81,1,1,0.0
FAIR,11,baseline,Q3,616,1080,1788179588971,1788179589350,379,1,1,0.0
FAIR,11,baseline,Q3,617,1082,1788179589364,1788179589418,54,1,1,0.0
FAIR,11,baseline,Q3,618,1084,1788179589543,1788179589690,147,17,17,0.0
FAIR,11,baseline,Q3,619,1085,1788179591517,1788179591808,291,7,7,0.0
FAIR,11,baseline,Q6,620,1087,1788179591819,1788179591823,4,1,1,0.0
FAIR,11,baseline,Q6,621,1088,1788179593716,1788179594585,869,1,1,0.0
FAIR,11,baseline,Q6,622,1089,1788179593720,1788179594343,623,7,7,0.0
FAIR,11,baseline,Q12,623,1091,1788179594355,1788179594371,16,1,1,0.0
FAIR,11,baseline,Q12,624,1093,1788179594609,1788179594666,57,14,14,0.0
FAIR,11,baseline,Q12,625,1096,1788179594686,1788179594695,9,1,1,0.0
FAIR,11,baseline,Q12,626,1099,1788179594696,1788179594704,8,1,1,0.0
FAIR,11,baseline,Q12,627,1103,1788179594721,1788179594730,9,1,1,0.0
FAIR,11,baseline,Q12,628,1104,1788179596642,1788179596714,72,1,1,0.0
FAIR,11,baseline,Q12,629,1105,1788179596794,1788179597076,282,7,7,0.0
FAIR,11,baseline,Q14,630,1107,1788179597089,1788179597093,4,1,1,0.0
FAIR,11,baseline,Q14,631,1108,1788179598963,1788179600635,1672,1,1,0.0
FAIR,11,baseline,Q14,632,1109,1788179598970,1788179599149,179,1,1,0.0
FAIR,11,baseline,Q14,633,1110,1788179598984,1788179601320,2336,7,7,0.0
FAIR,11,baseline,Q14,634,1111,1788179598989,1788179600549,1560,7,7,0.0
FAIR,11,baseline,Q18,635,1115,1788179601378,1788179603183,1805,17,17,0.0
FAIR,12,baseline,Q1,636,1116,1788179640510,1788179644244,3734,7,7,0.0
FAIR,12,baseline,Q1,637,1118,1788179644287,1788179644295,8,1,1,0.0
FAIR,12,baseline,Q1,638,1120,1788179644297,1788179644306,9,1,1,0.0
FAIR,12,baseline,Q1,639,1123,1788179644318,1788179644338,20,1,1,0.0
FAIR,12,baseline,Q1,640,1124,1788179646168,1788179646714,546,7,7,0.0
FAIR,12,baseline,Q1,641,1125,1788179646172,1788179646232,60,1,1,0.0
FAIR,12,baseline,Q1,642,1126,1788179646263,1788179646613,350,1,1,0.0
FAIR,12,baseline,Q3,643,1128,1788179646628,1788179646694,66,1,1,0.0
FAIR,12,baseline,Q3,644,1130,1788179646798,1788179646922,124,17,17,0.0
FAIR,12,baseline,Q3,645,1131,1788179648588,1788179648865,277,7,7,0.0
FAIR,12,baseline,Q3,646,1133,1788179648873,1788179648876,3,1,1,0.0
FAIR,12,baseline,Q6,647,1134,1788179650811,1788179651476,665,1,1,0.0
FAIR,12,baseline,Q6,648,1135,1788179650816,1788179651259,443,7,7,0.0
FAIR,12,baseline,Q12,649,1137,1788179651274,1788179651292,18,1,1,0.0
FAIR,12,baseline,Q12,650,1139,1788179651494,1788179651539,45,14,14,0.0
FAIR,12,baseline,Q12,651,1142,1788179651556,1788179651564,8,1,1,0.0
FAIR,12,baseline,Q12,652,1145,1788179651565,1788179651572,7,1,1,0.0
FAIR,12,baseline,Q12,653,1149,1788179651586,1788179651592,6,1,1,0.0
FAIR,12,baseline,Q12,654,1150,1788179653308,1788179653371,63,1,1,0.0
FAIR,12,baseline,Q12,655,1151,1788179653447,1788179653707,260,7,7,0.0
FAIR,12,baseline,Q14,656,1153,1788179653715,1788179653721,6,1,1,0.0
FAIR,12,baseline,Q18,657,1154,1788179655795,1788179657477,1682,1,1,0.0
FAIR,12,baseline,Q18,658,1155,1788179655805,1788179656056,251,1,1,0.0
FAIR,12,baseline,Q18,659,1156,1788179655807,1788179658039,2232,7,7,0.0
FAIR,12,baseline,Q18,660,1157,1788179655812,1788179657283,1471,7,7,0.0
FAIR,12,baseline,Q18,661,1161,1788179658106,1788179659781,1675,17,17,0.0
FAIR,12,concurrent,compaction,662,1162,1788179697247,1788179721626,24379,1,1,0.0
FAIR,12,concurrent,Q1,663,1163,1788179699568,1788179703731,4163,7,7,0.0
FAIR,12,concurrent,Q1,664,1165,1788179703779,1788179703798,19,1,1,0.0
FAIR,12,concurrent,Q1,665,1167,1788179703802,1788179703813,11,1,1,0.0
FAIR,12,concurrent,Q1,666,1170,1788179703829,1788179703836,7,1,1,0.0
FAIR,12,concurrent,Q3,667,1171,1788179706081,1788179706633,552,7,7,0.0
FAIR,12,concurrent,Q3,668,1172,1788179706085,1788179706147,62,1,1,0.0
FAIR,12,concurrent,Q3,669,1173,1788179706177,1788179706543,366,1,1,0.0
FAIR,12,concurrent,Q3,670,1175,1788179706558,1788179706604,46,1,1,0.0
FAIR,12,concurrent,Q3,671,1177,1788179706705,1788179706851,146,17,17,0.0
FAIR,12,concurrent,Q3,672,1178,1788179708841,1788179709139,298,7,7,0.0
FAIR,12,concurrent,Q6,673,1180,1788179709149,1788179709152,3,1,1,0.0
FAIR,12,concurrent,Q12,674,1181,1788179711420,1788179712199,779,1,1,0.0
FAIR,12,concurrent,Q12,675,1182,1788179711429,1788179711983,554,7,7,0.0
FAIR,12,concurrent,Q12,676,1184,1788179712008,1788179712027,19,1,1,0.0
FAIR,12,concurrent,Q12,677,1186,1788179712224,1788179712281,57,14,14,0.0
FAIR,12,concurrent,Q12,678,1189,1788179712307,1788179712315,8,1,1,0.0
FAIR,12,concurrent,Q12,679,1192,1788179712317,1788179712325,8,1,1,0.0
FAIR,12,concurrent,Q12,680,1196,1788179712342,1788179712349,7,1,1,0.0
FAIR,12,concurrent,Q12,681,1197,1788179714354,1788179714442,88,1,1,0.0
FAIR,12,concurrent,Q14,682,1198,1788179714527,1788179714902,375,7,7,0.0
FAIR,12,concurrent,Q14,683,1200,1788179714916,1788179714930,14,1,1,0.0
FAIR,12,concurrent,Q18,684,1201,1788179717430,1788179719044,1614,1,1,0.0
FAIR,12,concurrent,Q18,685,1202,1788179717449,1788179717612,163,1,1,0.0
FAIR,12,concurrent,Q18,686,1203,1788179717451,1788179719607,2156,7,7,0.0
FAIR,12,concurrent,Q18,687,1204,1788179717454,1788179718916,1462,7,7,0.0
FAIR,12,concurrent,Q18,688,1208,1788179719672,1788179721626,1954,17,16,0.0
FAIR,13,concurrent,compaction,689,1209,1788179758387,1788179783157,24770,1,1,0.0
FAIR,13,concurrent,Q1,690,1210,1788179760460,1788179764712,4252,7,7,0.0
FAIR,13,concurrent,Q1,691,1212,1788179764761,1788179764771,10,1,1,0.0
FAIR,13,concurrent,Q1,692,1214,1788179764774,1788179764797,23,1,1,0.0
FAIR,13,concurrent,Q1,693,1217,1788179764811,1788179764820,9,1,1,0.0
FAIR,13,concurrent,Q1,694,1218,1788179766859,1788179767489,630,7,7,0.0
FAIR,13,concurrent,Q1,695,1219,1788179766864,1788179766936,72,1,1,0.0
FAIR,13,concurrent,Q3,696,1220,1788179766977,1788179767384,407,1,1,0.0
FAIR,13,concurrent,Q3,697,1222,1788179767401,1788179767457,56,1,1,0.0
FAIR,13,concurrent,Q3,698,1224,1788179767574,1788179767740,166,17,16,0.0
FAIR,13,concurrent,Q6,699,1225,1788179770126,1788179770469,343,7,7,0.0
FAIR,13,concurrent,Q6,700,1227,1788179770479,1788179770485,6,1,1,0.0
FAIR,13,concurrent,Q6,701,1228,1788179772487,1788179773239,752,1,1,0.0
FAIR,13,concurrent,Q6,702,1229,1788179772510,1788179772995,485,7,7,0.0
FAIR,13,concurrent,Q12,703,1231,1788179773022,1788179773045,23,1,1,0.0
FAIR,13,concurrent,Q12,704,1233,1788179773269,1788179773331,62,14,14,0.0
FAIR,13,concurrent,Q12,705,1236,1788179773348,1788179773356,8,1,1,0.0
FAIR,13,concurrent,Q12,706,1239,1788179773358,1788179773366,8,1,1,0.0
FAIR,13,concurrent,Q12,707,1243,1788179773380,1788179773388,8,1,1,0.0
FAIR,13,concurrent,Q14,708,1244,1788179775806,1788179775900,94,1,1,0.0
FAIR,13,concurrent,Q14,709,1245,1788179775986,1788179776403,417,7,7,0.0
FAIR,13,concurrent,Q14,710,1247,1788179776414,1788179776421,7,1,1,0.0
FAIR,13,concurrent,Q18,711,1248,1788179778598,1788179780422,1824,1,1,0.0
FAIR,13,concurrent,Q18,712,1249,1788179778607,1788179778821,214,1,1,0.0
FAIR,13,concurrent,Q18,713,1250,1788179778616,1788179781179,2563,7,7,0.0
FAIR,13,concurrent,Q18,714,1251,1788179778622,1788179780311,1689,7,7,0.0
FAIR,13,concurrent,Q18,715,1255,1788179781272,1788179783008,1736,17,16,0.0
FAIR,13,baseline,Q1,716,1256,1788179818970,1788179822564,3594,7,7,0.0
FAIR,13,baseline,Q1,717,1258,1788179822610,1788179822619,9,1,1,0.0
FAIR,13,baseline,Q1,718,1260,1788179822621,1788179822632,11,1,1,0.0
FAIR,13,baseline,Q1,719,1263,1788179822647,1788179822657,10,1,1,0.0
FAIR,13,baseline,Q1,720,1264,1788179824471,1788179825050,579,7,7,0.0
FAIR,13,baseline,Q1,721,1265,1788179824475,1788179824546,71,1,1,0.0
FAIR,13,baseline,Q1,722,1266,1788179824580,1788179824943,363,1,1,0.0
FAIR,13,baseline,Q3,723,1268,1788179824958,1788179825023,65,1,1,0.0
FAIR,13,baseline,Q3,724,1270,1788179825142,1788179825316,174,17,17,0.0
FAIR,13,baseline,Q6,725,1271,1788179827406,1788179827728,322,7,7,0.0
FAIR,13,baseline,Q6,726,1273,1788179827738,1788179827742,4,1,1,0.0
FAIR,13,baseline,Q6,727,1274,1788179829597,1788179830207,610,1,1,0.0
FAIR,13,baseline,Q6,728,1275,1788179829603,1788179829973,370,7,7,0.0
FAIR,13,baseline,Q12,729,1277,1788179829987,1788179830004,17,1,1,0.0
FAIR,13,baseline,Q12,730,1279,1788179830231,1788179830292,61,14,14,0.0
FAIR,13,baseline,Q12,731,1282,1788179830309,1788179830315,6,1,1,0.0
FAIR,13,baseline,Q12,732,1285,1788179830317,1788179830328,11,1,1,0.0
FAIR,13,baseline,Q12,733,1289,1788179830347,1788179830354,7,1,1,0.0
FAIR,13,baseline,Q14,734,1290,1788179832487,1788179832566,79,1,1,0.0
FAIR,13,baseline,Q14,735,1291,1788179832647,1788179832942,295,7,7,0.0
FAIR,13,baseline,Q14,736,1293,1788179832954,1788179832959,5,1,1,0.0
FAIR,13,baseline,Q14,737,1294,1788179834979,1788179836676,1697,1,1,0.0
FAIR,13,baseline,Q14,738,1295,1788179834983,1788179835285,302,1,1,0.0
FAIR,13,baseline,Q14,739,1296,1788179834994,1788179837256,2262,7,7,0.0
FAIR,13,baseline,Q14,740,1297,1788179835001,1788179836617,1616,7,7,0.0
FAIR,13,baseline,Q18,741,1301,1788179837363,1788179839392,2029,17,17,0.0
FAIR,14,baseline,Q1,742,1302,1788179877521,1788179881236,3715,7,7,0.0
FAIR,14,baseline,Q1,743,1304,1788179881265,1788179881281,16,1,1,0.0
FAIR,14,baseline,Q1,744,1306,1788179881283,1788179881295,12,1,1,0.0
FAIR,14,baseline,Q1,745,1309,1788179881309,1788179881317,8,1,1,0.0
FAIR,14,baseline,Q1,746,1310,1788179883211,1788179883674,463,7,7,0.0
FAIR,14,baseline,Q1,747,1311,1788179883215,1788179883265,50,1,1,0.0
FAIR,14,baseline,Q1,748,1312,1788179883291,1788179883563,272,1,1,0.0
FAIR,14,baseline,Q3,749,1314,1788179883574,1788179883611,37,1,1,0.0
FAIR,14,baseline,Q3,750,1316,1788179883698,1788179883795,97,17,17,0.0
FAIR,14,baseline,Q3,751,1317,1788179885166,1788179885395,229,7,7,0.0
FAIR,14,baseline,Q3,752,1319,1788179885402,1788179885405,3,1,1,0.0
FAIR,14,baseline,Q6,753,1320,1788179886835,1788179887366,531,1,1,0.0
FAIR,14,baseline,Q6,754,1321,1788179886839,1788179887190,351,7,7,0.0
FAIR,14,baseline,Q6,755,1323,1788179887200,1788179887213,13,1,1,0.0
FAIR,14,baseline,Q6,756,1325,1788179887381,1788179887418,37,14,14,0.0
FAIR,14,baseline,Q6,757,1328,1788179887431,1788179887437,6,1,1,0.0
FAIR,14,baseline,Q6,758,1331,1788179887438,1788179887444,6,1,1,0.0
FAIR,14,baseline,Q12,759,1335,1788179887454,1788179887459,5,1,1,0.0
FAIR,14,baseline,Q12,760,1336,1788179889067,1788179889124,57,1,1,0.0
FAIR,14,baseline,Q12,761,1337,1788179889182,1788179889389,207,7,7,0.0
FAIR,14,baseline,Q12,762,1339,1788179889397,1788179889400,3,1,1,0.0
FAIR,14,baseline,Q14,763,1340,1788179890780,1788179891851,1071,1,1,0.0
FAIR,14,baseline,Q14,764,1341,1788179890785,1788179890893,108,1,1,0.0
FAIR,14,baseline,Q14,765,1342,1788179890787,1788179892175,1388,7,7,0.0
FAIR,14,baseline,Q14,766,1343,1788179890790,1788179891664,874,7,7,0.0
FAIR,14,baseline,Q18,767,1347,1788179892217,1788179893455,1238,17,17,0.0
FAIR,14,concurrent,compaction,768,1348,1788179923192,1788179942449,19257,1,1,0.0
FAIR,14,concurrent,Q1,769,1349,1788179924926,1788179927946,3020,7,7,0.0
FAIR,14,concurrent,Q1,770,1351,1788179927980,1788179927989,9,1,1,0.0
FAIR,14,concurrent,Q1,771,1353,1788179927990,1788179928005,15,1,1,0.0
FAIR,14,concurrent,Q1,772,1356,1788179928017,1788179928023,6,1,1,0.0
FAIR,14,concurrent,Q1,773,1357,1788179929632,1788179930178,546,7,7,0.0
FAIR,14,concurrent,Q1,774,1358,1788179929636,1788179929686,50,1,1,0.0
FAIR,14,concurrent,Q1,775,1359,1788179929711,1788179929998,287,1,1,0.0
FAIR,14,concurrent,Q1,776,1361,1788179930010,1788179930050,40,1,1,0.0
FAIR,14,concurrent,Q3,777,1363,1788179930212,1788179930353,141,17,17,0.0
FAIR,14,concurrent,Q3,778,1364,1788179931916,1788179932472,556,7,7,0.0
FAIR,14,concurrent,Q6,779,1366,1788179932482,1788179932485,3,1,1,0.0
FAIR,14,concurrent,Q6,780,1367,1788179934107,1788179934610,503,1,1,0.0
FAIR,14,concurrent,Q6,781,1368,1788179934111,1788179934445,334,7,7,0.0
FAIR,14,concurrent,Q6,782,1370,1788179934455,1788179934469,14,1,1,0.0
FAIR,14,concurrent,Q12,783,1372,1788179934630,1788179934676,46,14,14,0.0
FAIR,14,concurrent,Q12,784,1375,1788179934693,1788179934698,5,1,1,0.0
FAIR,14,concurrent,Q12,785,1378,1788179934700,1788179934707,7,1,1,0.0
FAIR,14,concurrent,Q12,786,1382,1788179934722,1788179934727,5,1,1,0.0
FAIR,14,concurrent,Q12,787,1383,1788179936289,1788179936357,68,1,1,0.0
FAIR,14,concurrent,Q12,788,1384,1788179936432,1788179936790,358,7,7,0.0
FAIR,14,concurrent,Q14,789,1386,1788179936798,1788179936801,3,1,1,0.0
FAIR,14,concurrent,Q14,790,1387,1788179938756,1788179938895,139,1,1,0.0
FAIR,14,concurrent,Q14,791,1388,1788179938759,1788179940040,1281,1,1,0.0
FAIR,14,concurrent,Q14,792,1389,1788179938779,1788179940447,1668,7,7,0.0
FAIR,14,concurrent,Q14,793,1390,1788179938784,1788179939796,1012,7,7,0.0
FAIR,14,concurrent,Q18,794,1394,1788179940531,1788179941846,1315,17,16,0.0
FAIR,15,concurrent,compaction,795,1395,1788179970960,1788179990333,19373,1,1,0.0
FAIR,15,concurrent,Q1,796,1396,1788179972593,1788179975823,3230,7,7,0.0
FAIR,15,concurrent,Q1,797,1398,1788179975857,1788179975866,9,1,1,0.0
FAIR,15,concurrent,Q1,798,1400,1788179975868,1788179975883,15,1,1,0.0
FAIR,15,concurrent,Q1,799,1403,1788179975894,1788179975901,7,1,1,0.0
FAIR,15,concurrent,Q1,800,1404,1788179977540,1788179978057,517,7,7,0.0
FAIR,15,concurrent,Q1,801,1405,1788179977544,1788179977597,53,1,1,0.0
FAIR,15,concurrent,Q1,802,1406,1788179977627,1788179977931,304,1,1,0.0
FAIR,15,concurrent,Q1,803,1408,1788179977946,1788179978003,57,1,1,0.0
FAIR,15,concurrent,Q3,804,1410,1788179978100,1788179978243,143,17,16,0.0
FAIR,15,concurrent,Q3,805,1411,1788179980024,1788179980302,278,7,7,0.0
FAIR,15,concurrent,Q6,806,1413,1788179980311,1788179980314,3,1,1,0.0
FAIR,15,concurrent,Q6,807,1414,1788179981931,1788179982487,556,1,1,0.0
FAIR,15,concurrent,Q6,808,1415,1788179981936,1788179982248,312,7,7,0.0
FAIR,15,concurrent,Q6,809,1417,1788179982259,1788179982272,13,1,1,0.0
FAIR,15,concurrent,Q12,810,1419,1788179982503,1788179982560,57,14,14,0.0
FAIR,15,concurrent,Q12,811,1422,1788179982575,1788179982582,7,1,1,0.0
FAIR,15,concurrent,Q12,812,1425,1788179982584,1788179982592,8,1,1,0.0
FAIR,15,concurrent,Q12,813,1429,1788179982601,1788179982606,5,1,1,0.0
FAIR,15,concurrent,Q12,814,1430,1788179984167,1788179984236,69,1,1,0.0
FAIR,15,concurrent,Q12,815,1431,1788179984351,1788179984651,300,7,7,0.0
FAIR,15,concurrent,Q14,816,1433,1788179984659,1788179984663,4,1,1,0.0
FAIR,15,concurrent,Q14,817,1434,1788179986706,1788179987980,1274,1,1,0.0
FAIR,15,concurrent,Q14,818,1435,1788179986713,1788179986842,129,1,1,0.0
FAIR,15,concurrent,Q18,819,1436,1788179986714,1788179988450,1736,7,7,0.0
FAIR,15,concurrent,Q18,820,1437,1788179986717,1788179987828,1111,7,7,0.0
FAIR,15,concurrent,Q18,821,1441,1788179988510,1788179989866,1356,17,16,0.0
FAIR,15,baseline,Q1,822,1442,1788180020454,1788180022992,2538,7,7,0.0
FAIR,15,baseline,Q1,823,1444,1788180023025,1788180023046,21,1,1,0.0
FAIR,15,baseline,Q1,824,1446,1788180023047,1788180023059,12,1,1,0.0
FAIR,15,baseline,Q1,825,1449,1788180023077,1788180023084,7,1,1,0.0
FAIR,15,baseline,Q1,826,1450,1788180024692,1788180025121,429,7,7,0.0
FAIR,15,baseline,Q1,827,1451,1788180024696,1788180024741,45,1,1,0.0
FAIR,15,baseline,Q1,828,1452,1788180024774,1788180025049,275,1,1,0.0
FAIR,15,baseline,Q1,829,1454,1788180025060,1788180025101,41,1,1,0.0
FAIR,15,baseline,Q3,830,1456,1788180025177,1788180025270,93,17,17,0.0
FAIR,15,baseline,Q3,831,1457,1788180026710,1788180026950,240,7,7,0.0
FAIR,15,baseline,Q3,832,1459,1788180026957,1788180026960,3,1,1,0.0
FAIR,15,baseline,Q6,833,1460,1788180028435,1788180029227,792,1,1,0.0
FAIR,15,baseline,Q6,834,1461,1788180028440,1788180029207,767,7,7,0.0
FAIR,15,baseline,Q12,835,1463,1788180029217,1788180029231,14,1,1,0.0
FAIR,15,baseline,Q12,836,1465,1788180029256,1788180029296,40,14,14,0.0
FAIR,15,baseline,Q12,837,1468,1788180029310,1788180029317,7,1,1,0.0
FAIR,15,baseline,Q12,838,1471,1788180029318,1788180029325,7,1,1,0.0
FAIR,15,baseline,Q12,839,1475,1788180029339,1788180029344,5,1,1,0.0
FAIR,15,baseline,Q12,840,1476,1788180030786,1788180030843,57,1,1,0.0
FAIR,15,baseline,Q12,841,1477,1788180030906,1788180031113,207,7,7,0.0
FAIR,15,baseline,Q12,842,1479,1788180031121,1788180031124,3,1,1,0.0
FAIR,15,baseline,Q14,843,1480,1788180032606,1788180033804,1198,1,1,0.0
FAIR,15,baseline,Q14,844,1481,1788180032624,1788180032749,125,1,1,0.0
FAIR,15,baseline,Q14,845,1482,1788180032625,1788180034104,1479,7,7,0.0
FAIR,15,baseline,Q14,846,1483,1788180032628,1788180033573,945,7,7,0.0
FAIR,15,baseline,Q18,847,1487,1788180034150,1788180035506,1356,17,17,0.0
FAIR,16,baseline,Q1,848,1488,1788180064835,1788180067907,3072,7,7,0.0
FAIR,16,baseline,Q1,849,1490,1788180067941,1788180067957,16,1,1,0.0
FAIR,16,baseline,Q1,850,1492,1788180067959,1788180067970,11,1,1,0.0
FAIR,16,baseline,Q1,851,1495,1788180067984,1788180067993,9,1,1,0.0
FAIR,16,baseline,Q1,852,1496,1788180069443,1788180069956,513,7,7,0.0
FAIR,16,baseline,Q1,853,1497,1788180069447,1788180069509,62,1,1,0.0
FAIR,16,baseline,Q1,854,1498,1788180069536,1788180069783,247,1,1,0.0
FAIR,16,baseline,Q1,855,1500,1788180069794,1788180069882,88,1,1,0.0
FAIR,16,baseline,Q1,856,1502,1788180069992,1788180070154,162,17,17,0.0
FAIR,16,baseline,Q3,857,1503,1788180071608,1788180071886,278,7,7,0.0
FAIR,16,baseline,Q3,858,1505,1788180071894,1788180071907,13,1,1,0.0
FAIR,16,baseline,Q6,859,1506,1788180073526,1788180074114,588,1,1,0.0
FAIR,16,baseline,Q6,860,1507,1788180073531,1788180073860,329,7,7,0.0
FAIR,16,baseline,Q6,861,1509,1788180073873,1788180073912,39,1,1,0.0
FAIR,16,baseline,Q12,862,1511,1788180074132,1788180074190,58,14,14,0.0
FAIR,16,baseline,Q12,863,1514,1788180074227,1788180074235,8,1,1,0.0
FAIR,16,baseline,Q12,864,1517,1788180074237,1788180074245,8,1,1,0.0
FAIR,16,baseline,Q12,865,1521,1788180074259,1788180074265,6,1,1,0.0
FAIR,16,baseline,Q12,866,1522,1788180075756,1788180075857,101,1,1,0.0
FAIR,16,baseline,Q12,867,1523,1788180075947,1788180076165,218,7,7,0.0
FAIR,16,baseline,Q12,868,1525,1788180076174,1788180076189,15,1,1,0.0
FAIR,16,baseline,Q14,869,1526,1788180077731,1788180079181,1450,1,1,0.0
FAIR,16,baseline,Q14,870,1527,1788180077735,1788180077925,190,1,1,0.0
FAIR,16,baseline,Q14,871,1528,1788180077741,1788180079738,1997,7,7,0.0
FAIR,16,baseline,Q14,872,1529,1788180077746,1788180079114,1368,7,7,0.0
FAIR,16,baseline,Q18,873,1533,1788180079781,1788180081094,1313,17,17,0.0
FAIR,16,concurrent,compaction,874,1534,1788180110020,1788180130701,20681,1,1,0.0
FAIR,16,concurrent,Q1,875,1535,1788180111919,1788180115316,3397,7,7,0.0
FAIR,16,concurrent,Q1,876,1537,1788180115379,1788180115389,10,1,1,0.0
FAIR,16,concurrent,Q1,877,1539,1788180115391,1788180115402,11,1,1,0.0
FAIR,16,concurrent,Q1,878,1542,1788180115418,1788180115431,13,1,1,0.0
FAIR,16,concurrent,Q1,879,1543,1788180117053,1788180117679,626,7,7,0.0
FAIR,16,concurrent,Q1,880,1544,1788180117057,1788180117119,62,1,1,0.0
FAIR,16,concurrent,Q1,881,1545,1788180117177,1788180117499,322,1,1,0.0
FAIR,16,concurrent,Q3,882,1547,1788180117512,1788180117579,67,1,1,0.0
FAIR,16,concurrent,Q3,883,1549,1788180117739,1788180117887,148,17,16,0.0
FAIR,16,concurrent,Q3,884,1550,1788180119751,1788180120024,273,7,7,0.0
FAIR,16,concurrent,Q6,885,1552,1788180120032,1788180120037,5,1,1,0.0
FAIR,16,concurrent,Q6,886,1553,1788180121637,1788180122171,534,1,1,0.0
FAIR,16,concurrent,Q6,887,1554,1788180121641,1788180121975,334,7,7,0.0
FAIR,16,concurrent,Q6,888,1556,1788180121985,1788180121998,13,1,1,0.0
FAIR,16,concurrent,Q12,889,1558,1788180122200,1788180122267,67,14,14,0.0
FAIR,16,concurrent,Q12,890,1561,1788180122305,1788180122313,8,1,1,0.0
FAIR,16,concurrent,Q12,891,1564,1788180122315,1788180122323,8,1,1,0.0
FAIR,16,concurrent,Q12,892,1568,1788180122340,1788180122347,7,1,1,0.0
FAIR,16,concurrent,Q12,893,1569,1788180124039,1788180124192,153,1,1,0.0
FAIR,16,concurrent,Q12,894,1570,1788180124263,1788180124670,407,7,7,0.0
FAIR,16,concurrent,Q14,895,1572,1788180124682,1788180124687,5,1,1,0.0
FAIR,16,concurrent,Q14,896,1573,1788180126431,1788180127839,1408,1,1,0.0
FAIR,16,concurrent,Q14,897,1574,1788180126435,1788180126702,267,1,1,0.0
FAIR,16,concurrent,Q14,898,1575,1788180126443,1788180128337,1894,7,7,0.0
FAIR,16,concurrent,Q14,899,1576,1788180126446,1788180127705,1259,7,7,0.0
FAIR,16,concurrent,Q18,900,1580,1788180128391,1788180130017,1626,17,16,0.0
FAIR,17,concurrent,compaction,901,1581,1788180159583,1788180179061,19478,1,1,0.0
FAIR,17,concurrent,Q1,902,1582,1788180161243,1788180164251,3008,7,7,0.0
FAIR,17,concurrent,Q1,903,1584,1788180164292,1788180164312,20,1,1,0.0
FAIR,17,concurrent,Q1,904,1586,1788180164314,1788180164324,10,1,1,0.0
FAIR,17,concurrent,Q1,905,1589,1788180164336,1788180164342,6,1,1,0.0
FAIR,17,concurrent,Q1,906,1590,1788180165940,1788180166486,546,7,7,0.0
FAIR,17,concurrent,Q1,907,1591,1788180165944,1788180165997,53,1,1,0.0
FAIR,17,concurrent,Q1,908,1592,1788180166077,1788180166385,308,1,1,0.0
FAIR,17,concurrent,Q3,909,1594,1788180166398,1788180166447,49,1,1,0.0
FAIR,17,concurrent,Q3,910,1596,1788180166518,1788180166640,122,17,17,0.0
FAIR,17,concurrent,Q3,911,1597,1788180168492,1788180168776,284,7,7,0.0
FAIR,17,concurrent,Q6,912,1599,1788180168784,1788180168787,3,1,1,0.0
FAIR,17,concurrent,Q6,913,1600,1788180170396,1788180170933,537,1,1,0.0
FAIR,17,concurrent,Q6,914,1601,1788180170401,1788180170739,338,7,7,0.0
FAIR,17,concurrent,Q6,915,1603,1788180170749,1788180170763,14,1,1,0.0
FAIR,17,concurrent,Q12,916,1605,1788180170951,1788180171004,53,14,14,0.0
FAIR,17,concurrent,Q12,917,1608,1788180171020,1788180171025,5,1,1,0.0
FAIR,17,concurrent,Q12,918,1611,1788180171026,1788180171033,7,1,1,0.0
FAIR,17,concurrent,Q12,919,1615,1788180171045,1788180171049,4,1,1,0.0
FAIR,17,concurrent,Q12,920,1616,1788180172593,1788180172666,73,1,1,0.0
FAIR,17,concurrent,Q12,921,1617,1788180172730,1788180173033,303,7,7,0.0
FAIR,17,concurrent,Q12,922,1619,1788180173041,1788180173055,14,1,1,0.0
FAIR,17,concurrent,Q14,923,1620,1788180175072,1788180176395,1323,1,1,0.0
FAIR,17,concurrent,Q14,924,1621,1788180175076,1788180175248,172,1,1,0.0
FAIR,17,concurrent,Q14,925,1622,1788180175082,1788180176803,1721,7,7,0.0
FAIR,17,concurrent,Q14,926,1623,1788180175085,1788180176185,1100,7,7,0.0
FAIR,17,concurrent,Q18,927,1627,1788180176907,1788180178360,1453,17,16,0.0
FAIR,17,baseline,Q1,928,1628,1788180208627,1788180211391,2764,7,7,0.0
FAIR,17,baseline,Q1,929,1630,1788180211420,1788180211433,13,1,1,0.0
FAIR,17,baseline,Q1,930,1632,1788180211435,1788180211445,10,1,1,0.0
FAIR,17,baseline,Q1,931,1635,1788180211458,1788180211464,6,1,1,0.0
FAIR,17,baseline,Q1,932,1636,1788180212969,1788180213402,433,7,7,0.0
FAIR,17,baseline,Q1,933,1637,1788180212973,1788180213022,49,1,1,0.0
FAIR,17,baseline,Q1,934,1638,1788180213048,1788180213338,290,1,1,0.0
FAIR,17,baseline,Q1,935,1640,1788180213351,1788180213392,41,1,1,0.0
FAIR,17,baseline,Q1,936,1642,1788180213465,1788180213557,92,17,17,0.0
FAIR,17,baseline,Q3,937,1643,1788180214985,1788180215242,257,7,7,0.0
FAIR,17,baseline,Q3,938,1645,1788180215249,1788180215253,4,1,1,0.0
FAIR,17,baseline,Q6,939,1646,1788180216938,1788180217453,515,1,1,0.0
FAIR,17,baseline,Q6,940,1647,1788180216942,1788180217269,327,7,7,0.0
FAIR,17,baseline,Q6,941,1649,1788180217281,1788180217295,14,1,1,0.0
FAIR,17,baseline,Q12,942,1651,1788180217472,1788180217510,38,14,14,0.0
FAIR,17,baseline,Q12,943,1654,1788180217523,1788180217529,6,1,1,0.0
FAIR,17,baseline,Q12,944,1657,1788180217530,1788180217537,7,1,1,0.0
FAIR,17,baseline,Q12,945,1661,1788180217551,1788180217556,5,1,1,0.0
FAIR,17,baseline,Q12,946,1662,1788180218989,1788180219048,59,1,1,0.0
FAIR,17,baseline,Q12,947,1663,1788180219190,1788180219415,225,7,7,0.0
FAIR,17,baseline,Q12,948,1665,1788180219424,1788180219427,3,1,1,0.0
FAIR,17,baseline,Q14,949,1666,1788180220910,1788180222154,1244,1,1,0.0
FAIR,17,baseline,Q14,950,1667,1788180220921,1788180221102,181,1,1,0.0
FAIR,17,baseline,Q14,951,1668,1788180220923,1788180222683,1760,7,7,0.0
FAIR,17,baseline,Q14,952,1669,1788180220925,1788180221987,1062,7,7,0.0
FAIR,17,baseline,Q18,953,1673,1788180222731,1788180224070,1339,17,17,0.0
FAIR,18,baseline,Q1,954,1674,1788180252331,1788180254770,2439,7,7,0.0
FAIR,18,baseline,Q1,955,1676,1788180254794,1788180254806,12,1,1,0.0
FAIR,18,baseline,Q1,956,1678,1788180254807,1788180254817,10,1,1,0.0
FAIR,18,baseline,Q1,957,1681,1788180254827,1788180254833,6,1,1,0.0
FAIR,18,baseline,Q1,958,1682,1788180256527,1788180256940,413,7,7,0.0
FAIR,18,baseline,Q1,959,1683,1788180256530,1788180256572,42,1,1,0.0
FAIR,18,baseline,Q1,960,1684,1788180256596,1788180256830,234,1,1,0.0
FAIR,18,baseline,Q1,961,1686,1788180256842,1788180256878,36,1,1,0.0
FAIR,18,baseline,Q3,962,1688,1788180256959,1788180257051,92,17,17,0.0
FAIR,18,baseline,Q3,963,1689,1788180258398,1788180258653,255,7,7,0.0
FAIR,18,baseline,Q3,964,1691,1788180258660,1788180258670,10,1,1,0.0
FAIR,18,baseline,Q6,965,1692,1788180260057,1788180260518,461,1,1,0.0
FAIR,18,baseline,Q6,966,1693,1788180260060,1788180260342,282,7,7,0.0
FAIR,18,baseline,Q6,967,1695,1788180260351,1788180260363,12,1,1,0.0
FAIR,18,baseline,Q6,968,1697,1788180260542,1788180260592,50,14,14,0.0
FAIR,18,baseline,Q6,969,1700,1788180260609,1788180260615,6,1,1,0.0
FAIR,18,baseline,Q6,970,1703,1788180260616,1788180260623,7,1,1,0.0
FAIR,18,baseline,Q6,971,1707,1788180260635,1788180260640,5,1,1,0.0
FAIR,18,baseline,Q12,972,1708,1788180262164,1788180262218,54,1,1,0.0
FAIR,18,baseline,Q12,973,1709,1788180262277,1788180262508,231,7,7,0.0
FAIR,18,baseline,Q12,974,1711,1788180262516,1788180262525,9,1,1,0.0
FAIR,18,baseline,Q14,975,1712,1788180263946,1788180265109,1163,1,1,0.0
FAIR,18,baseline,Q14,976,1713,1788180263951,1788180264063,112,1,1,0.0
FAIR,18,baseline,Q14,977,1714,1788180263952,1788180265451,1499,7,7,0.0
FAIR,18,baseline,Q14,978,1715,1788180263955,1788180264891,936,7,7,0.0
FAIR,18,baseline,Q18,979,1719,1788180265492,1788180266700,1208,17,17,0.0
FAIR,18,concurrent,compaction,980,1720,1788180294310,1788180312861,18551,1,1,0.0
FAIR,18,concurrent,Q1,981,1721,1788180296051,1788180299051,3000,7,7,0.0
FAIR,18,concurrent,Q1,982,1723,1788180299087,1788180299097,10,1,1,0.0
FAIR,18,concurrent,Q1,983,1725,1788180299098,1788180299108,10,1,1,0.0
FAIR,18,concurrent,Q1,984,1728,1788180299121,1788180299129,8,1,1,0.0
FAIR,18,concurrent,Q1,985,1729,1788180300619,1788180301114,495,7,7,0.0
FAIR,18,concurrent,Q1,986,1730,1788180300624,1788180300674,50,1,1,0.0
FAIR,18,concurrent,Q1,987,1731,1788180300698,1788180301020,322,1,1,0.0
FAIR,18,concurrent,Q1,988,1733,1788180301033,1788180301078,45,1,1,0.0
FAIR,18,concurrent,Q1,989,1735,1788180301150,1788180301246,96,17,16,0.0
FAIR,18,concurrent,Q3,990,1736,1788180302778,1788180303045,267,7,7,0.0
FAIR,18,concurrent,Q3,991,1738,1788180303053,1788180303056,3,1,1,0.0
FAIR,18,concurrent,Q6,992,1739,1788180304866,1788180305441,575,1,1,0.0
FAIR,18,concurrent,Q6,993,1740,1788180304870,1788180305275,405,7,7,0.0
FAIR,18,concurrent,Q12,994,1742,1788180305290,1788180305308,18,1,1,0.0
FAIR,18,concurrent,Q12,995,1744,1788180305457,1788180305499,42,14,14,0.0
FAIR,18,concurrent,Q12,996,1747,1788180305513,1788180305518,5,1,1,0.0
FAIR,18,concurrent,Q12,997,1750,1788180305519,1788180305527,8,1,1,0.0
FAIR,18,concurrent,Q12,998,1754,1788180305539,1788180305545,6,1,1,0.0
FAIR,18,concurrent,Q12,999,1755,1788180307022,1788180307086,64,1,1,0.0
FAIR,18,concurrent,Q12,1000,1756,1788180307154,1788180307450,296,7,7,0.0
FAIR,18,concurrent,Q12,1001,1758,1788180307459,1788180307462,3,1,1,0.0
FAIR,18,concurrent,Q14,1002,1759,1788180309358,1788180310573,1215,1,1,0.0
FAIR,18,concurrent,Q14,1003,1760,1788180309369,1788180309494,125,1,1,0.0
FAIR,18,concurrent,Q14,1004,1761,1788180309370,1788180311052,1682,7,7,0.0
FAIR,18,concurrent,Q14,1005,1762,1788180309374,1788180310338,964,7,7,0.0
FAIR,18,concurrent,Q18,1006,1766,1788180311095,1788180312410,1315,17,16,0.0
FAIR,19,concurrent,compaction,1007,1767,1788180340642,1788180358775,18133,1,1,0.0
FAIR,19,concurrent,Q1,1008,1768,1788180342314,1788180345122,2808,7,7,0.0
FAIR,19,concurrent,Q1,1009,1770,1788180345149,1788180345155,6,1,1,0.0
FAIR,19,concurrent,Q1,1010,1772,1788180345157,1788180345164,7,1,1,0.0
FAIR,19,concurrent,Q1,1011,1775,1788180345173,1788180345179,6,1,1,0.0
FAIR,19,concurrent,Q1,1012,1776,1788180346685,1788180347251,566,7,7,0.0
FAIR,19,concurrent,Q1,1013,1777,1788180346689,1788180346738,49,1,1,0.0
FAIR,19,concurrent,Q1,1014,1778,1788180346761,1788180347124,363,1,1,0.0
FAIR,19,concurrent,Q1,1015,1780,1788180347139,1788180347180,41,1,1,0.0
FAIR,19,concurrent,Q3,1016,1782,1788180347286,1788180347373,87,17,16,0.0
FAIR,19,concurrent,Q3,1017,1783,1788180348817,1788180349122,305,7,7,0.0
FAIR,19,concurrent,Q3,1018,1785,1788180349132,1788180349136,4,1,1,0.0
FAIR,19,concurrent,Q6,1019,1786,1788180350887,1788180351499,612,1,1,0.0
FAIR,19,concurrent,Q6,1020,1787,1788180350891,1788180351272,381,7,7,0.0
FAIR,19,concurrent,Q12,1021,1789,1788180351291,1788180351311,20,1,1,0.0
FAIR,19,concurrent,Q12,1022,1791,1788180351516,1788180351563,47,14,14,0.0
FAIR,19,concurrent,Q12,1023,1794,1788180351577,1788180351583,6,1,1,0.0
FAIR,19,concurrent,Q12,1024,1797,1788180351584,1788180351591,7,1,1,0.0
FAIR,19,concurrent,Q12,1025,1801,1788180351600,1788180351605,5,1,1,0.0
FAIR,19,concurrent,Q12,1026,1802,1788180353108,1788180353171,63,1,1,0.0
FAIR,19,concurrent,Q12,1027,1803,1788180353231,1788180353508,277,7,7,0.0
FAIR,19,concurrent,Q12,1028,1805,1788180353516,1788180353527,11,1,1,0.0
FAIR,19,concurrent,Q14,1029,1806,1788180355377,1788180356648,1271,1,1,0.0
FAIR,19,concurrent,Q14,1030,1807,1788180355381,1788180355536,155,1,1,0.0
FAIR,19,concurrent,Q14,1031,1808,1788180355388,1788180357081,1693,7,7,0.0
FAIR,19,concurrent,Q14,1032,1809,1788180355392,1788180356439,1047,7,7,0.0
FAIR,19,concurrent,Q18,1033,1813,1788180357146,1788180358478,1332,17,16,0.0
FAIR,19,baseline,Q1,1034,1814,1788180386615,1788180389021,2406,7,7,0.0
FAIR,19,baseline,Q1,1035,1816,1788180389049,1788180389061,12,1,1,0.0
FAIR,19,baseline,Q1,1036,1818,1788180389062,1788180389071,9,1,1,0.0
FAIR,19,baseline,Q1,1037,1821,1788180389083,1788180389089,6,1,1,0.0
FAIR,19,baseline,Q1,1038,1822,1788180390795,1788180391202,407,7,7,0.0
FAIR,19,baseline,Q1,1039,1823,1788180390798,1788180390850,52,1,1,0.0
FAIR,19,baseline,Q1,1040,1824,1788180390875,1788180391130,255,1,1,0.0
FAIR,19,baseline,Q1,1041,1826,1788180391142,1788180391177,35,1,1,0.0
FAIR,19,baseline,Q3,1042,1828,1788180391243,1788180391333,90,17,17,0.0
FAIR,19,baseline,Q3,1043,1829,1788180392709,1788180392958,249,7,7,0.0
FAIR,19,baseline,Q3,1044,1831,1788180392965,1788180392968,3,1,1,0.0
FAIR,19,baseline,Q6,1045,1832,1788180394361,1788180394820,459,1,1,0.0
FAIR,19,baseline,Q6,1046,1833,1788180394367,1788180394656,289,7,7,0.0
FAIR,19,baseline,Q6,1047,1835,1788180394665,1788180394677,12,1,1,0.0
FAIR,19,baseline,Q6,1048,1837,1788180394837,1788180394883,46,14,14,0.0
FAIR,19,baseline,Q6,1049,1840,1788180394899,1788180394905,6,1,1,0.0
FAIR,19,baseline,Q6,1050,1843,1788180394906,1788180394913,7,1,1,0.0
FAIR,19,baseline,Q6,1051,1847,1788180394931,1788180394937,6,1,1,0.0
FAIR,19,baseline,Q12,1052,1848,1788180396574,1788180396630,56,1,1,0.0
FAIR,19,baseline,Q12,1053,1849,1788180396689,1788180396908,219,7,7,0.0
FAIR,19,baseline,Q12,1054,1851,1788180396916,1788180396929,13,1,1,0.0
FAIR,19,baseline,Q14,1055,1852,1788180398366,1788180399473,1107,1,1,0.0
FAIR,19,baseline,Q14,1056,1853,1788180398371,1788180398483,112,1,1,0.0
FAIR,19,baseline,Q14,1057,1854,1788180398377,1788180399846,1469,7,7,0.0
FAIR,19,baseline,Q14,1058,1855,1788180398380,1788180399215,835,7,7,0.0
FAIR,19,baseline,Q18,1059,1859,1788180399913,1788180401127,1214,17,17,0.0
FAIR,20,baseline,Q1,1060,1860,1788180428766,1788180431167,2401,7,7,0.0
FAIR,20,baseline,Q1,1061,1862,1788180431190,1788180431203,13,1,1,0.0
FAIR,20,baseline,Q1,1062,1864,1788180431204,1788180431212,8,1,1,0.0
FAIR,20,baseline,Q1,1063,1867,1788180431223,1788180431229,6,1,1,0.0
FAIR,20,baseline,Q1,1064,1868,1788180432846,1788180433258,412,7,7,0.0
FAIR,20,baseline,Q1,1065,1869,1788180432849,1788180432891,42,1,1,0.0
FAIR,20,baseline,Q1,1066,1870,1788180432915,1788180433159,244,1,1,0.0
FAIR,20,baseline,Q1,1067,1872,1788180433170,1788180433212,42,1,1,0.0
FAIR,20,baseline,Q1,1068,1874,1788180433280,1788180433355,75,17,17,0.0
FAIR,20,baseline,Q3,1069,1875,1788180434723,1788180434968,245,7,7,0.0
FAIR,20,baseline,Q3,1070,1877,1788180434974,1788180434977,3,1,1,0.0
FAIR,20,baseline,Q6,1071,1878,1788180436364,1788180436799,435,1,1,0.0
FAIR,20,baseline,Q6,1072,1879,1788180436369,1788180436644,275,7,7,0.0
FAIR,20,baseline,Q6,1073,1881,1788180436652,1788180436664,12,1,1,0.0
FAIR,20,baseline,Q6,1074,1883,1788180436817,1788180436857,40,14,14,0.0
FAIR,20,baseline,Q6,1075,1886,1788180436872,1788180436878,6,1,1,0.0
FAIR,20,baseline,Q6,1076,1889,1788180436879,1788180436885,6,1,1,0.0
FAIR,20,baseline,Q6,1077,1893,1788180436894,1788180436898,4,1,1,0.0
FAIR,20,baseline,Q12,1078,1894,1788180438535,1788180438590,55,1,1,0.0
FAIR,20,baseline,Q12,1079,1895,1788180438648,1788180438881,233,7,7,0.0
FAIR,20,baseline,Q12,1080,1897,1788180438888,1788180438902,14,1,1,0.0
FAIR,20,baseline,Q14,1081,1898,1788180440317,1788180441452,1135,1,1,0.0
FAIR,20,baseline,Q14,1082,1899,1788180440321,1788180440446,125,1,1,0.0
FAIR,20,baseline,Q14,1083,1900,1788180440325,1788180441804,1479,7,7,0.0
FAIR,20,baseline,Q14,1084,1901,1788180440329,1788180441166,837,7,7,0.0
FAIR,20,baseline,Q18,1085,1905,1788180441849,1788180443052,1203,17,17,0.0
FAIR,20,concurrent,compaction,1086,1906,1788180470589,1788180488718,18129,1,1,0.0
FAIR,20,concurrent,Q1,1087,1907,1788180472316,1788180475059,2743,7,7,0.0
FAIR,20,concurrent,Q1,1088,1909,1788180475088,1788180475100,12,1,1,0.0
FAIR,20,concurrent,Q1,1089,1911,1788180475101,1788180475109,8,1,1,0.0
FAIR,20,concurrent,Q1,1090,1914,1788180475120,1788180475126,6,1,1,0.0
FAIR,20,concurrent,Q1,1091,1915,1788180476623,1788180477181,558,7,7,0.0
FAIR,20,concurrent,Q1,1092,1916,1788180476627,1788180476678,51,1,1,0.0
FAIR,20,concurrent,Q1,1093,1917,1788180476703,1788180477076,373,1,1,0.0
FAIR,20,concurrent,Q1,1094,1919,1788180477098,1788180477147,49,1,1,0.0
FAIR,20,concurrent,Q3,1095,1921,1788180477243,1788180477357,114,17,16,0.0
FAIR,20,concurrent,Q3,1096,1922,1788180478822,1788180479465,643,7,7,0.0
FAIR,20,concurrent,Q6,1097,1924,1788180479475,1788180479478,3,1,1,0.0
FAIR,20,concurrent,Q6,1098,1925,1788180480973,1788180481574,601,1,1,0.0
FAIR,20,concurrent,Q6,1099,1926,1788180480977,1788180481334,357,7,7,0.0
FAIR,20,concurrent,Q6,1100,1928,1788180481346,1788180481388,42,1,1,0.0
FAIR,20,concurrent,Q12,1101,1930,1788180481594,1788180481638,44,14,14,0.0
FAIR,20,concurrent,Q12,1102,1933,1788180481651,1788180481657,6,1,1,0.0
FAIR,20,concurrent,Q12,1103,1936,1788180481658,1788180481664,6,1,1,0.0
FAIR,20,concurrent,Q12,1104,1940,1788180481676,1788180481682,6,1,1,0.0
FAIR,20,concurrent,Q12,1105,1941,1788180483192,1788180483264,72,1,1,0.0
FAIR,20,concurrent,Q12,1106,1942,1788180483325,1788180483607,282,7,7,0.0
FAIR,20,concurrent,Q12,1107,1944,1788180483615,1788180483618,3,1,1,0.0
FAIR,20,concurrent,Q14,1108,1945,1788180485429,1788180486740,1311,1,1,0.0
FAIR,20,concurrent,Q14,1109,1946,1788180485439,1788180487192,1753,7,7,0.0
FAIR,20,concurrent,Q14,1110,1947,1788180485442,1788180485594,152,1,1,0.0
FAIR,20,concurrent,Q14,1111,1948,1788180485443,1788180486501,1058,7,7,0.0
FAIR,20,concurrent,Q18,1112,1952,1788180487235,1788180488520,1285,17,16,0.0
FAIR,21,concurrent,compaction,1113,1953,1788180516526,1788180534604,18078,1,1,0.0
FAIR,21,concurrent,Q1,1114,1954,1788180518220,1788180520997,2777,7,7,0.0
FAIR,21,concurrent,Q1,1115,1956,1788180521022,1788180521029,7,1,1,0.0
FAIR,21,concurrent,Q1,1116,1958,1788180521030,1788180521038,8,1,1,0.0
FAIR,21,concurrent,Q1,1117,1961,1788180521047,1788180521052,5,1,1,0.0
FAIR,21,concurrent,Q1,1118,1962,1788180522557,1788180523056,499,7,7,0.0
FAIR,21,concurrent,Q1,1119,1963,1788180522561,1788180522603,42,1,1,0.0
FAIR,21,concurrent,Q1,1120,1964,1788180522627,1788180522884,257,1,1,0.0
FAIR,21,concurrent,Q1,1121,1966,1788180522945,1788180522982,37,1,1,0.0
FAIR,21,concurrent,Q1,1122,1968,1788180523082,1788180523186,104,17,16,0.0
FAIR,21,concurrent,Q3,1123,1969,1788180524648,1788180525305,657,7,7,0.0
FAIR,21,concurrent,Q6,1124,1971,1788180525314,1788180525318,4,1,1,0.0
FAIR,21,concurrent,Q6,1125,1972,1788180526805,1788180527298,493,1,1,0.0
FAIR,21,concurrent,Q6,1126,1973,1788180526808,1788180527128,320,7,7,0.0
FAIR,21,concurrent,Q6,1127,1975,1788180527137,1788180527150,13,1,1,0.0
FAIR,21,concurrent,Q6,1128,1977,1788180527312,1788180527391,79,14,14,0.0
FAIR,21,concurrent,Q12,1129,1980,1788180527408,1788180527415,7,1,1,0.0
FAIR,21,concurrent,Q12,1130,1983,1788180527416,1788180527424,8,1,1,0.0
FAIR,21,concurrent,Q12,1131,1987,1788180527455,1788180527462,7,1,1,0.0
FAIR,21,concurrent,Q12,1132,1988,1788180528956,1788180529023,67,1,1,0.0
FAIR,21,concurrent,Q12,1133,1989,1788180529085,1788180529377,292,7,7,0.0
FAIR,21,concurrent,Q12,1134,1991,1788180529388,1788180529392,4,1,1,0.0
FAIR,21,concurrent,Q14,1135,1992,1788180531142,1788180532436,1294,1,1,0.0
FAIR,21,concurrent,Q14,1136,1993,1788180531148,1788180531314,166,1,1,0.0
FAIR,21,concurrent,Q14,1137,1994,1788180531150,1788180532928,1778,7,7,0.0
FAIR,21,concurrent,Q14,1138,1995,1788180531153,1788180532262,1109,7,7,0.0
FAIR,21,concurrent,Q18,1139,1999,1788180532991,1788180534289,1298,17,16,0.0
FAIR,21,baseline,Q1,1140,2000,1788180562383,1788180564824,2441,7,7,0.0
FAIR,21,baseline,Q1,1141,2002,1788180564855,1788180564870,15,1,1,0.0
FAIR,21,baseline,Q1,1142,2004,1788180564871,1788180564881,10,1,1,0.0
FAIR,21,baseline,Q1,1143,2007,1788180564896,1788180564904,8,1,1,0.0
FAIR,21,baseline,Q1,1144,2008,1788180566372,1788180566769,397,7,7,0.0
FAIR,21,baseline,Q1,1145,2009,1788180566376,1788180566420,44,1,1,0.0
FAIR,21,baseline,Q1,1146,2010,1788180566444,1788180566681,237,1,1,0.0
FAIR,21,baseline,Q1,1147,2012,1788180566693,1788180566730,37,1,1,0.0
FAIR,21,baseline,Q1,1148,2014,1788180566810,1788180566899,89,17,17,0.0
FAIR,21,baseline,Q3,1149,2015,1788180568257,1788180568511,254,7,7,0.0
FAIR,21,baseline,Q3,1150,2017,1788180568518,1788180568521,3,1,1,0.0
FAIR,21,baseline,Q6,1151,2018,1788180569921,1788180570434,513,1,1,0.0
FAIR,21,baseline,Q6,1152,2019,1788180569925,1788180570201,276,7,7,0.0
FAIR,21,baseline,Q6,1153,2021,1788180570209,1788180570221,12,1,1,0.0
FAIR,21,baseline,Q6,1154,2023,1788180570459,1788180570513,54,14,14,0.0
FAIR,21,baseline,Q6,1155,2026,1788180570529,1788180570536,7,1,1,0.0
FAIR,21,baseline,Q6,1156,2029,1788180570537,1788180570545,8,1,1,0.0
FAIR,21,baseline,Q6,1157,2033,1788180570562,1788180570567,5,1,1,0.0
FAIR,21,baseline,Q12,1158,2034,1788180571994,1788180572088,94,1,1,0.0
FAIR,21,baseline,Q12,1159,2035,1788180572154,1788180572370,216,7,7,0.0
FAIR,21,baseline,Q12,1160,2037,1788180572379,1788180572382,3,1,1,0.0
FAIR,21,baseline,Q14,1161,2038,1788180573767,1788180574979,1212,1,1,0.0
FAIR,21,baseline,Q14,1162,2039,1788180573770,1788180573893,123,1,1,0.0
FAIR,21,baseline,Q14,1163,2040,1788180573778,1788180575315,1537,7,7,0.0
FAIR,21,baseline,Q14,1164,2041,1788180573782,1788180574714,932,7,7,0.0
FAIR,21,baseline,Q18,1165,2045,1788180575369,1788180576555,1186,17,17,0.0
