timestamp,elapsed_s,policy,decision,frag_file_count,table_size_mb,c_compact,c_defer,p95_query_latency_ms,rolling_sla_violation_rate,compaction_duration_s,regime,intensity
2026-10-07 03:19:05,0.0,CostBenefitPolicy,DEFER,594,15807.0,0.00,0.00,0.00,0.00,0.00,LOW,0.110
2026-10-07 03:20:06,60.2,CostBenefitPolicy,DEFER,594,15807.0,0.00,0.00,3833.65,100.00,0.00,LOW,0.137
2026-10-07 03:21:08,122.1,CostBenefitPolicy,DEFER,595,15807.1,0.00,0.00,39676.41,100.00,0.00,LOW,0.165
2026-10-07 03:22:32,206.1,CostBenefitPolicy,DEFER,596,15807.1,0.00,0.00,39907.44,100.00,0.00,LOW,0.204
2026-10-07 03:23:55,289.6,CostBenefitPolicy,DEFER,597,15807.1,0.00,0.00,40010.62,100.00,0.00,LOW,0.246
2026-10-07 03:25:17,371.3,CostBenefitPolicy,DEFER,598,15807.1,0.00,0.00,40038.15,100.00,0.00,LOW,0.283
2026-10-07 03:26:37,451.3,CostBenefitPolicy,DEFER,599,15807.1,0.00,0.00,39810.46,100.00,0.00,MODERATE,0.320
2026-10-07 03:27:56,530.6,CostBenefitPolicy,DEFER,600,15807.1,0.00,0.00,39976.26,100.00,0.00,MODERATE,0.352
2026-10-07 03:29:14,609.0,CostBenefitPolicy,DEFER,601,15807.1,0.00,0.00,39976.63,100.00,0.00,MODERATE,0.381
2026-10-07 03:30:32,686.2,CostBenefitPolicy,DEFER,602,15807.1,0.00,0.00,39822.49,100.00,0.00,MODERATE,0.405
2026-10-07 03:31:48,762.5,CostBenefitPolicy,DEFER,603,15807.1,0.00,0.00,39965.80,100.00,0.00,MODERATE,0.427
2026-10-07 03:33:04,838.7,CostBenefitPolicy,DEFER,604,15807.1,0.00,0.00,39785.04,100.00,0.00,MODERATE,0.443
2026-10-07 03:34:19,913.6,CostBenefitPolicy,DEFER,605,15807.1,0.00,0.00,41030.30,100.00,0.00,MODERATE,0.456
2026-10-07 03:35:34,989.0,CostBenefitPolicy,DEFER,606,15807.1,0.00,0.00,39783.71,100.00,0.00,MODERATE,0.466
2026-10-07 03:36:48,1062.9,CostBenefitPolicy,DEFER,607,15807.2,0.00,0.00,39996.54,100.00,0.00,MODERATE,0.473
2026-10-07 03:38:02,1136.8,CostBenefitPolicy,DEFER,608,15807.2,0.00,0.00,39736.89,100.00,0.00,MODERATE,0.476
2026-10-07 03:39:16,1210.1,CostBenefitPolicy,DEFER,609,15807.2,0.00,0.00,39884.14,100.00,0.00,MODERATE,0.478
2026-10-07 03:40:29,1283.7,CostBenefitPolicy,DEFER,610,15807.2,0.00,0.00,39814.30,100.00,0.00,MODERATE,0.479
2026-10-07 03:41:43,1357.2,CostBenefitPolicy,DEFER,611,15807.2,0.00,0.00,40055.30,100.00,0.00,MODERATE,0.479
2026-10-07 03:42:56,1430.4,CostBenefitPolicy,DEFER,612,15807.2,0.00,0.00,39641.89,100.00,0.00,MODERATE,0.479
2026-10-07 03:44:09,1503.8,CostBenefitPolicy,DEFER,613,15807.2,0.00,0.00,39926.59,100.00,0.00,MODERATE,0.480
2026-10-07 03:45:23,1577.3,CostBenefitPolicy,DEFER,614,15807.2,0.00,0.00,39739.24,100.00,0.00,MODERATE,0.483
2026-10-07 03:46:36,1650.9,CostBenefitPolicy,DEFER,615,15807.2,0.00,0.00,40079.75,100.00,0.00,MODERATE,0.487
2026-10-07 03:47:50,1724.2,CostBenefitPolicy,DEFER,616,15807.2,0.00,0.00,39898.32,100.00,0.00,MODERATE,0.494
2026-10-07 03:49:02,1797.0,CostBenefitPolicy,DEFER,617,15807.2,0.00,0.00,39680.02,100.00,0.00,MODERATE,0.503
2026-10-07 03:50:15,1870.0,CostBenefitPolicy,DEFER,618,15807.2,0.00,0.00,40006.51,100.00,0.00,MODERATE,0.517
2026-10-07 03:51:28,1942.3,CostBenefitPolicy,DEFER,619,15807.3,0.00,0.00,39728.14,100.00,0.00,MODERATE,0.533
2026-10-07 03:52:40,2014.6,CostBenefitPolicy,DEFER,620,15807.3,0.00,0.00,39916.27,100.00,0.00,MODERATE,0.554
2026-10-07 03:53:51,2085.7,CostBenefitPolicy,DEFER,621,15807.3,0.00,0.00,39809.96,100.00,0.00,MODERATE,0.581
2026-10-07 03:55:02,2156.8,CostBenefitPolicy,DEFER,622,15807.3,0.00,0.00,39903.47,100.00,0.00,MODERATE,0.616
2026-10-07 03:56:12,2226.8,CostBenefitPolicy,DEFER,623,15807.3,0.00,0.00,39880.70,100.00,0.00,MODERATE,0.663
2026-10-07 03:57:21,2295.4,CostBenefitPolicy,DEFER,624,15807.3,0.00,0.00,39840.15,100.00,0.00,HIGH,0.719
2026-10-07 03:58:28,2362.4,CostBenefitPolicy,DEFER,625,15807.3,0.00,0.00,39907.52,100.00,0.00,HIGH,0.786
2026-10-07 03:59:34,2429.0,CostBenefitPolicy,DEFER,626,15807.3,0.00,0.00,39894.24,100.00,0.00,HIGH,0.857
2026-10-07 04:00:38,2492.3,CostBenefitPolicy,DEFER,627,15807.3,0.00,0.00,40111.34,100.00,0.00,BURST,0.918
2026-10-07 04:01:39,2553.5,CostBenefitPolicy,DEFER,629,15807.3,0.00,0.00,39781.77,100.00,0.00,BURST,0.963
2026-10-07 04:02:39,2613.7,CostBenefitPolicy,DEFER,630,15807.3,0.00,0.00,46423.35,100.00,0.00,BURST,0.990
2026-10-07 04:03:43,2677.1,CostBenefitPolicy,DEFER,631,15807.4,0.00,0.00,38101.79,100.00,0.00,BURST,1.000
2026-10-07 04:04:45,2739.8,CostBenefitPolicy,DEFER,632,15807.4,0.00,0.00,37684.16,100.00,0.00,BURST,0.995
2026-10-07 04:05:48,2803.0,CostBenefitPolicy,DEFER,633,15807.4,0.00,0.00,37894.45,100.00,0.00,BURST,0.983
2026-10-07 04:07:32,2906.7,CostBenefitPolicy,DEFER,635,15807.4,0.00,0.00,39788.70,100.00,0.00,BURST,0.966
2026-10-07 04:08:32,2966.9,CostBenefitPolicy,DEFER,636,15807.4,0.00,0.00,46185.16,100.00,0.00,BURST,0.962
2026-10-07 04:09:36,3030.3,CostBenefitPolicy,DEFER,637,15807.4,0.00,0.00,37779.01,100.00,0.00,BURST,0.961
2026-10-07 04:10:38,3092.9,CostBenefitPolicy,DEFER,638,15807.4,0.00,0.00,37685.95,100.00,0.00,BURST,0.962
2026-10-07 04:11:39,3153.1,CostBenefitPolicy,DEFER,639,15807.4,0.00,0.00,39769.01,100.00,0.00,BURST,0.961
2026-10-07 04:12:41,3215.6,CostBenefitPolicy,DEFER,640,15807.4,0.00,0.00,37954.77,100.00,0.00,BURST,0.957
2026-10-07 04:14:25,3319.2,CostBenefitPolicy,DEFER,642,15807.4,0.00,0.00,39683.95,100.00,0.00,BURST,0.940
2026-10-07 04:15:25,3379.3,CostBenefitPolicy,DEFER,643,15807.4,0.00,0.00,46414.88,100.00,0.00,BURST,0.924
2026-10-07 04:16:25,3439.5,CostBenefitPolicy,DEFER,644,15807.5,0.00,0.00,40258.30,100.00,0.00,BURST,0.905
2026-10-07 04:17:25,3499.7,CostBenefitPolicy,DEFER,645,15807.5,0.00,0.00,39611.86,100.00,0.00,HIGH,0.884
2026-10-07 04:18:29,3563.2,CostBenefitPolicy,DEFER,646,15807.5,0.00,0.00,39876.38,100.00,0.00,HIGH,0.867
2026-10-07 04:19:30,3624.2,CostBenefitPolicy,DEFER,647,15807.5,0.00,0.00,40055.39,100.00,0.00,HIGH,0.864
2026-10-07 04:20:31,3685.7,CostBenefitPolicy,DEFER,648,15807.5,0.00,0.00,39981.44,100.00,0.00,HIGH,0.882
2026-10-07 04:21:32,3746.7,CostBenefitPolicy,DEFER,649,15807.5,0.00,0.00,39774.82,100.00,0.00,BURST,0.912
2026-10-07 04:22:32,3807.0,CostBenefitPolicy,DEFER,650,15807.5,0.00,0.00,37878.36,100.00,0.00,BURST,0.932
2026-10-07 04:23:33,3867.1,CostBenefitPolicy,DEFER,651,15807.5,0.00,0.00,39925.76,100.00,0.00,BURST,0.912
2026-10-07 04:24:36,3930.8,CostBenefitPolicy,DEFER,652,15807.5,0.00,0.00,39745.38,100.00,0.00,HIGH,0.832
2026-10-07 04:25:37,3991.5,CostBenefitPolicy,DEFER,653,15807.5,0.00,0.00,40203.28,100.00,0.00,HIGH,0.717
2026-10-07 04:26:37,4051.6,CostBenefitPolicy,DEFER,654,15807.5,0.00,0.00,41980.00,100.00,0.00,MODERATE,0.593
2026-10-07 04:27:37,4111.9,CostBenefitPolicy,DEFER,654,15807.5,0.00,0.00,3863.28,100.00,0.00,MODERATE,0.486
2026-10-07 04:28:46,4180.3,CostBenefitPolicy,DEFER,655,15807.5,0.00,0.00,40384.35,100.00,0.00,MODERATE,0.392
2026-10-07 04:30:00,4254.7,CostBenefitPolicy,DEFER,656,15807.6,0.00,0.00,39686.15,100.00,0.00,MODERATE,0.315
2026-10-07 04:31:18,4332.3,CostBenefitPolicy,DEFER,657,15807.6,0.00,0.00,40109.18,100.00,0.00,LOW,0.250
2026-10-07 04:32:37,4411.7,CostBenefitPolicy,DEFER,658,15807.6,0.00,0.00,39625.73,100.00,0.00,LOW,0.193
2026-10-07 04:33:59,4493.8,CostBenefitPolicy,DEFER,659,15807.6,0.00,0.00,40098.03,100.00,0.00,LOW,0.140
2026-10-07 04:35:23,4577.5,CostBenefitPolicy,DEFER,660,15807.6,0.00,0.00,39898.27,100.00,0.00,LOW,0.095
2026-10-07 04:36:48,4663.0,CostBenefitPolicy,DEFER,661,15807.6,0.00,0.00,40122.17,100.00,0.00,LOW,0.056
2026-10-07 04:38:15,4749.8,CostBenefitPolicy,DEFER,662,15807.6,0.00,0.00,39833.39,100.00,0.00,LOW,0.028
2026-10-07 04:39:43,4837.4,CostBenefitPolicy,DEFER,663,15807.6,0.00,0.00,39896.43,100.00,0.00,LOW,0.008
2026-10-07 04:41:11,4925.7,CostBenefitPolicy,DEFER,664,15807.6,0.00,0.00,39801.61,100.00,0.00,LOW,0.000
2026-10-07 04:42:40,5015.1,CostBenefitPolicy,DEFER,665,15807.6,0.00,0.00,39881.28,100.00,0.00,LOW,0.003
2026-10-07 04:44:09,5103.9,CostBenefitPolicy,DEFER,666,15807.6,0.00,0.00,40078.99,100.00,0.00,LOW,0.015
2026-10-07 04:45:39,5193.2,CostBenefitPolicy,DEFER,667,15807.6,0.00,0.00,39792.35,100.00,0.00,LOW,0.035
2026-10-07 04:47:07,5281.6,CostBenefitPolicy,DEFER,668,15807.7,0.00,0.00,40240.76,100.00,0.00,LOW,0.063
2026-10-07 04:48:35,5369.6,CostBenefitPolicy,DEFER,669,15807.7,0.00,0.00,39809.10,100.00,0.00,LOW,0.096
