timestamp,elapsed_s,cpu_util_pct,cpu_util_avg_1min,cpu_util_avg_5min,cpu_trend,mem_used_pct,disk_io_read_bytes,disk_io_write_bytes,frag_file_count,table_size_mb,avg_file_size_kb,intensity,compaction_active,query_latency_ms,query_latency_during_compaction_ms
2026-10-06 20:13:58,0.0,13.2,13.2,13.2,0.0,6.0,0,0,32,15158.0,485054.5,0.110,False,nan,nan
2026-10-06 20:14:01,3.1,17.1,15.2,15.2,0.0,6.2,11280384,126976,32,15158.0,485054.5,0.110,False,nan,nan
2026-10-06 20:14:02,4.1,6.7,12.3,12.3,0.0,6.2,11280384,131072,32,15158.0,485054.5,0.110,False,nan,nan
2026-10-06 20:14:03,5.1,6.6,10.9,10.9,0.0,6.2,11280384,131072,32,15158.0,485054.5,0.110,False,nan,nan
2026-10-06 20:14:04,6.1,6.8,10.1,10.1,0.0,6.2,11280384,176128,32,15158.0,485054.5,0.110,False,nan,nan
2026-10-06 20:14:05,7.1,6.1,9.4,9.4,0.0,6.2,11280384,176128,32,15158.0,485054.5,0.110,False,nan,nan
2026-10-06 20:14:06,8.1,29.1,12.2,12.2,0.0,6.3,13594624,1040384,32,15158.0,485054.5,0.110,False,nan,nan
2026-10-06 20:14:13,14.7,64.9,18.8,18.8,0.0,16.7,20557824,3514368,32,15158.0,485054.5,0.112,False,nan,nan
2026-10-06 20:14:14,15.7,15.5,18.4,18.4,0.0,16.7,20848640,3514368,32,15158.0,485054.5,0.112,False,7997.7,nan
2026-10-06 20:14:15,16.7,4.3,17.0,17.0,0.0,16.7,20848640,3530752,32,15158.0,485054.5,0.112,False,nan,nan
2026-10-06 20:14:16,17.7,4.3,15.9,15.9,0.0,16.7,20848640,3530752,32,15158.0,485054.5,0.112,False,nan,nan
2026-10-06 20:14:17,18.7,4.7,14.9,14.9,0.0,16.7,20848640,3981312,32,15158.0,485054.5,0.112,False,nan,nan
2026-10-06 20:14:18,19.7,3.6,14.1,14.1,0.0,16.7,20848640,3981312,32,15158.0,485054.5,0.112,False,nan,nan
2026-10-06 20:14:19,20.7,3.7,13.3,13.3,0.0,16.7,20848640,3985408,32,15158.0,485054.5,0.114,False,nan,nan
2026-10-06 20:14:20,21.7,3.1,12.6,12.6,0.0,16.7,20848640,4001792,32,15158.0,485054.5,0.114,False,nan,nan
2026-10-06 20:14:21,22.7,13.4,12.7,12.7,0.0,16.8,21032960,4005888,32,15158.0,485054.5,0.114,False,nan,nan
2026-10-06 20:15:07,69.2,81.2,16.7,16.7,0.0,18.1,21164032,8986624,32,15158.0,485054.5,0.120,False,nan,nan
2026-10-06 20:15:08,70.2,91.6,20.9,20.9,0.0,18.7,21164032,8986624,32,15158.0,485054.5,0.122,False,nan,nan
2026-10-06 20:15:09,71.2,76.4,23.8,23.8,0.0,18.8,22470656,9003008,32,15158.0,485054.5,0.122,False,nan,nan
2026-10-06 20:15:10,72.2,71.0,26.2,26.2,0.0,18.8,22867968,9007104,33,15158.0,470356.1,0.122,False,nan,nan
2026-10-06 20:15:11,73.2,21.6,25.9,25.9,0.0,18.8,22945792,9011200,33,15158.0,470356.1,0.122,False,50638.9,nan
2026-10-06 20:15:12,74.2,2.1,24.9,24.9,0.0,18.8,22945792,10674176,33,15158.0,470356.1,0.122,False,nan,nan
2026-10-06 20:15:13,75.2,3.6,23.9,23.9,0.0,18.8,22945792,10678272,33,15158.0,470356.1,0.122,False,nan,nan
2026-10-06 20:15:14,76.2,3.1,23.1,23.1,0.0,18.8,22945792,10678272,33,15158.0,470356.1,0.122,False,nan,nan
2026-10-06 20:15:15,77.2,2.1,22.2,22.2,0.0,18.8,22945792,11120640,33,15158.0,470356.1,0.122,False,nan,nan
2026-10-06 20:15:16,78.2,4.4,21.5,21.5,0.0,18.8,22945792,11120640,33,15158.0,470356.1,0.122,False,nan,nan
2026-10-06 20:15:17,79.2,1.9,20.8,20.8,0.0,18.8,22945792,11169792,33,15158.0,470356.1,0.122,False,nan,nan
2026-10-06 20:15:18,80.2,8.9,20.4,20.4,0.0,18.8,22986752,11354112,33,15158.0,470356.1,0.123,False,nan,nan
2026-10-06 20:15:23,85.3,78.0,22.4,22.4,0.0,16.9,22986752,13021184,33,15158.0,470356.1,0.123,False,nan,nan
2026-10-06 20:15:24,86.3,20.8,22.3,22.3,0.0,16.9,22986752,13021184,33,15158.0,470356.1,0.123,False,5851.4,nan
2026-10-06 20:15:25,87.3,2.6,21.7,21.7,0.0,16.9,22986752,13037568,33,15158.0,470356.1,0.123,False,nan,nan
2026-10-06 20:15:26,88.3,2.4,21.1,21.1,0.0,16.9,22986752,13037568,33,15158.0,470356.1,0.123,False,nan,nan
2026-10-06 20:15:27,89.3,2.9,20.5,20.5,0.0,16.9,22986752,13037568,33,15158.0,470356.1,0.123,False,nan,nan
2026-10-06 20:15:28,90.3,3.1,20.0,20.0,0.0,16.9,22986752,13963264,33,15158.0,470356.1,0.125,False,nan,nan
2026-10-06 20:15:29,91.3,2.3,19.5,19.5,0.0,16.9,22986752,14565376,33,15158.0,470356.1,0.125,False,nan,nan
2026-10-06 20:15:30,92.3,2.7,19.0,19.0,0.0,16.9,22986752,14876672,33,15158.0,470356.1,0.125,False,nan,nan
2026-10-06 20:15:31,93.3,33.1,19.4,19.4,0.0,16.8,22986752,14876672,33,15158.0,470356.1,0.125,False,nan,nan
2026-10-06 20:15:34,96.0,72.6,20.8,20.8,0.0,16.9,22986752,15888384,33,15158.0,470356.1,0.125,False,nan,nan
2026-10-06 20:15:35,97.0,7.7,20.5,20.5,0.0,16.9,22986752,15921152,33,15158.0,470356.1,0.125,False,3425.4,nan
2026-10-06 20:15:36,98.0,1.9,20.0,20.0,0.0,16.9,22986752,15921152,33,15158.0,470356.1,0.125,False,nan,nan
2026-10-06 20:15:37,99.0,2.0,19.6,19.6,0.0,16.9,22986752,15921152,33,15158.0,470356.1,0.125,False,nan,nan
2026-10-06 20:15:38,100.0,2.0,19.2,19.2,0.0,16.9,22986752,17387520,33,15158.0,470356.1,0.125,False,nan,nan
2026-10-06 20:15:39,101.0,2.2,18.8,18.8,0.0,16.9,22986752,17387520,33,15158.0,470356.1,0.127,False,nan,nan
2026-10-06 20:15:40,102.0,2.4,18.4,18.4,0.0,16.9,22986752,17485824,33,15158.0,470356.1,0.127,False,nan,nan
2026-10-06 20:15:41,103.0,3.7,18.1,18.1,0.0,16.9,22986752,17489920,33,15158.0,470356.1,0.127,False,nan,nan
2026-10-06 20:15:42,104.0,54.4,18.9,18.9,0.0,16.9,22986752,17489920,33,15158.0,470356.1,0.127,False,nan,nan
2026-10-06 20:15:46,107.8,71.6,20.0,20.0,0.0,17.9,22986752,18223104,33,15158.0,470356.1,0.127,False,nan,nan
2026-10-06 20:15:47,108.8,12.8,19.8,19.8,0.0,18.0,22986752,18231296,33,15158.0,470356.1,0.127,False,4975.4,nan
2026-10-06 20:15:48,109.8,2.1,19.5,19.5,0.0,18.0,22986752,18231296,33,15158.0,470356.1,0.127,False,nan,nan
2026-10-06 20:15:49,110.8,2.2,19.1,19.1,0.0,18.0,22986752,20598784,33,15158.0,470356.1,0.128,False,nan,nan
2026-10-06 20:15:50,111.8,2.2,18.8,18.8,0.0,18.0,22986752,20598784,33,15158.0,470356.1,0.128,False,nan,nan
2026-10-06 20:15:51,112.8,2.5,18.5,18.5,0.0,18.0,22986752,20639744,33,15158.0,470356.1,0.128,False,nan,nan
2026-10-06 20:15:52,113.8,3.3,18.2,18.2,0.0,18.0,22986752,20639744,33,15158.0,470356.1,0.128,False,nan,nan
2026-10-06 20:15:53,114.8,2.5,17.9,17.9,0.0,18.0,22986752,20643840,33,15158.0,470356.1,0.128,False,nan,nan
2026-10-06 20:15:54,115.8,33.7,18.2,18.2,0.0,18.5,22986752,20828160,33,15158.0,470356.1,0.128,False,nan,nan
2026-10-06 20:16:39,161.0,80.9,19.3,19.3,0.0,18.2,22986752,25251840,33,15158.0,470356.1,0.137,False,nan,nan
2026-10-06 20:16:40,162.0,81.0,20.4,20.4,0.0,18.3,22986752,25751552,33,15158.0,470356.1,0.137,False,nan,nan
2026-10-06 20:16:41,163.0,74.4,21.3,21.3,0.0,18.3,22990848,26316800,34,15158.0,456522.4,0.137,False,nan,nan
2026-10-06 20:16:42,164.1,57.5,21.9,21.9,0.0,18.3,22990848,26316800,34,15158.0,456522.4,0.137,False,nan,nan
2026-10-06 20:16:43,165.1,16.0,21.8,21.8,0.0,18.3,22990848,26316800,34,15158.0,456522.4,0.137,False,49487.1,nan
2026-10-06 20:16:44,166.1,2.5,21.7,21.5,0.1,18.3,22990848,26316800,34,15158.0,456522.4,0.137,False,nan,nan
2026-10-06 20:16:45,167.1,1.3,21.4,21.2,0.2,18.3,22990848,26517504,34,15158.0,456522.4,0.137,False,nan,nan
2026-10-06 20:16:46,168.1,1.5,21.3,20.9,0.4,18.2,22990848,27066368,34,15158.0,456522.4,0.137,False,nan,nan
2026-10-06 20:16:47,169.1,1.8,21.2,20.6,0.6,18.2,22990848,27066368,34,15158.0,456522.4,0.137,False,nan,nan
2026-10-06 20:16:48,170.1,2.3,21.2,20.3,0.9,18.2,22990848,27090944,34,15158.0,456522.4,0.137,False,nan,nan
2026-10-06 20:16:49,171.1,1.8,21.1,20.0,1.1,18.2,22990848,27377664,34,15158.0,456522.4,0.139,False,nan,nan
2026-10-06 20:16:50,172.1,32.3,21.1,20.2,0.9,18.2,22990848,27512832,34,15158.0,456522.4,0.139,False,nan,nan
2026-10-06 20:16:54,176.5,79.9,21.4,21.1,0.3,18.2,22990848,30208000,34,15158.0,456522.4,0.139,False,nan,nan
2026-10-06 20:16:55,177.5,16.4,21.4,21.0,0.4,18.2,22990848,30429184,34,15158.0,456522.4,0.139,False,5347.1,nan
2026-10-06 20:16:56,178.5,1.4,21.4,20.7,0.6,18.2,22990848,30433280,34,15158.0,456522.4,0.139,False,nan,nan
2026-10-06 20:16:57,179.5,2.0,21.3,20.5,0.8,18.2,22990848,30433280,34,15158.0,456522.4,0.139,False,nan,nan
2026-10-06 20:16:58,180.5,1.5,21.3,20.2,1.1,18.2,22990848,30433280,34,15158.0,456522.4,0.140,False,nan,nan
2026-10-06 20:16:59,181.5,2.9,21.3,20.0,1.3,18.2,22990848,31002624,34,15158.0,456522.4,0.140,False,nan,nan
2026-10-06 20:17:00,182.5,1.9,21.2,19.7,1.5,18.2,22990848,31006720,34,15158.0,456522.4,0.140,False,nan,nan
2026-10-06 20:17:01,183.5,1.8,21.2,19.5,1.7,18.2,22990848,31023104,34,15158.0,456522.4,0.140,False,nan,nan
2026-10-06 20:17:02,184.5,42.5,21.7,19.8,1.9,18.2,22990848,31023104,34,15158.0,456522.4,0.140,False,nan,nan
2026-10-06 20:17:05,187.2,74.6,21.6,20.5,1.1,18.3,22990848,31653888,34,15158.0,456522.4,0.140,False,nan,nan
2026-10-06 20:17:06,188.2,8.9,20.2,20.4,-0.2,18.3,22990848,31653888,34,15158.0,456522.4,0.140,False,3548.2,nan
2026-10-06 20:17:07,189.2,1.8,19.0,20.1,-1.2,18.3,22990848,31678464,34,15158.0,456522.4,0.140,False,nan,nan
2026-10-06 20:17:08,190.2,1.4,17.8,19.9,-2.1,18.3,22990848,31678464,34,15158.0,456522.4,0.142,False,nan,nan
2026-10-06 20:17:09,191.2,1.5,17.5,19.7,-2.2,18.3,22990848,32096256,34,15158.0,456522.4,0.142,False,nan,nan
2026-10-06 20:17:10,192.2,3.7,17.5,19.5,-2.0,18.3,22990848,34074624,34,15158.0,456522.4,0.142,False,nan,nan
2026-10-06 20:17:11,193.2,2.5,17.5,19.3,-1.8,18.3,22990848,34078720,34,15158.0,456522.4,0.142,False,nan,nan
2026-10-06 20:17:12,194.2,2.1,17.5,19.1,-1.6,18.3,22990848,34766848,34,15158.0,456522.4,0.142,False,nan,nan
2026-10-06 20:17:13,195.2,64.0,18.5,19.6,-1.1,18.3,23011328,34766848,34,15158.0,456522.4,0.142,False,nan,nan
2026-10-06 20:17:17,198.7,74.5,19.7,20.2,-0.6,19.0,23011328,35409920,34,15158.0,456522.4,0.142,False,nan,nan
2026-10-06 20:17:18,199.7,20.2,20.0,20.2,-0.3,19.0,23011328,35409920,34,15158.0,456522.4,0.142,False,4817.7,nan
2026-10-06 20:17:19,200.7,1.2,19.8,20.0,-0.2,19.0,23011328,35409920,34,15158.0,456522.4,0.144,False,nan,nan
2026-10-06 20:17:20,201.7,2.0,18.6,19.8,-1.2,19.0,23011328,35934208,34,15158.0,456522.4,0.144,False,nan,nan
2026-10-06 20:17:21,202.7,1.6,18.2,19.6,-1.4,19.0,23011328,37494784,34,15158.0,456522.4,0.144,False,nan,nan
2026-10-06 20:17:22,203.7,1.8,18.2,19.4,-1.2,19.0,23011328,37511168,34,15158.0,456522.4,0.144,False,nan,nan
2026-10-06 20:17:23,204.7,1.4,18.2,19.2,-1.0,19.0,23011328,37515264,34,15158.0,456522.4,0.144,False,nan,nan
2026-10-06 20:17:24,205.7,1.1,18.2,19.0,-0.8,19.0,23011328,37515264,34,15158.0,456522.4,0.144,False,nan,nan
2026-10-06 20:17:25,206.7,60.1,19.1,19.5,-0.3,19.0,23011328,37736448,34,15158.0,456522.4,0.144,False,nan,nan
2026-10-06 20:18:09,251.5,80.8,20.4,20.1,0.3,19.1,23011328,42409984,34,15158.0,456522.4,0.152,False,nan,nan
2026-10-06 20:18:10,252.5,82.1,21.8,20.7,1.0,19.1,23011328,42409984,34,15158.0,456522.4,0.152,False,nan,nan
2026-10-06 20:18:11,253.5,72.2,22.4,21.3,1.1,19.1,23011328,42594304,35,15158.0,443479.1,0.152,False,nan,nan
2026-10-06 20:18:12,254.5,66.4,22.3,21.7,0.6,19.1,23011328,42704896,35,15158.0,443479.1,0.152,False,nan,nan
2026-10-06 20:18:13,255.5,32.6,22.7,21.8,0.9,19.1,23011328,43229184,35,15158.0,443479.1,0.152,False,49554.0,nan
2026-10-06 20:18:14,256.5,2.7,22.7,21.7,1.1,19.1,23011328,43229184,35,15158.0,443479.1,0.152,False,nan,nan
2026-10-06 20:18:15,257.5,1.1,22.7,21.5,1.3,19.1,23011328,43233280,35,15158.0,443479.1,0.152,False,nan,nan
2026-10-06 20:18:16,258.5,1.1,22.7,21.3,1.5,19.1,23011328,44433408,35,15158.0,443479.1,0.152,False,nan,nan
2026-10-06 20:18:17,259.5,2.7,22.7,21.1,1.6,19.1,23011328,44457984,35,15158.0,443479.1,0.152,False,nan,nan
2026-10-06 20:18:18,260.5,1.2,22.7,20.9,1.8,19.1,23011328,44777472,35,15158.0,443479.1,0.154,False,nan,nan
2026-10-06 20:18:19,261.5,1.4,22.7,20.7,2.0,19.1,23011328,44777472,35,15158.0,443479.1,0.154,False,nan,nan
2026-10-06 20:18:20,262.5,10.8,21.9,20.6,1.3,19.1,23011328,44777472,35,15158.0,443479.1,0.154,False,nan,nan
2026-10-06 20:18:25,267.2,79.4,22.1,21.2,0.9,19.1,23011328,45236224,35,15158.0,443479.1,0.154,False,nan,nan
2026-10-06 20:18:26,268.2,18.9,22.2,21.1,1.0,19.1,23011328,45236224,35,15158.0,443479.1,0.154,False,5353.7,nan
2026-10-06 20:18:27,269.2,3.2,22.2,21.0,1.2,19.1,23011328,46796800,35,15158.0,443479.1,0.154,False,nan,nan
2026-10-06 20:18:28,270.2,1.7,22.2,20.8,1.4,19.1,23011328,46796800,35,15158.0,443479.1,0.156,False,nan,nan
2026-10-06 20:18:29,271.2,2.7,22.2,20.6,1.6,19.1,23011328,46813184,35,15158.0,443479.1,0.156,False,nan,nan
2026-10-06 20:18:30,272.2,2.7,22.2,20.5,1.7,19.1,23011328,47243264,35,15158.0,443479.1,0.156,False,nan,nan
2026-10-06 20:18:31,273.2,2.4,22.2,20.3,1.9,19.1,23011328,47874048,35,15158.0,443479.1,0.156,False,nan,nan
2026-10-06 20:18:32,274.2,2.2,22.2,20.1,2.0,19.1,23011328,47874048,35,15158.0,443479.1,0.156,False,nan,nan
2026-10-06 20:18:33,275.2,43.8,22.3,20.4,2.0,19.6,23011328,47874048,35,15158.0,443479.1,0.156,False,nan,nan
2026-10-06 20:18:35,277.5,76.8,22.3,20.8,1.4,19.6,23011328,48586752,35,15158.0,443479.1,0.156,False,nan,nan
2026-10-06 20:18:36,278.5,9.9,21.1,20.7,0.3,19.6,23011328,48586752,35,15158.0,443479.1,0.156,False,3352.6,nan
2026-10-06 20:18:37,279.5,1.8,19.9,20.6,-0.7,19.5,23011328,48586752,35,15158.0,443479.1,0.156,False,nan,nan
2026-10-06 20:18:38,280.5,1.4,18.9,20.4,-1.5,19.5,23011328,48611328,35,15158.0,443479.1,0.158,False,nan,nan
2026-10-06 20:18:39,281.5,1.4,18.7,20.3,-1.6,19.5,23011328,49025024,35,15158.0,443479.1,0.158,False,nan,nan
2026-10-06 20:18:40,282.5,2.8,18.7,20.1,-1.4,19.5,23011328,49025024,35,15158.0,443479.1,0.158,False,nan,nan
2026-10-06 20:18:41,283.5,1.9,18.7,20.0,-1.3,19.5,23011328,49029120,35,15158.0,443479.1,0.158,False,nan,nan
2026-10-06 20:18:42,284.5,1.7,18.7,19.8,-1.1,19.5,23011328,49029120,35,15158.0,443479.1,0.158,False,nan,nan
2026-10-06 20:18:43,285.5,65.8,19.8,20.2,-0.4,19.4,23011328,49029120,35,15158.0,443479.1,0.158,False,nan,nan
2026-10-06 20:18:47,288.8,73.8,21.0,20.6,0.3,19.3,23011328,50016256,35,15158.0,443479.1,0.158,False,nan,nan
2026-10-06 20:18:48,289.8,15.0,21.2,20.6,0.6,19.2,23011328,50016256,35,15158.0,443479.1,0.158,False,4624.3,nan
2026-10-06 20:18:49,290.8,1.8,20.7,20.4,0.2,19.2,23011328,50024448,35,15158.0,443479.1,0.160,False,nan,nan
2026-10-06 20:18:50,291.8,1.7,19.4,20.3,-0.9,19.2,23011328,50077696,35,15158.0,443479.1,0.160,False,nan,nan
2026-10-06 20:18:51,292.8,2.1,19.1,20.1,-1.0,19.2,23011328,50507776,35,15158.0,443479.1,0.160,False,nan,nan
2026-10-06 20:18:52,293.8,2.3,19.2,20.0,-0.9,19.2,23011328,50507776,35,15158.0,443479.1,0.160,False,nan,nan
2026-10-06 20:18:53,294.8,2.5,19.2,19.9,-0.7,19.2,23011328,50511872,35,15158.0,443479.1,0.160,False,nan,nan
2026-10-06 20:18:54,295.8,1.5,19.2,19.7,-0.6,19.2,23011328,50511872,35,15158.0,443479.1,0.160,False,nan,nan
2026-10-06 20:18:55,296.8,54.9,20.0,20.0,0.0,20.5,23011328,50528256,35,15158.0,443479.1,0.160,False,nan,nan
2026-10-06 20:19:40,342.2,80.5,21.3,20.5,0.9,19.9,23011328,54841344,35,15158.0,443479.1,0.168,False,nan,nan
2026-10-06 20:19:41,343.2,79.3,22.6,20.9,1.7,19.9,23011328,55918592,35,15158.0,443479.1,0.168,False,nan,nan
2026-10-06 20:19:42,344.2,69.7,23.1,21.2,1.8,19.9,23011328,55918592,35,15158.0,443479.1,0.168,False,nan,nan
2026-10-06 20:19:43,345.2,37.0,22.5,21.4,1.1,19.9,23011328,55918592,36,15158.0,431160.5,0.168,False,nan,nan
2026-10-06 20:19:44,346.2,5.0,22.4,21.2,1.2,19.9,23011328,56016896,36,15158.0,431160.5,0.168,False,49634.1,nan
2026-10-06 20:19:45,347.2,1.5,22.4,21.1,1.3,19.9,23011328,56020992,36,15158.0,431160.5,0.168,False,nan,nan
2026-10-06 20:19:46,348.2,1.3,22.4,21.0,1.4,19.9,23011328,56143872,36,15158.0,431160.5,0.168,False,nan,nan
2026-10-06 20:19:47,349.2,1.2,22.4,20.8,1.6,19.9,23011328,56602624,36,15158.0,431160.5,0.168,False,nan,nan
2026-10-06 20:19:48,350.2,1.4,22.3,20.7,1.7,19.9,23011328,56602624,36,15158.0,431160.5,0.168,False,nan,nan
2026-10-06 20:19:49,351.2,1.7,22.3,20.5,1.8,19.9,23011328,56737792,36,15158.0,431160.5,0.170,False,nan,nan
2026-10-06 20:19:50,352.2,1.5,22.3,20.4,1.9,19.9,23011328,56737792,36,15158.0,431160.5,0.170,False,nan,nan
2026-10-06 20:19:55,357.2,78.2,22.6,20.8,1.7,19.9,23011328,57335808,36,15158.0,431160.5,0.170,False,nan,nan
2026-10-06 20:19:56,358.2,13.3,21.5,20.8,0.8,19.9,23011328,57335808,36,15158.0,431160.5,0.170,False,5316.3,nan
2026-10-06 20:19:57,359.2,1.0,21.2,20.6,0.6,19.9,23011328,57868288,36,15158.0,431160.5,0.170,False,nan,nan
2026-10-06 20:19:58,360.2,1.2,21.2,20.5,0.7,19.9,23011328,57868288,36,15158.0,431160.5,0.170,False,nan,nan
2026-10-06 20:19:59,361.2,1.4,21.2,20.4,0.8,19.9,23011328,58064896,36,15158.0,431160.5,0.172,False,nan,nan
2026-10-06 20:20:00,362.2,1.5,21.2,20.2,1.0,19.9,23011328,58064896,36,15158.0,431160.5,0.172,False,nan,nan
2026-10-06 20:20:01,363.2,2.3,21.2,20.1,1.1,19.9,23011328,58068992,36,15158.0,431160.5,0.172,False,nan,nan
2026-10-06 20:20:02,364.2,1.8,21.2,20.0,1.2,19.9,23011328,58068992,36,15158.0,431160.5,0.172,False,nan,nan
2026-10-06 20:20:05,367.1,70.4,22.4,20.3,2.0,19.9,23011328,58871808,36,15158.0,431160.5,0.172,False,nan,nan
2026-10-06 20:20:06,368.1,8.6,21.5,20.3,1.3,19.9,23011328,58871808,36,15158.0,431160.5,0.172,False,3191.9,nan
2026-10-06 20:20:07,369.1,1.1,20.2,20.1,0.1,19.9,23011328,58880000,36,15158.0,431160.5,0.172,False,nan,nan
2026-10-06 20:20:08,370.1,1.0,18.8,20.0,-1.2,19.9,23011328,59494400,36,15158.0,431160.5,0.172,False,nan,nan
2026-10-06 20:20:09,371.1,1.2,17.7,19.9,-2.2,19.9,23011328,60403712,36,15158.0,431160.5,0.174,False,nan,nan
2026-10-06 20:20:10,372.1,3.0,16.6,19.8,-3.2,19.9,23011328,60403712,36,15158.0,431160.5,0.174,False,nan,nan
2026-10-06 20:20:11,373.1,2.2,16.1,19.7,-3.6,19.9,23011328,60403712,36,15158.0,431160.5,0.174,False,nan,nan
2026-10-06 20:20:12,374.1,3.7,16.1,19.6,-3.5,19.9,23011328,60907520,36,15158.0,431160.5,0.174,False,nan,nan
2026-10-06 20:20:16,378.5,70.4,17.3,19.9,-2.6,20.6,23011328,62279680,36,15158.0,431160.5,0.174,False,nan,nan
2026-10-06 20:20:17,379.5,13.0,17.5,19.8,-2.4,20.6,23011328,62828544,36,15158.0,431160.5,0.174,False,4814.1,nan
2026-10-06 20:20:18,380.5,1.4,17.4,19.7,-2.3,20.6,23011328,62873600,36,15158.0,431160.5,0.176,False,nan,nan
2026-10-06 20:20:19,381.5,1.3,17.4,19.6,-2.2,20.6,23011328,63807488,36,15158.0,431160.5,0.176,False,nan,nan
2026-10-06 20:20:20,382.5,1.1,17.4,19.5,-2.1,20.6,23011328,63807488,36,15158.0,431160.5,0.176,False,nan,nan
2026-10-06 20:20:21,383.5,1.7,17.3,19.4,-2.1,20.6,23011328,64393216,36,15158.0,431160.5,0.176,False,nan,nan
2026-10-06 20:20:22,384.5,1.2,16.0,19.3,-3.3,20.6,23011328,64397312,36,15158.0,431160.5,0.176,False,nan,nan
2026-10-06 20:20:23,385.5,3.0,15.7,19.2,-3.5,20.6,23011328,64577536,36,15158.0,431160.5,0.176,False,nan,nan
2026-10-06 20:21:09,430.7,80.1,17.0,19.6,-2.6,20.6,23011328,69611520,36,15158.0,431160.5,0.184,False,nan,nan
2026-10-06 20:21:10,431.7,82.7,18.3,19.9,-1.6,20.6,23011328,69611520,36,15158.0,431160.5,0.184,False,nan,nan
2026-10-06 20:21:11,432.7,71.2,19.5,20.2,-0.7,20.6,23011328,70287360,37,15158.0,419507.8,0.184,False,nan,nan
2026-10-06 20:21:12,433.7,68.2,20.6,20.5,0.1,20.6,23011328,70356992,37,15158.0,419507.8,0.184,False,nan,nan
2026-10-06 20:21:13,434.7,31.5,21.1,20.6,0.5,20.6,23011328,70356992,37,15158.0,419507.8,0.184,False,49243.4,nan
2026-10-06 20:21:14,435.7,2.1,21.1,20.5,0.6,20.6,23011328,70356992,37,15158.0,419507.8,0.184,False,nan,nan
2026-10-06 20:21:15,436.7,2.1,20.4,20.4,0.0,20.6,23011328,70361088,37,15158.0,419507.8,0.184,False,nan,nan
2026-10-06 20:21:16,437.7,1.4,19.1,20.3,-1.1,20.6,23011328,71188480,37,15158.0,419507.8,0.184,False,nan,nan
2026-10-06 20:21:17,438.7,1.3,19.0,20.1,-1.2,20.6,23011328,71188480,37,15158.0,419507.8,0.184,False,nan,nan
2026-10-06 20:21:18,439.7,2.0,19.0,20.0,-1.1,20.6,23011328,71204864,37,15158.0,419507.8,0.184,False,nan,nan
2026-10-06 20:21:19,440.7,1.1,19.0,19.9,-1.0,20.6,23011328,71356416,37,15158.0,419507.8,0.186,False,nan,nan
2026-10-06 20:21:20,441.7,35.7,19.5,20.0,-0.5,20.6,23011328,71356416,37,15158.0,419507.8,0.186,False,nan,nan
2026-10-06 20:21:24,446.1,79.4,20.8,20.4,0.5,20.6,23011328,72044544,37,15158.0,419507.8,0.186,False,nan,nan
2026-10-06 20:21:25,447.1,15.7,21.0,20.3,0.7,20.6,23011328,72044544,37,15158.0,419507.8,0.186,False,5291.5,nan
2026-10-06 20:21:26,448.1,1.2,21.0,20.2,0.8,20.6,23011328,73797632,37,15158.0,419507.8,0.186,False,nan,nan
2026-10-06 20:21:27,449.1,1.0,20.0,20.1,-0.2,20.6,23011328,73797632,37,15158.0,419507.8,0.186,False,nan,nan
2026-10-06 20:21:28,450.1,1.3,18.7,20.0,-1.3,20.5,23011328,73814016,37,15158.0,419507.8,0.186,False,nan,nan
2026-10-06 20:21:29,451.1,3.0,18.5,19.9,-1.4,20.5,23011328,73814016,37,15158.0,419507.8,0.188,False,nan,nan
2026-10-06 20:21:30,452.1,1.2,18.5,19.8,-1.3,20.5,23011328,73818112,37,15158.0,419507.8,0.188,False,nan,nan
2026-10-06 20:21:31,453.1,2.8,18.6,19.7,-1.2,20.5,23011328,74014720,37,15158.0,419507.8,0.188,False,nan,nan
2026-10-06 20:21:34,456.6,59.8,19.5,19.9,-0.4,21.6,23011328,74604544,37,15158.0,419507.8,0.188,False,nan,nan
2026-10-06 20:21:35,457.6,6.9,19.6,19.9,-0.3,21.6,23011328,74612736,37,15158.0,419507.8,0.188,False,3853.2,nan
2026-10-06 20:21:36,458.6,1.3,19.6,19.8,-0.2,21.6,23011328,76861440,37,15158.0,419507.8,0.188,False,nan,nan
2026-10-06 20:21:37,459.7,2.0,19.6,19.7,-0.1,21.6,23011328,76886016,37,15158.0,419507.8,0.188,False,nan,nan
2026-10-06 20:21:38,460.7,1.7,18.7,19.6,-0.9,21.6,23011328,76890112,37,15158.0,419507.8,0.190,False,nan,nan
2026-10-06 20:21:39,461.7,1.3,17.4,19.5,-2.1,21.6,23011328,77144064,37,15158.0,419507.8,0.190,False,nan,nan
2026-10-06 20:21:40,462.7,2.3,16.1,19.4,-3.3,21.6,23011328,77144064,37,15158.0,419507.8,0.190,False,nan,nan
2026-10-06 20:21:41,463.7,13.5,15.2,19.4,-4.2,21.6,23011328,77172736,37,15158.0,419507.8,0.190,False,nan,nan
2026-10-06 20:21:46,467.7,74.6,15.8,19.7,-3.9,21.5,23011328,77828096,37,15158.0,419507.8,0.190,False,nan,nan
2026-10-06 20:21:47,468.7,11.3,15.9,19.6,-3.7,21.4,23011328,79720448,37,15158.0,419507.8,0.190,False,4671.1,nan
2026-10-06 20:21:48,469.7,1.7,15.9,19.5,-3.6,21.5,23011328,79720448,37,15158.0,419507.8,0.190,False,nan,nan
2026-10-06 20:21:49,470.7,1.4,15.9,19.4,-3.5,21.5,23011328,80478208,37,15158.0,419507.8,0.192,False,nan,nan
2026-10-06 20:21:50,471.7,1.0,15.9,19.3,-3.5,21.5,23011328,80932864,37,15158.0,419507.8,0.192,False,nan,nan
2026-10-06 20:21:51,472.7,1.2,15.9,19.3,-3.4,21.5,23011328,80932864,37,15158.0,419507.8,0.192,False,nan,nan
2026-10-06 20:21:52,473.7,2.0,15.9,19.2,-3.3,21.5,23011328,80961536,37,15158.0,419507.8,0.192,False,nan,nan
2026-10-06 20:21:53,474.7,10.8,16.0,19.1,-3.1,21.5,23011328,80961536,37,15158.0,419507.8,0.192,False,nan,nan
2026-10-06 20:22:38,520.4,80.1,16.1,19.4,-3.4,21.4,23011328,86212608,37,15158.0,419507.8,0.201,False,nan,nan
2026-10-06 20:22:39,521.4,79.3,17.2,19.7,-2.5,21.4,23011328,86212608,37,15158.0,419507.8,0.201,False,nan,nan
2026-10-06 20:22:40,522.4,76.3,18.4,20.0,-1.6,21.4,23011328,86212608,37,15158.0,419507.8,0.201,False,nan,nan
2026-10-06 20:22:41,523.4,49.4,19.2,20.1,-0.9,21.4,23011328,86228992,37,15158.0,419507.8,0.201,False,nan,nan
2026-10-06 20:22:42,524.4,5.7,19.3,20.1,-0.8,21.4,23015424,86695936,38,15158.0,408468.3,0.201,False,49253.3,nan
2026-10-06 20:22:43,525.4,1.5,19.3,20.0,-0.7,21.4,23015424,87412736,38,15158.0,408468.3,0.201,False,nan,nan
2026-10-06 20:22:44,526.4,1.1,19.3,19.9,-0.6,21.4,23015424,87416832,38,15158.0,408468.3,0.201,False,nan,nan
2026-10-06 20:22:45,527.4,2.0,19.3,19.8,-0.5,21.4,23015424,87420928,38,15158.0,408468.3,0.201,False,nan,nan
2026-10-06 20:22:46,528.4,1.4,18.1,19.7,-1.6,21.4,23015424,87420928,38,15158.0,408468.3,0.201,False,nan,nan
2026-10-06 20:22:47,529.4,1.6,18.0,19.6,-1.6,21.4,23015424,87486464,38,15158.0,408468.3,0.201,False,nan,nan
2026-10-06 20:22:48,530.4,17.9,18.3,19.6,-1.3,21.4,23015424,87613440,38,15158.0,408468.3,0.203,False,nan,nan
2026-10-06 20:22:53,535.1,79.6,19.6,19.9,-0.3,21.4,23015424,90030080,38,15158.0,408468.3,0.203,False,nan,nan
2026-10-06 20:22:54,536.1,22.0,20.0,19.9,0.1,20.7,23015424,90030080,38,15158.0,408468.3,0.203,False,5492.5,nan
2026-10-06 20:22:55,537.1,1.2,19.9,19.8,0.1,20.7,23015424,90030080,38,15158.0,408468.3,0.203,False,nan,nan
2026-10-06 20:22:56,538.1,1.1,19.9,19.7,0.2,20.7,23015424,90030080,38,15158.0,408468.3,0.203,False,nan,nan
2026-10-06 20:22:57,539.1,1.7,19.9,19.7,0.2,20.7,23015424,90079232,38,15158.0,408468.3,0.203,False,nan,nan
2026-10-06 20:22:58,540.1,1.4,18.7,19.6,-0.8,20.7,23015424,90931200,38,15158.0,408468.3,0.203,False,nan,nan
2026-10-06 20:22:59,541.1,1.7,18.5,19.5,-1.0,20.7,23015424,90931200,38,15158.0,408468.3,0.204,False,nan,nan
2026-10-06 20:23:00,542.1,1.9,18.6,19.4,-0.9,20.7,23015424,90931200,38,15158.0,408468.3,0.204,False,nan,nan
2026-10-06 20:23:03,544.7,72.7,19.7,19.7,0.1,20.7,23015424,90947584,38,15158.0,408468.3,0.204,False,nan,nan
2026-10-06 20:23:04,545.7,11.6,19.9,19.6,0.3,20.7,23015424,93003776,38,15158.0,408468.3,0.204,False,3006.9,nan
2026-10-06 20:23:05,546.7,1.6,19.9,19.5,0.4,20.7,23015424,93003776,38,15158.0,408468.3,0.204,False,nan,nan
2026-10-06 20:23:06,547.7,2.3,19.9,19.5,0.5,20.7,23015424,93003776,38,15158.0,408468.3,0.204,False,nan,nan
2026-10-06 20:23:07,548.8,2.7,19.9,19.4,0.5,20.7,23015424,93003776,38,15158.0,408468.3,0.204,False,nan,nan
2026-10-06 20:23:08,549.8,1.0,18.6,19.3,-0.7,20.7,23015424,93003776,38,15158.0,408468.3,0.204,False,nan,nan
2026-10-06 20:23:09,550.8,1.2,17.2,19.2,-2.0,20.7,23015424,93229056,38,15158.0,408468.3,0.206,False,nan,nan
2026-10-06 20:23:10,551.8,19.9,16.4,19.2,-2.8,20.7,23015424,93229056,38,15158.0,408468.3,0.206,False,nan,nan
2026-10-06 20:23:14,555.7,73.6,16.5,19.5,-3.0,20.6,23015424,94593024,38,15158.0,408468.3,0.206,False,nan,nan
2026-10-06 20:23:15,556.7,11.1,16.1,19.4,-3.3,20.6,23015424,95240192,38,15158.0,408468.3,0.206,False,4597.0,nan
2026-10-06 20:23:16,557.7,1.0,16.1,19.4,-3.2,20.6,23015424,95240192,38,15158.0,408468.3,0.206,False,nan,nan
2026-10-06 20:23:17,558.7,0.9,16.1,19.3,-3.2,20.6,23015424,95240192,38,15158.0,408468.3,0.206,False,nan,nan
2026-10-06 20:23:18,559.7,1.5,16.1,19.2,-3.1,20.6,23015424,95240192,38,15158.0,408468.3,0.206,False,nan,nan
2026-10-06 20:23:19,560.7,1.1,16.1,19.1,-3.0,20.6,23015424,95584256,38,15158.0,408468.3,0.208,False,nan,nan
2026-10-06 20:23:20,561.7,2.5,16.1,19.1,-2.9,20.6,23015424,95879168,38,15158.0,408468.3,0.208,False,nan,nan
2026-10-06 20:23:21,562.7,21.5,16.5,19.1,-2.6,20.6,23015424,95879168,38,15158.0,408468.3,0.208,False,nan,nan
2026-10-06 20:24:06,608.0,80.3,17.2,19.3,-2.1,22.2,23015424,102297600,38,15158.0,408468.3,0.215,False,nan,nan
2026-10-06 20:24:07,609.0,78.0,17.2,19.6,-2.4,22.2,23015424,102297600,38,15158.0,408468.3,0.215,False,nan,nan
2026-10-06 20:24:08,610.0,73.0,18.1,19.8,-1.7,22.2,23015424,102313984,38,15158.0,408468.3,0.215,False,nan,nan
2026-10-06 20:24:09,611.0,58.5,19.1,19.9,-0.9,22.2,23015424,102690816,39,15158.0,397995.0,0.217,False,nan,nan
2026-10-06 20:24:10,612.0,15.1,19.3,19.9,-0.6,22.2,23015424,103030784,39,15158.0,397995.0,0.217,False,49239.5,nan
2026-10-06 20:24:11,613.0,3.2,19.3,19.9,-0.5,22.2,23015424,103030784,39,15158.0,397995.0,0.217,False,nan,nan
2026-10-06 20:24:12,614.0,1.0,19.3,19.8,-0.5,22.2,23015424,103043072,39,15158.0,397995.0,0.217,False,nan,nan
2026-10-06 20:24:13,615.0,1.3,19.3,19.7,-0.4,22.2,23015424,103112704,39,15158.0,397995.0,0.217,False,nan,nan
2026-10-06 20:24:14,616.0,1.0,19.3,19.6,-0.3,22.2,23015424,103563264,39,15158.0,397995.0,0.217,False,nan,nan
2026-10-06 20:24:15,617.0,1.4,18.3,19.6,-1.2,22.2,23015424,103587840,39,15158.0,397995.0,0.217,False,nan,nan
2026-10-06 20:24:16,618.0,2.2,18.2,19.5,-1.2,22.2,23015424,103587840,39,15158.0,397995.0,0.217,False,nan,nan
2026-10-06 20:24:21,622.8,78.7,19.5,19.7,-0.2,22.2,23015424,105062400,39,15158.0,397995.0,0.219,False,nan,nan
2026-10-06 20:24:22,623.8,13.8,19.7,19.7,0.0,22.2,23015424,105066496,39,15158.0,397995.0,0.219,False,5321.0,nan
2026-10-06 20:24:23,624.8,1.6,19.7,19.6,0.1,22.2,23015424,105066496,39,15158.0,397995.0,0.219,False,nan,nan
2026-10-06 20:24:24,625.8,1.5,19.7,19.6,0.2,22.2,23015424,105594880,39,15158.0,397995.0,0.219,False,nan,nan
2026-10-06 20:24:25,626.8,1.3,19.7,19.5,0.2,22.2,23015424,105857024,39,15158.0,397995.0,0.219,False,nan,nan
2026-10-06 20:24:26,627.8,1.2,19.5,19.4,0.1,22.3,23015424,106323968,39,15158.0,397995.0,0.219,False,nan,nan
2026-10-06 20:24:27,628.8,1.3,18.3,19.3,-1.1,22.2,23015424,106323968,39,15158.0,397995.0,0.219,False,nan,nan
2026-10-06 20:24:28,629.8,19.4,18.4,19.3,-0.9,22.2,23015424,106323968,39,15158.0,397995.0,0.219,False,nan,nan
2026-10-06 20:24:30,632.5,69.9,19.6,19.5,0.0,22.0,23015424,108216320,39,15158.0,397995.0,0.221,False,nan,nan
2026-10-06 20:24:31,633.5,6.2,19.6,19.5,0.1,22.0,23015424,108216320,39,15158.0,397995.0,0.221,False,3238.6,nan
2026-10-06 20:24:32,634.5,1.3,19.6,19.4,0.2,22.0,23015424,108277760,39,15158.0,397995.0,0.221,False,nan,nan
2026-10-06 20:24:33,635.5,2.7,19.7,19.4,0.3,22.0,23015424,108822528,39,15158.0,397995.0,0.221,False,nan,nan
2026-10-06 20:24:34,636.5,1.0,19.6,19.3,0.4,22.0,23015424,109080576,39,15158.0,397995.0,0.221,False,nan,nan
2026-10-06 20:24:35,637.5,1.9,19.5,19.2,0.3,22.0,23015424,109895680,39,15158.0,397995.0,0.221,False,nan,nan
2026-10-06 20:24:36,638.5,1.2,18.2,19.1,-1.0,22.0,23015424,109903872,39,15158.0,397995.0,0.221,False,nan,nan
2026-10-06 20:24:37,639.5,35.2,17.4,19.2,-1.8,22.0,23015424,109912064,39,15158.0,397995.0,0.221,False,nan,nan
2026-10-06 20:24:41,643.4,73.3,17.4,19.4,-2.0,21.8,23015424,111509504,39,15158.0,397995.0,0.222,False,nan,nan
2026-10-06 20:24:42,644.4,7.1,16.7,19.4,-2.7,21.8,23015424,111509504,39,15158.0,397995.0,0.222,False,4690.9,nan
2026-10-06 20:24:43,645.4,1.7,16.6,19.3,-2.7,21.8,23015424,111521792,39,15158.0,397995.0,0.222,False,nan,nan
2026-10-06 20:24:44,646.4,1.1,16.6,19.2,-2.6,21.8,23015424,111521792,39,15158.0,397995.0,0.222,False,nan,nan
2026-10-06 20:24:45,647.4,1.0,16.6,19.2,-2.5,21.8,23015424,111521792,39,15158.0,397995.0,0.222,False,nan,nan
2026-10-06 20:24:46,648.4,1.1,16.6,19.1,-2.5,21.8,23015424,112635904,39,15158.0,397995.0,0.222,False,nan,nan
2026-10-06 20:24:47,649.4,1.1,16.6,19.0,-2.4,21.8,23015424,112640000,39,15158.0,397995.0,0.222,False,nan,nan
2026-10-06 20:24:48,650.4,32.8,17.1,19.1,-2.0,21.8,23015424,112640000,39,15158.0,397995.0,0.222,False,nan,nan
2026-10-06 20:25:34,695.8,80.4,18.2,19.3,-1.1,22.8,23015424,118272000,39,15158.0,397995.0,0.232,False,nan,nan
2026-10-06 20:25:35,696.8,78.5,18.1,19.5,-1.4,22.8,23015424,118272000,39,15158.0,397995.0,0.232,False,nan,nan
2026-10-06 20:25:36,697.8,70.3,18.9,19.7,-0.8,22.8,23019520,118288384,40,15158.0,388045.3,0.232,False,nan,nan
2026-10-06 20:25:37,698.8,40.9,19.6,19.8,-0.2,22.8,23019520,119463936,40,15158.0,388045.3,0.232,False,nan,nan
2026-10-06 20:25:38,699.8,4.7,19.7,19.7,-0.1,22.8,23019520,119463936,40,15158.0,388045.3,0.232,False,49456.4,nan
2026-10-06 20:25:39,700.8,1.4,19.7,19.7,0.0,22.8,23019520,119463936,40,15158.0,388045.3,0.233,False,nan,nan
2026-10-06 20:25:40,701.8,1.7,19.7,19.6,0.1,22.8,23019520,119463936,40,15158.0,388045.3,0.233,False,nan,nan
2026-10-06 20:25:41,702.8,3.0,19.7,19.5,0.2,22.8,23019520,119463936,40,15158.0,388045.3,0.233,False,nan,nan
2026-10-06 20:25:42,703.8,2.5,19.7,19.5,0.2,22.8,23019520,119537664,40,15158.0,388045.3,0.233,False,nan,nan
2026-10-06 20:25:43,704.8,1.4,18.5,19.4,-0.9,22.8,23019520,120156160,40,15158.0,388045.3,0.233,False,nan,nan
2026-10-06 20:25:44,705.8,21.2,18.7,19.4,-0.7,22.8,23019520,120631296,40,15158.0,388045.3,0.233,False,nan,nan
2026-10-06 20:25:48,710.4,79.1,20.0,19.6,0.3,22.8,23019520,122093568,40,15158.0,388045.3,0.233,False,nan,nan
2026-10-06 20:25:49,711.4,14.3,20.2,19.6,0.6,22.8,23019520,122093568,40,15158.0,388045.3,0.235,False,5261.9,nan
2026-10-06 20:25:50,712.4,1.7,20.1,19.5,0.6,22.8,23019520,122093568,40,15158.0,388045.3,0.235,False,nan,nan
2026-10-06 20:25:51,713.4,1.4,20.2,19.5,0.7,22.8,23019520,122093568,40,15158.0,388045.3,0.235,False,nan,nan
2026-10-06 20:25:52,714.4,1.8,20.2,19.4,0.7,22.8,23019520,123355136,40,15158.0,388045.3,0.235,False,nan,nan
2026-10-06 20:25:53,715.4,2.1,19.9,19.4,0.5,22.8,23019520,123355136,40,15158.0,388045.3,0.235,False,nan,nan
2026-10-06 20:25:54,716.4,2.0,18.7,19.3,-0.6,22.8,23019520,123355136,40,15158.0,388045.3,0.235,False,nan,nan
2026-10-06 20:25:55,717.4,34.7,19.1,19.4,-0.3,22.8,23019520,123355136,40,15158.0,388045.3,0.235,False,nan,nan
2026-10-06 20:25:58,719.9,71.9,20.2,19.5,0.7,22.8,23019520,125370368,40,15158.0,388045.3,0.235,False,nan,nan
2026-10-06 20:25:59,720.9,8.5,20.4,19.5,0.9,22.8,23019520,125370368,40,15158.0,388045.3,0.237,False,3295.8,nan
2026-10-06 20:26:00,721.9,1.4,20.4,19.4,0.9,22.8,23019520,125370368,40,15158.0,388045.3,0.237,False,nan,nan
2026-10-06 20:26:01,722.9,1.6,20.4,19.4,1.0,22.8,23019520,125370368,40,15158.0,388045.3,0.237,False,nan,nan
2026-10-06 20:26:02,723.9,1.3,20.4,19.3,1.0,22.8,23019520,125370368,40,15158.0,388045.3,0.237,False,nan,nan
2026-10-06 20:26:03,724.9,1.8,20.0,19.3,0.8,22.8,23019520,126586880,40,15158.0,388045.3,0.237,False,nan,nan
2026-10-06 20:26:04,725.9,1.7,18.7,19.2,-0.5,22.8,23019520,126586880,40,15158.0,388045.3,0.237,False,nan,nan
2026-10-06 20:26:05,726.9,43.3,18.1,19.3,-1.2,22.8,23019520,126603264,40,15158.0,388045.3,0.237,False,nan,nan
2026-10-06 20:26:08,730.4,74.9,18.2,19.5,-1.3,22.6,23019520,128266240,40,15158.0,388045.3,0.237,False,nan,nan
2026-10-06 20:26:09,731.4,7.8,17.3,19.5,-2.2,22.6,23019520,128266240,40,15158.0,388045.3,0.239,False,4296.4,nan
2026-10-06 20:26:10,732.4,3.4,17.1,19.5,-2.3,22.6,23019520,128266240,40,15158.0,388045.3,0.239,False,nan,nan
2026-10-06 20:26:11,733.4,1.4,17.1,19.5,-2.4,22.6,23019520,128266240,40,15158.0,388045.3,0.239,False,nan,nan
2026-10-06 20:26:12,734.4,2.9,17.1,19.5,-2.3,22.7,23019520,128315392,40,15158.0,388045.3,0.239,False,nan,nan
2026-10-06 20:26:13,735.4,1.7,17.1,19.4,-2.2,22.6,23019520,130134016,40,15158.0,388045.3,0.239,False,nan,nan
2026-10-06 20:26:14,736.4,1.4,17.2,19.2,-2.0,22.7,23019520,130134016,40,15158.0,388045.3,0.239,False,nan,nan
2026-10-06 20:26:15,737.4,44.8,17.9,19.3,-1.4,23.0,23019520,130134016,40,15158.0,388045.3,0.239,False,nan,nan
2026-10-06 20:27:00,782.6,80.6,19.2,19.5,-0.3,23.1,23019520,136761344,40,15158.0,388045.3,0.248,False,nan,nan
2026-10-06 20:27:01,783.6,73.5,19.1,19.7,-0.6,23.1,23019520,136761344,40,15158.0,388045.3,0.248,False,nan,nan
2026-10-06 20:27:02,784.6,72.7,20.1,20.0,0.1,23.1,23019520,136798208,40,15158.0,388045.3,0.248,False,nan,nan
2026-10-06 20:27:03,785.6,55.6,21.0,20.1,0.8,23.1,23019520,136876032,41,15158.0,378581.0,0.248,False,nan,nan
2026-10-06 20:27:04,786.6,6.8,21.1,20.1,0.9,23.1,23019520,137871360,41,15158.0,378581.0,0.248,False,49375.0,nan
2026-10-06 20:27:05,787.6,1.7,21.1,20.1,0.9,23.1,23019520,137871360,41,15158.0,378581.0,0.248,False,nan,nan
2026-10-06 20:27:06,788.6,1.4,21.1,20.1,1.0,23.1,23019520,137871360,41,15158.0,378581.0,0.248,False,nan,nan
2026-10-06 20:27:07,789.6,1.0,21.1,19.8,1.2,23.1,23019520,137953280,41,15158.0,378581.0,0.248,False,nan,nan
2026-10-06 20:27:08,790.6,1.3,20.8,19.5,1.2,23.1,23019520,138084352,41,15158.0,378581.0,0.249,False,nan,nan
2026-10-06 20:27:09,791.6,1.4,19.6,19.3,0.3,23.1,23019520,138641408,41,15158.0,378581.0,0.249,False,nan,nan
2026-10-06 20:27:10,792.6,37.7,20.2,19.2,1.0,23.1,23019520,138641408,41,15158.0,378581.0,0.249,False,nan,nan
2026-10-06 20:27:15,797.3,74.8,21.4,19.3,2.0,22.8,23019520,140361728,41,15158.0,378581.0,0.249,False,nan,nan
2026-10-06 20:27:16,798.3,16.9,21.6,19.4,2.2,22.7,23019520,140414976,41,15158.0,378581.0,0.249,False,5663.6,nan
2026-10-06 20:27:17,799.3,1.6,21.6,19.4,2.2,22.7,23019520,140414976,41,15158.0,378581.0,0.249,False,nan,nan
2026-10-06 20:27:18,800.3,1.6,21.6,19.4,2.2,22.7,23019520,140414976,41,15158.0,378581.0,0.249,False,nan,nan
2026-10-06 20:27:19,801.3,1.8,21.6,19.4,2.2,22.7,23019520,141836288,41,15158.0,378581.0,0.251,False,nan,nan
2026-10-06 20:27:20,802.3,1.2,21.1,19.4,1.7,22.7,23019520,141836288,41,15158.0,378581.0,0.251,False,nan,nan
2026-10-06 20:27:21,803.3,2.1,19.9,19.4,0.5,22.7,23019520,141836288,41,15158.0,378581.0,0.251,False,nan,nan
2026-10-06 20:27:22,804.4,43.4,20.5,19.5,1.0,22.7,23019520,141836288,41,15158.0,378581.0,0.251,False,nan,nan
2026-10-06 20:27:24,806.6,74.2,21.7,19.5,2.2,22.6,23019520,143740928,41,15158.0,378581.0,0.251,False,nan,nan
2026-10-06 20:27:25,807.6,6.5,21.8,19.4,2.3,22.6,23019520,143740928,41,15158.0,378581.0,0.251,False,3023.5,nan
2026-10-06 20:27:26,808.6,1.7,21.8,19.4,2.4,22.6,23019520,143740928,41,15158.0,378581.0,0.251,False,nan,nan
2026-10-06 20:27:27,809.6,1.9,21.8,19.4,2.4,22.6,23019520,143740928,41,15158.0,378581.0,0.251,False,nan,nan
2026-10-06 20:27:28,810.6,1.4,21.8,19.4,2.4,22.6,23019520,143740928,41,15158.0,378581.0,0.253,False,nan,nan
2026-10-06 20:27:29,811.6,1.6,21.3,19.4,1.9,22.6,23019520,144814080,41,15158.0,378581.0,0.253,False,nan,nan
2026-10-06 20:27:30,812.6,1.6,20.0,19.4,0.6,22.5,23019520,144814080,41,15158.0,378581.0,0.253,False,nan,nan
2026-10-06 20:27:31,813.6,55.2,19.6,19.6,-0.0,22.5,23019520,144818176,41,15158.0,378581.0,0.253,False,nan,nan
2026-10-06 20:27:35,817.1,73.7,19.6,19.7,-0.1,22.3,23019520,146714624,41,15158.0,378581.0,0.253,False,nan,nan
2026-10-06 20:27:36,818.1,9.7,19.1,19.5,-0.4,22.2,23019520,146714624,41,15158.0,378581.0,0.253,False,4633.9,nan
2026-10-06 20:27:37,819.1,2.4,19.1,19.5,-0.4,22.2,23019520,146714624,41,15158.0,378581.0,0.253,False,nan,nan
2026-10-06 20:27:38,820.1,1.3,19.1,19.5,-0.4,22.2,23019520,146714624,41,15158.0,378581.0,0.253,False,nan,nan
2026-10-06 20:27:39,821.1,1.4,19.1,19.5,-0.4,22.2,23019520,146714624,41,15158.0,378581.0,0.255,False,nan,nan
2026-10-06 20:27:40,822.1,1.3,19.1,19.5,-0.4,22.2,23019520,147853312,41,15158.0,378581.0,0.255,False,nan,nan
2026-10-06 20:27:41,823.1,2.7,19.1,19.5,-0.4,22.2,23019520,148426752,41,15158.0,378581.0,0.255,False,nan,nan
2026-10-06 20:27:42,824.1,51.6,19.9,19.7,0.2,22.2,23019520,148426752,41,15158.0,378581.0,0.255,False,nan,nan
2026-10-06 20:28:27,869.5,80.4,20.9,19.9,1.0,23.9,23019520,154738688,41,15158.0,378581.0,0.262,False,nan,nan
2026-10-06 20:28:28,870.5,74.7,20.8,20.0,0.8,23.8,23019520,154738688,41,15158.0,378581.0,0.262,False,nan,nan
2026-10-06 20:28:29,871.5,57.4,21.5,19.9,1.6,23.8,23019520,154738688,42,15158.0,369567.3,0.264,False,nan,nan
2026-10-06 20:28:30,872.5,34.2,22.1,20.0,2.1,23.8,23019520,154947584,42,15158.0,369567.3,0.264,False,49136.5,nan
2026-10-06 20:28:31,873.5,1.9,22.1,20.0,2.1,23.8,23019520,155815936,42,15158.0,369567.3,0.264,False,nan,nan
2026-10-06 20:28:32,874.5,1.7,22.1,20.0,2.1,23.8,23019520,155815936,42,15158.0,369567.3,0.264,False,nan,nan
2026-10-06 20:28:33,875.5,2.0,22.1,20.0,2.1,23.8,23019520,155815936,42,15158.0,369567.3,0.264,False,nan,nan
2026-10-06 20:28:34,876.5,1.6,22.1,20.0,2.1,23.8,23019520,155815936,42,15158.0,369567.3,0.264,False,nan,nan
2026-10-06 20:28:35,877.5,1.7,21.5,20.0,1.5,23.8,23019520,155942912,42,15158.0,369567.3,0.264,False,nan,nan
2026-10-06 20:28:36,878.5,2.8,20.4,20.0,0.4,23.8,23019520,156352512,42,15158.0,369567.3,0.264,False,nan,nan
2026-10-06 20:28:41,883.4,80.0,21.6,20.1,1.4,23.8,23019520,158314496,42,15158.0,369567.3,0.265,False,nan,nan
2026-10-06 20:28:42,884.4,11.2,21.7,19.9,1.8,23.8,23019520,158314496,42,15158.0,369567.3,0.265,False,5362.3,nan
2026-10-06 20:28:43,885.4,1.2,21.7,19.6,2.1,23.8,23019520,158314496,42,15158.0,369567.3,0.265,False,nan,nan
2026-10-06 20:28:44,886.4,1.8,21.7,19.4,2.3,23.8,23019520,158314496,42,15158.0,369567.3,0.265,False,nan,nan
2026-10-06 20:28:45,887.4,1.6,21.7,19.2,2.5,23.8,23019520,158314496,42,15158.0,369567.3,0.265,False,nan,nan
2026-10-06 20:28:46,888.4,1.3,21.7,19.2,2.5,23.8,23019520,159404032,42,15158.0,369567.3,0.265,False,nan,nan
2026-10-06 20:28:47,889.4,1.2,21.0,19.2,1.8,23.8,23019520,159404032,42,15158.0,369567.3,0.265,False,nan,nan
2026-10-06 20:28:48,890.4,58.4,20.7,19.4,1.4,23.8,23019520,159404032,42,15158.0,369567.3,0.265,False,nan,nan
2026-10-06 20:28:50,892.5,72.8,21.8,19.6,2.2,23.8,23019520,159404032,42,15158.0,369567.3,0.267,False,nan,nan
2026-10-06 20:28:51,893.5,6.7,21.9,19.6,2.3,23.8,23019520,161714176,42,15158.0,369567.3,0.267,False,3003.7,nan
2026-10-06 20:28:52,894.5,1.1,21.9,19.6,2.3,23.8,23019520,161714176,42,15158.0,369567.3,0.267,False,nan,nan
2026-10-06 20:28:53,895.5,1.2,21.8,19.6,2.2,23.8,23019520,161718272,42,15158.0,369567.3,0.267,False,nan,nan
2026-10-06 20:28:54,896.5,2.0,21.8,19.5,2.3,23.8,23019520,161718272,42,15158.0,369567.3,0.267,False,nan,nan
2026-10-06 20:28:55,897.5,1.2,21.8,19.2,2.6,23.8,23019520,162217984,42,15158.0,369567.3,0.267,False,nan,nan
2026-10-06 20:28:56,898.5,1.6,21.1,19.2,1.9,23.8,23019520,163282944,42,15158.0,369567.3,0.267,False,nan,nan
2026-10-06 20:28:57,899.5,55.2,20.7,19.4,1.3,23.8,23019520,163282944,42,15158.0,369567.3,0.267,False,nan,nan
2026-10-06 20:29:01,903.1,77.1,20.8,19.6,1.1,23.6,23019520,163426304,42,15158.0,369567.3,0.269,False,nan,nan
2026-10-06 20:29:02,904.1,4.5,19.6,19.6,-0.0,23.6,23019520,165744640,42,15158.0,369567.3,0.269,False,4794.9,nan
2026-10-06 20:29:03,905.1,1.5,18.7,19.6,-0.9,23.6,23019520,165744640,42,15158.0,369567.3,0.269,False,nan,nan
2026-10-06 20:29:04,906.1,1.3,18.6,19.6,-1.0,23.6,23019520,165744640,42,15158.0,369567.3,0.269,False,nan,nan
2026-10-06 20:29:05,907.1,1.6,18.6,19.6,-1.0,23.6,23019520,165744640,42,15158.0,369567.3,0.269,False,nan,nan
2026-10-06 20:29:06,908.1,1.4,18.6,19.5,-0.9,23.6,23019520,165744640,42,15158.0,369567.3,0.269,False,nan,nan
2026-10-06 20:29:07,909.1,1.3,18.6,19.2,-0.6,23.6,23019520,166346752,42,15158.0,369567.3,0.269,False,nan,nan
